  0
SECTION
  2
HEADER
  9
$ACADVER
  1
AC1024
  9
$ACADMAINTVER
 70
6
  9
$DWGCODEPAGE
  3
ANSI_1252
  9
$LASTSAVEDBY
  1
ezdxf
  9
$INSBASE
 10
0.0
 20
0.0
 30
0.0
  9
$EXTMIN
 10
1e+20
 20
1e+20
 30
1e+20
  9
$EXTMAX
 10
-1e+20
 20
-1e+20
 30
-1e+20
  9
$LIMMIN
 10
0.0
 20
0.0
  9
$LIMMAX
 10
420.0
 20
297.0
  9
$ORTHOMODE
 70
0
  9
$REGENMODE
 70
1
  9
$FILLMODE
 70
1
  9
$QTEXTMODE
 70
0
  9
$MIRRTEXT
 70
1
  9
$LTSCALE
 40
1.0
  9
$ATTMODE
 70
1
  9
$TEXTSIZE
 40
2.5
  9
$TRACEWID
 40
1.0
  9
$TEXTSTYLE
  7
Standard
  9
$CLAYER
  8
0
  9
$CELTYPE
  6
ByLayer
  9
$CECOLOR
 62
256
  9
$CELTSCALE
 40
1.0
  9
$DISPSILH
 70
0
  9
$DIMSCALE
 40
1.0
  9
$DIMASZ
 40
2.5
  9
$DIMEXO
 40
0.625
  9
$DIMDLI
 40
3.75
  9
$DIMRND
 40
0.0
  9
$DIMDLE
 40
0.0
  9
$DIMEXE
 40
1.25
  9
$DIMTP
 40
0.0
  9
$DIMTM
 40
0.0
  9
$DIMTXT
 40
2.5
  9
$DIMCEN
 40
2.5
  9
$DIMTSZ
 40
0.0
  9
$DIMTOL
 70
0
  9
$DIMLIM
 70
0
  9
$DIMTIH
 70
0
  9
$DIMTOH
 70
0
  9
$DIMSE1
 70
0
  9
$DIMSE2
 70
0
  9
$DIMTAD
 70
1
  9
$DIMZIN
 70
8
  9
$DIMBLK
  1

  9
$DIMASO
 70
1
  9
$DIMSHO
 70
1
  9
$DIMPOST
  1

  9
$DIMAPOST
  1

  9
$DIMALT
 70
0
  9
$DIMALTD
 70
3
  9
$DIMALTF
 40
0.03937007874
  9
$DIMLFAC
 40
1.0
  9
$DIMTOFL
 70
1
  9
$DIMTVP
 40
0.0
  9
$DIMTIX
 70
0
  9
$DIMSOXD
 70
0
  9
$DIMSAH
 70
0
  9
$DIMBLK1
  1

  9
$DIMBLK2
  1

  9
$DIMSTYLE
  2
ISO-25
  9
$DIMCLRD
 70
0
  9
$DIMCLRE
 70
0
  9
$DIMCLRT
 70
0
  9
$DIMTFAC
 40
1.0
  9
$DIMGAP
 40
0.625
  9
$DIMJUST
 70
0
  9
$DIMSD1
 70
0
  9
$DIMSD2
 70
0
  9
$DIMTOLJ
 70
0
  9
$DIMTZIN
 70
8
  9
$DIMALTZ
 70
0
  9
$DIMALTTZ
 70
0
  9
$DIMUPT
 70
0
  9
$DIMDEC
 70
2
  9
$DIMTDEC
 70
2
  9
$DIMALTU
 70
2
  9
$DIMALTTD
 70
3
  9
$DIMTXSTY
  7
Standard
  9
$DIMAUNIT
 70
0
  9
$DIMADEC
 70
0
  9
$DIMALTRND
 40
0.0
  9
$DIMAZIN
 70
0
  9
$DIMDSEP
 70
44
  9
$DIMATFIT
 70
3
  9
$DIMFRAC
 70
0
  9
$DIMLDRBLK
  1

  9
$DIMLUNIT
 70
2
  9
$DIMLWD
 70
-2
  9
$DIMLWE
 70
-2
  9
$DIMTMOVE
 70
0
  9
$DIMFXL
 40
1.0
  9
$DIMFXLON
 70
0
  9
$DIMJOGANG
 40
0.785398163397
  9
$DIMTFILL
 70
0
  9
$DIMTFILLCLR
 70
0
  9
$DIMARCSYM
 70
0
  9
$DIMLTYPE
  6

  9
$DIMLTEX1
  6

  9
$DIMLTEX2
  6

  9
$DIMTXTDIRECTION
 70
0
  9
$LUNITS
 70
2
  9
$LUPREC
 70
4
  9
$SKETCHINC
 40
1.0
  9
$FILLETRAD
 40
10.0
  9
$AUNITS
 70
0
  9
$AUPREC
 70
2
  9
$MENU
  1
.
  9
$ELEVATION
 40
0.0
  9
$PELEVATION
 40
0.0
  9
$THICKNESS
 40
0.0
  9
$LIMCHECK
 70
0
  9
$CHAMFERA
 40
0.0
  9
$CHAMFERB
 40
0.0
  9
$CHAMFERC
 40
0.0
  9
$CHAMFERD
 40
0.0
  9
$SKPOLY
 70
0
  9
$TDCREATE
 40
2461317.788611111
  9
$TDUCREATE
 40
2458532.153996898
  9
$TDUPDATE
 40
2461317.788611111
  9
$TDUUPDATE
 40
2458532.1544311
  9
$TDINDWG
 40
0.0
  9
$TDUSRTIMER
 40
0.0
  9
$USRTIMER
 70
1
  9
$ANGBASE
 50
0.0
  9
$ANGDIR
 70
0
  9
$PDMODE
 70
0
  9
$PDSIZE
 40
0.0
  9
$PLINEWID
 40
0.0
  9
$SPLFRAME
 70
0
  9
$SPLINETYPE
 70
6
  9
$SPLINESEGS
 70
8
  9
$HANDSEED
  5
98
  9
$SURFTAB1
 70
6
  9
$SURFTAB2
 70
6
  9
$SURFTYPE
 70
6
  9
$SURFU
 70
6
  9
$SURFV
 70
6
  9
$UCSBASE
  2

  9
$UCSNAME
  2

  9
$UCSORG
 10
0.0
 20
0.0
 30
0.0
  9
$UCSXDIR
 10
1.0
 20
0.0
 30
0.0
  9
$UCSYDIR
 10
0.0
 20
1.0
 30
0.0
  9
$UCSORTHOREF
  2

  9
$UCSORTHOVIEW
 70
0
  9
$UCSORGTOP
 10
0.0
 20
0.0
 30
0.0
  9
$UCSORGBOTTOM
 10
0.0
 20
0.0
 30
0.0
  9
$UCSORGLEFT
 10
0.0
 20
0.0
 30
0.0
  9
$UCSORGRIGHT
 10
0.0
 20
0.0
 30
0.0
  9
$UCSORGFRONT
 10
0.0
 20
0.0
 30
0.0
  9
$UCSORGBACK
 10
0.0
 20
0.0
 30
0.0
  9
$PUCSBASE
  2

  9
$PUCSNAME
  2

  9
$PUCSORG
 10
0.0
 20
0.0
 30
0.0
  9
$PUCSXDIR
 10
1.0
 20
0.0
 30
0.0
  9
$PUCSYDIR
 10
0.0
 20
1.0
 30
0.0
  9
$PUCSORTHOREF
  2

  9
$PUCSORTHOVIEW
 70
0
  9
$PUCSORGTOP
 10
0.0
 20
0.0
 30
0.0
  9
$PUCSORGBOTTOM
 10
0.0
 20
0.0
 30
0.0
  9
$PUCSORGLEFT
 10
0.0
 20
0.0
 30
0.0
  9
$PUCSORGRIGHT
 10
0.0
 20
0.0
 30
0.0
  9
$PUCSORGFRONT
 10
0.0
 20
0.0
 30
0.0
  9
$PUCSORGBACK
 10
0.0
 20
0.0
 30
0.0
  9
$USERI1
 70
0
  9
$USERI2
 70
0
  9
$USERI3
 70
0
  9
$USERI4
 70
0
  9
$USERI5
 70
0
  9
$USERR1
 40
0.0
  9
$USERR2
 40
0.0
  9
$USERR3
 40
0.0
  9
$USERR4
 40
0.0
  9
$USERR5
 40
0.0
  9
$WORLDVIEW
 70
1
  9
$SHADEDGE
 70
3
  9
$SHADEDIF
 70
70
  9
$TILEMODE
 70
1
  9
$MAXACTVP
 70
64
  9
$PINSBASE
 10
0.0
 20
0.0
 30
0.0
  9
$PLIMCHECK
 70
0
  9
$PEXTMIN
 10
1e+20
 20
1e+20
 30
1e+20
  9
$PEXTMAX
 10
-1e+20
 20
-1e+20
 30
-1e+20
  9
$PLIMMIN
 10
0.0
 20
0.0
  9
$PLIMMAX
 10
420.0
 20
297.0
  9
$UNITMODE
 70
0
  9
$VISRETAIN
 70
1
  9
$PLINEGEN
 70
0
  9
$PSLTSCALE
 70
1
  9
$TREEDEPTH
 70
3020
  9
$CMLSTYLE
  2
Standard
  9
$CMLJUST
 70
0
  9
$CMLSCALE
 40
20.0
  9
$PROXYGRAPHICS
 70
1
  9
$MEASUREMENT
 70
1
  9
$CELWEIGHT
370
-1
  9
$ENDCAPS
280
0
  9
$JOINSTYLE
280
0
  9
$LWDISPLAY
290
0
  9
$INSUNITS
 70
4
  9
$HYPERLINKBASE
  1

  9
$STYLESHEET
  1

  9
$XEDIT
290
1
  9
$CEPSNTYPE
380
0
  9
$PSTYLEMODE
290
1
  9
$FINGERPRINTGUID
  2
{2C9E885E-7FD3-4833-B008-641F970C4C6A}
  9
$VERSIONGUID
  2
{4217AC45-028E-4C34-A855-4483B16666A0}
  9
$EXTNAMES
290
1
  9
$PSVPSCALE
 40
0.0
  9
$OLESTARTUP
290
0
  9
$SORTENTS
280
127
  9
$INDEXCTL
280
0
  9
$HIDETEXT
280
1
  9
$XCLIPFRAME
280
1
  9
$HALOGAP
280
0
  9
$OBSCOLOR
 70
257
  9
$OBSLTYPE
280
0
  9
$INTERSECTIONDISPLAY
280
0
  9
$INTERSECTIONCOLOR
 70
257
  9
$DIMASSOC
280
2
  9
$PROJECTNAME
  1

  9
$CAMERADISPLAY
290
0
  9
$LENSLENGTH
 40
50.0
  9
$CAMERAHEIGHT
 40
0.0
  9
$STEPSPERSEC
 40
24.0
  9
$STEPSIZE
 40
100.0
  9
$3DDWFPREC
 40
2.0
  9
$PSOLWIDTH
 40
0.005
  9
$PSOLHEIGHT
 40
0.08
  9
$LOFTANG1
 40
1.570796326795
  9
$LOFTANG2
 40
1.570796326795
  9
$LOFTMAG1
 40
0.0
  9
$LOFTMAG2
 40
0.0
  9
$LOFTPARAM
 70
7
  9
$LOFTNORMALS
280
1
  9
$LATITUDE
 40
37.795
  9
$LONGITUDE
 40
-122.394
  9
$NORTHDIRECTION
 40
0.0
  9
$TIMEZONE
 70
-8000
  9
$LIGHTGLYPHDISPLAY
280
1
  9
$TILEMODELIGHTSYNCH
280
1
  9
$CMATERIAL
347
20
  9
$SOLIDHIST
280
0
  9
$SHOWHIST
280
1
  9
$DWFFRAME
280
2
  9
$DGNFRAME
280
2
  9
$REALWORLDSCALE
290
1
  9
$INTERFERECOLOR
 62
256
  9
$CSHADOW
280
0
  9
$SHADOWPLANELOCATION
 40
0.0
  0
ENDSEC
  0
SECTION
  2
CLASSES
  0
CLASS
  1
ACDBDICTIONARYWDFLT
  2
AcDbDictionaryWithDefault
  3
ObjectDBX Classes
 90
0
 91
0
280
0
281
0
  0
CLASS
  1
SUN
  2
AcDbSun
  3
SCENEOE
 90
1153
 91
0
280
0
281
0
  0
CLASS
  1
VISUALSTYLE
  2
AcDbVisualStyle
  3
ObjectDBX Classes
 90
4095
 91
0
280
0
281
0
  0
CLASS
  1
MATERIAL
  2
AcDbMaterial
  3
ObjectDBX Classes
 90
1153
 91
0
280
0
281
0
  0
CLASS
  1
SCALE
  2
AcDbScale
  3
ObjectDBX Classes
 90
1153
 91
0
280
0
281
0
  0
CLASS
  1
TABLESTYLE
  2
AcDbTableStyle
  3
ObjectDBX Classes
 90
4095
 91
0
280
0
281
0
  0
CLASS
  1
MLEADERSTYLE
  2
AcDbMLeaderStyle
  3
ACDB_MLEADERSTYLE_CLASS
 90
4095
 91
0
280
0
281
0
  0
CLASS
  1
DICTIONARYVAR
  2
AcDbDictionaryVar
  3
ObjectDBX Classes
 90
0
 91
0
280
0
281
0
  0
CLASS
  1
CELLSTYLEMAP
  2
AcDbCellStyleMap
  3
ObjectDBX Classes
 90
1152
 91
0
280
0
281
0
  0
CLASS
  1
MENTALRAYRENDERSETTINGS
  2
AcDbMentalRayRenderSettings
  3
SCENEOE
 90
1024
 91
0
280
0
281
0
  0
CLASS
  1
ACDBDETAILVIEWSTYLE
  2
AcDbDetailViewStyle
  3
ObjectDBX Classes
 90
1025
 91
0
280
0
281
0
  0
CLASS
  1
ACDBSECTIONVIEWSTYLE
  2
AcDbSectionViewStyle
  3
ObjectDBX Classes
 90
1025
 91
0
280
0
281
0
  0
CLASS
  1
RASTERVARIABLES
  2
AcDbRasterVariables
  3
ISM
 90
0
 91
0
280
0
281
0
  0
CLASS
  1
LAYOUT
  2
AcDbLayout
  3
ObjectDBX Classes
 90
0
 91
0
280
0
281
0
  0
CLASS
  1
ACDBPLACEHOLDER
  2
AcDbPlaceHolder
  3
ObjectDBX Classes
 90
0
 91
0
280
0
281
0
  0
ENDSEC
  0
SECTION
  2
TABLES
  0
TABLE
  2
VPORT
  5
8
330
0
100
AcDbSymbolTable
 70
1
  0
VPORT
  5
23
330
8
100
AcDbSymbolTableRecord
100
AcDbViewportTableRecord
  2
*Active
 70
0
 10
0.0
 20
0.0
 11
1.0
 21
1.0
 12
0.0
 22
0.0
 13
0.0
 23
0.0
 14
0.5
 24
0.5
 15
0.5
 25
0.5
 16
0.0
 26
0.0
 36
1.0
 17
0.0
 27
0.0
 37
0.0
 40
1000.0
 41
1.34
 42
50.0
 43
0.0
 44
0.0
 50
0.0
 51
0.0
 71
0
 72
1000
 73
1
 74
3
 75
0
 76
0
 77
0
 78
0
281
0
 65
0
146
0.0
  0
ENDTAB
  0
TABLE
  2
LTYPE
  5
2
330
0
100
AcDbSymbolTable
 70
3
  0
LTYPE
  5
24
330
2
100
AcDbSymbolTableRecord
100
AcDbLinetypeTableRecord
  2
ByBlock
 70
0
  3

 72
65
 73
0
 40
0.0
  0
LTYPE
  5
25
330
2
100
AcDbSymbolTableRecord
100
AcDbLinetypeTableRecord
  2
ByLayer
 70
0
  3

 72
65
 73
0
 40
0.0
  0
LTYPE
  5
26
330
2
100
AcDbSymbolTableRecord
100
AcDbLinetypeTableRecord
  2
Continuous
 70
0
  3

 72
65
 73
0
 40
0.0
  0
ENDTAB
  0
TABLE
  2
LAYER
  5
1
330
0
100
AcDbSymbolTable
 70
5
  0
LAYER
  5
27
330
1
100
AcDbSymbolTableRecord
100
AcDbLayerTableRecord
  2
0
 70
0
 62
7
  6
Continuous
370
-3
390
13
347
21
  0
LAYER
  5
28
330
1
100
AcDbSymbolTableRecord
100
AcDbLayerTableRecord
  2
Defpoints
 70
0
 62
7
  6
Continuous
290
0
370
-3
390
13
347
21
  0
LAYER
  5
2F
330
1
100
AcDbSymbolTableRecord
100
AcDbLayerTableRecord
  2
OUTLINE
 70
0
 62
7
  6
Continuous
370
-3
390
13
347
21
  0
LAYER
  5
30
330
1
100
AcDbSymbolTableRecord
100
AcDbLayerTableRecord
  2
CUTOUTS
 70
0
 62
1
  6
Continuous
370
-3
390
13
347
21
  0
LAYER
  5
31
330
1
100
AcDbSymbolTableRecord
100
AcDbLayerTableRecord
  2
FLEX
 70
0
 62
3
  6
Continuous
370
-3
390
13
347
21
  0
ENDTAB
  0
TABLE
  2
STYLE
  5
5
330
0
100
AcDbSymbolTable
 70
1
  0
STYLE
  5
29
330
5
100
AcDbSymbolTableRecord
100
AcDbTextStyleTableRecord
  2
Standard
 70
0
 40
0.0
 41
1.0
 50
0.0
 71
0
 42
2.5
  3
txt
  4

  0
ENDTAB
  0
TABLE
  2
VIEW
  5
7
330
0
100
AcDbSymbolTable
 70
0
  0
ENDTAB
  0
TABLE
  2
UCS
  5
6
330
0
100
AcDbSymbolTable
 70
0
  0
ENDTAB
  0
TABLE
  2
APPID
  5
3
330
0
100
AcDbSymbolTable
 70
3
  0
APPID
  5
2A
330
3
100
AcDbSymbolTableRecord
100
AcDbRegAppTableRecord
  2
ACAD
 70
0
  0
APPID
  5
95
330
3
100
AcDbSymbolTableRecord
100
AcDbRegAppTableRecord
  2
HATCHBACKGROUNDCOLOR
 70
0
  0
APPID
  5
96
330
3
100
AcDbSymbolTableRecord
100
AcDbRegAppTableRecord
  2
EZDXF
 70
0
  0
ENDTAB
  0
TABLE
  2
DIMSTYLE
  5
4
330
0
100
AcDbSymbolTable
 70
1
100
AcDbDimStyleTable
  0
DIMSTYLE
105
2B
330
4
100
AcDbSymbolTableRecord
100
AcDbDimStyleTableRecord
  2
Standard
 70
0
 40
1.0
 41
2.5
 42
0.625
 43
3.75
 44
1.25
 45
0.0
 46
0.0
 47
0.0
 48
0.0
 49
2.5
140
2.5
141
2.5
142
0.0
143
0.03937007874
144
1.0
145
0.0
146
1.0
147
0.625
148
0.0
 69
0
 70
0
 71
0
 72
0
 73
0
 74
0
 75
0
 76
0
 77
1
 78
8
 79
3
170
0
171
3
172
1
173
0
174
0
175
0
176
0
177
0
178
0
179
2
271
2
272
2
273
2
274
3
275
0
276
0
277
2
278
44
279
0
280
0
281
0
282
0
283
0
284
8
285
0
286
0
288
0
289
3
290
0
371
-2
372
-2
  0
ENDTAB
  0
TABLE
  2
BLOCK_RECORD
  5
9
330
0
100
AcDbSymbolTable
 70
2
  0
BLOCK_RECORD
  5
17
330
9
100
AcDbSymbolTableRecord
100
AcDbBlockTableRecord
  2
*Model_Space
340
1A
 70
0
280
1
281
0
  0
BLOCK_RECORD
  5
1B
330
9
100
AcDbSymbolTableRecord
100
AcDbBlockTableRecord
  2
*Paper_Space
340
1E
 70
0
280
1
281
0
  0
ENDTAB
  0
ENDSEC
  0
SECTION
  2
BLOCKS
  0
BLOCK
  5
18
330
17
100
AcDbEntity
  8
0
100
AcDbBlockBegin
  2
*Model_Space
 70
0
 10
0.0
 20
0.0
 30
0.0
  3
*Model_Space
  1

  0
ENDBLK
  5
19
330
17
100
AcDbEntity
  8
0
100
AcDbBlockEnd
  0
BLOCK
  5
1C
330
1B
100
AcDbEntity
  8
0
100
AcDbBlockBegin
  2
*Paper_Space
 70
0
 10
0.0
 20
0.0
 30
0.0
  3
*Paper_Space
  1

  0
ENDBLK
  5
1D
330
1B
100
AcDbEntity
  8
0
100
AcDbBlockEnd
  0
ENDSEC
  0
SECTION
  2
ENTITIES
  0
LWPOLYLINE
  5
32
330
17
100
AcDbEntity
  8
OUTLINE
100
AcDbPolyline
 90
1312
 70
1
 10
-5.497858923238604
 20
76.35915312923015
 10
-5.49144486137381
 20
76.42427619222005
 10
-5.48078528040323
 20
76.48884032201613
 10
-5.465925826289068
 20
76.55256904510253
 10
-5.446930129495105
 20
76.61518946530316
 10
-5.423879532511287
 20
76.67643343236509
 10
-5.396872741532688
 20
76.736038690219
 10
-5.366025403784438
 20
76.79375
 10
-5.331469612302545
 20
76.84932023301961
 10
-5.293353340291235
 20
76.90251142900873
 10
-5.251839807478977
 20
76.95309581510007
 10
-5.207106781186548
 20
77.00085678118656
 10
-5.159345815100069
 20
77.04558980747898
 10
-5.10876142900872
 20
77.08710334029124
 10
-5.055570233019602
 20
77.12521961230254
 10
-5.0
 20
77.15977540378444
 10
-4.9422886902190015
 20
77.19062274153269
 10
-4.88268343236509
 20
77.2176295325113
 10
-4.821439465303161
 20
77.2406801294951
 10
-4.758819045102521
 20
77.25967582628907
 10
-4.695090322016128
 20
77.27453528040323
 10
-4.630526192220052
 20
77.28519486137381
 10
-4.565403129230143
 20
77.29160892323861
 10
-4.5
 20
77.29375
 10
-1.0081814134038904
 20
77.29375
 10
-0.9918229670272716
 20
77.29401768834276
 10
-0.9509520314563455
 20
77.29535566423776
 10
-0.91831174539227
 20
77.29749502161368
 10
-0.8857589331575223
 20
77.3007011937739
 10
-0.853328453118301
 20
77.30497074746903
 10
-0.82105503264555
 20
77.31029911075393
 10
-0.7889732309256657
 20
77.31668057788383
 10
-0.7571174019557363
 20
77.32410831542387
 10
-0.7255216577553473
 20
77.33257436956663
 10
-0.6942198318388784
 20
77.34206967464924
 10
-0.6632454429854701
 20
77.35258406286121
 10
-0.6326316593462372
 20
77.36410627513241
 10
-0.6024112629281481
 20
77.37662397318907
 10
-0.5726166144879398
 20
77.39012375276687
 10
-0.5432796188816699
 20
77.40459115796361
 10
-0.5144316908992645
 20
77.42001069671932
 10
-0.4861037216242416
 20
77.43636585740585
 10
-0.4583260453562073
 20
77.45363912650716
 10
-0.4311284071257489
 20
77.4718120073746
 10
-0.40453993084580975
 20
77.49086504003172
 10
-0.3785890881226689
 20
77.51077782201399
 10
-0.3533036677685035
 20
77.53152903021584
 10
-0.3287107460449448
 20
77.55309644372363
 10
-0.3048366576685899
 20
77.5754569676107
 10
-0.28170696761075925
 20
77.59858665766853
 10
-0.2593464437236765
 20
77.6224607460449
 10
-0.23777903021578287
 20
77.64705366776857
 10
-0.21702782201390683
 20
77.67233908812277
 10
-0.19711504003169816
 20
77.69828993084583
 10
-0.1780620073745548
 20
77.72487840712579
 10
-0.15988912650728873
 20
77.75207604535598
 10
-0.14261585740577157
 20
77.77985372162435
 10
-0.12626069671925702
 20
77.80818169089936
 10
-0.11084115796361535
 20
77.83702961888164
 10
-0.09637375276688476
 20
77.86636661448792
 10
-0.08287397318908134
 20
77.89616126292813
 10
-0.07035627513240861
 20
77.92638165934625
 10
-0.05883406286122091
 20
77.95699544298546
 10
-0.04831967464923685
 20
77.98796983183888
 10
-0.038824369566608015
 20
78.01927165775538
 10
-0.030358315423848037
 20
78.0508674019558
 10
-0.022930577883849806
 20
78.08272323092557
 10
-0.01654911075393995
 20
78.11480503264548
 10
-0.011220747469018294
 20
78.14707845311837
 10
-0.006951193773907538
 20
78.1795089331575
 10
-0.003745021613675791
 20
78.21206174539233
 10
-0.001605664237762238
 20
78.24470203145631
 10
-0.0002676883427581753
 20
78.28557296702739
 10
0.0
 20
78.3019314134038
 10
0.0
 20
133.57113717319243
 10
0.000535484264704511
 20
133.60385844740372
 10
0.0010543111041396713
 20
133.61970590531377
 10
0.00533520464894055
 20
133.6850129847753
 10
0.013878808684090527
 20
133.74990017540202
 10
0.026648528042894637
 20
133.81408954325087
 10
0.04358966566698497
 20
133.8773061433915
 10
0.06462965689245614
 20
133.93927919758903
 10
0.08967838026904085
 20
133.99974325413953
 10
0.11862854358098518
 20
134.05843932489003
 10
0.15135614341615955
 20
134.11511599457313
 10
0.1877209963149179
 20
134.1695304977041
 10
0.22756733922361383
 20
134.22144975842824
 10
0.27072449668082366
 20
134.27065138886414
 10
0.31700761187849213
 20
134.31692464166676
 10
0.3662184384666193
 20
134.36007131273016
 10
0.41814618970991524
 20
134.399906590163
 10
0.4725684413591962
 20
134.4362598459011
 10
0.5292520843702208
 20
134.46897536656542
 10
0.5879543233891407
 20
134.49791302043548
 10
0.6484237167277144
 20
134.52294885768134
 10
0.7104012533737216
 20
134.543975641283
 10
0.7736214624233652
 20
134.5609033063629
 10
0.8378135501835925
 20
134.57365934596464
 10
0.9027025600737375
 20
134.5821891216249
 10
0.9680105503582254
 20
134.58645609740864
 10
0.9838567403952293
 20
134.5869715021443
 10
1.0163650176558061
 20
134.58750003583813
 10
46.99181858698615
 20
134.58750000000637
 10
47.00817703297256
 20
134.58776768834275
 10
47.04904796854322
 20
134.58910566423776
 10
47.08168825460806
 20
134.59124502161373
 10
47.11424106684242
 20
134.5944511937739
 10
47.14667154688175
 20
134.59872074746903
 10
47.17894496735468
 20
134.60404911075395
 10
47.21102676907422
 20
134.6104305778838
 10
47.24288259804442
 20
134.61785831542392
 10
47.27447834224433
 20
134.62632436956653
 10
47.30578016816099
 20
134.63581967464918
 10
47.336754557014665
 20
134.64633406286126
 10
47.367368340654224
 20
134.6578562751326
 10
47.39758873707155
 20
134.67037397318896
 10
47.42738338551234
 20
134.683873752767
 10
47.456720381117854
 20
134.69834115796334
 10
47.4855683091009
 20
134.7137606967194
 10
47.513896278375654
 20
134.73011585740576
 10
47.541673954644146
 20
134.74738912650736
 10
47.568871592874025
 20
134.76556200737443
 10
47.59546006915403
 20
134.78461504003158
 10
47.621410911877405
 20
134.80452782201405
 10
47.64669633223149
 20
134.82527903021585
 10
47.67128925395496
 20
134.84684644372354
 10
47.69516334233154
 20
134.86920696761084
 10
47.71829303238924
 20
134.89233665766855
 10
47.74065355627642
 20
134.91621074604498
 10
47.76222096978419
 20
134.94080366776853
 10
47.78297217798605
 20
134.96608908812271
 10
47.80288495996835
 20
134.99203993084592
 10
47.82193799262544
 20
135.0186284071258
 10
47.84011087349259
 20
135.0458260453558
 10
47.85738414259429
 20
135.07360372162444
 10
47.87373930328069
 20
135.10193169089928
 10
47.88915884203656
 20
135.13077961888197
 10
47.90362624723303
 20
135.16011661448772
 10
47.91712602681084
 20
135.18991126292795
 10
47.92964372486767
 20
135.22013165934644
 10
47.94116593713877
 20
135.25074544298542
 10
47.95168032535074
 20
135.2817198318388
 10
47.961175630433466
 20
135.31302165775566
 10
47.96964168457609
 20
135.34461740195556
 10
47.97706942211615
 20
135.37647323092557
 10
47.98345088924605
 20
135.40855503264538
 10
47.988779252530996
 20
135.44082845311846
 10
47.99304880622609
 20
135.4732589331575
 10
47.996254978386325
 20
135.50581174539238
 10
47.998394335762235
 20
135.53845203145622
 10
47.99973231165724
 20
135.57932296702745
 10
48.0
 20
135.59568141340384
 10
48.0
 20
139.0875
 10
48.0021410767614
 20
139.15290312923014
 10
48.00855513862619
 20
139.21802619222007
 10
48.01921471959677
 20
139.28259032201615
 10
48.034074173710934
 20
139.34631904510252
 10
48.05306987050489
 20
139.40893946530318
 10
48.076120467488714
 20
139.4701834323651
 10
48.10312725846731
 20
139.529788690219
 10
48.13397459621556
 20
139.5875
 10
48.16853038769745
 20
139.6430702330196
 10
48.20664665970877
 20
139.69626142900873
 10
48.24816019252102
 20
139.74684581510007
 10
48.292893218813454
 20
139.79460678118656
 10
48.34065418489993
 20
139.83933980747898
 10
48.39123857099128
 20
139.88085334029125
 10
48.4444297669804
 20
139.91896961230256
 10
48.5
 20
139.95352540378445
 10
48.557711309781
 20
139.9843727415327
 10
48.61731656763491
 20
140.01137953251128
 10
48.678560534696835
 20
140.03443012949512
 10
48.74118095489748
 20
140.05342582628907
 10
48.80490967798387
 20
140.06828528040324
 10
48.86947380777995
 20
140.07894486137383
 10
48.93459687076986
 20
140.0853589232386
 10
49.0
 20
140.0875
 10
67.0
 20
140.0875
 10
67.06540312923015
 20
140.0853589232386
 10
67.13052619222005
 20
140.07894486137383
 10
67.19509032201613
 20
140.06828528040324
 10
67.25881904510253
 20
140.05342582628907
 10
67.32143946530316
 20
140.03443012949512
 10
67.38268343236508
 20
140.01137953251128
 10
67.442288690219
 20
139.9843727415327
 10
67.5
 20
139.95352540378445
 10
67.55557023301961
 20
139.91896961230256
 10
67.60876142900872
 20
139.88085334029125
 10
67.65934581510007
 20
139.83933980747898
 10
67.70710678118655
 20
139.79460678118656
 10
67.75183980747897
 20
139.74684581510007
 10
67.79335334029123
 20
139.69626142900873
 10
67.83146961230254
 20
139.6430702330196
 10
67.86602540378443
 20
139.5875
 10
67.89687274153269
 20
139.529788690219
 10
67.9238795325113
 20
139.4701834323651
 10
67.9469301294951
 20
139.40893946530318
 10
67.96592582628907
 20
139.34631904510252
 10
67.98078528040323
 20
139.28259032201615
 10
67.99144486137381
 20
139.21802619222007
 10
67.99785892323861
 20
139.15290312923014
 10
68.0
 20
139.0875
 10
68.0
 20
135.59568141340392
 10
68.00026768834276
 20
135.57932296702725
 10
68.00160566423776
 20
135.5384520314564
 10
68.00374502161368
 20
135.50581174539224
 10
68.0069511937739
 20
135.47325893315755
 10
68.01122074746901
 20
135.44082845311843
 10
68.01654911075397
 20
135.4085550326453
 10
68.02293057788386
 20
135.3764732309256
 10
68.03035831542385
 20
135.34461740195582
 10
68.03882436956657
 20
135.3130216577555
 10
68.04831967464932
 20
135.28171983183861
 10
68.05883406286111
 20
135.25074544298573
 10
68.07035627513244
 20
135.22013165934612
 10
68.08287397318908
 20
135.18991126292812
 10
68.09637375276701
 20
135.16011661448763
 10
68.1108411579634
 20
135.13077961888206
 10
68.12626069671946
 20
135.101931690899
 10
68.14261585740563
 20
135.0736037216246
 10
68.15988912650735
 20
135.04582604535588
 10
68.17806200737452
 20
135.01862840712585
 10
68.19711504003182
 20
134.99203993084566
 10
68.21702782201369
 20
134.96608908812303
 10
68.23777903021588
 20
134.94080366776845
 10
68.25934644372369
 20
134.91621074604487
 10
68.28170696761052
 20
134.8923366576688
 10
68.3048366576689
 20
134.8692069676104
 10
68.32871074604464
 20
134.8468464437239
 10
68.35330366776877
 20
134.82527903021563
 10
68.3785890881224
 20
134.8045278220142
 10
68.40453993084601
 20
134.78461504003155
 10
68.43112840712583
 20
134.7655620073745
 10
68.45832604535615
 20
134.7473891265072
 10
68.4861037216243
 20
134.7301158574058
 10
68.51443169089917
 20
134.71376069671936
 10
68.5432796188821
 20
134.69834115796337
 10
68.57261661448752
 20
134.68387375276708
 10
68.60241126292847
 20
134.67037397318893
 10
68.63263165934592
 20
134.65785627513253
 10
68.66324544298561
 20
134.64633406286117
 10
68.6942198318389
 20
134.63581967464924
 10
68.72552165775542
 20
134.6263243695666
 10
68.75711740195574
 20
134.61785831542386
 10
68.78897323092552
 20
134.61043057788385
 10
68.82105503264553
 20
134.60404911075392
 10
68.85332845311792
 20
134.5987207474691
 10
68.88575893315786
 20
134.59445119377386
 10
68.91831174539202
 20
134.5912450216137
 10
68.95095203145672
 20
134.58910566423776
 10
68.99182296702743
 20
134.58776768834275
 10
69.0081814134035
 20
134.5875
 10
156.2980685865965
 20
134.5875
 10
156.31442703297256
 20
134.58776768834275
 10
156.3552979685431
 20
134.58910566423776
 10
156.38793825460823
 20
134.59124502161373
 10
156.4204910668424
 20
134.5944511937739
 10
156.4529215468818
 20
134.59872074746903
 10
156.48519496735454
 20
134.60404911075395
 10
156.5172767690741
 20
134.61043057788376
 10
156.54913259804428
 20
134.61785831542386
 10
156.5807283422449
 20
134.6263243695667
 10
156.61203016816074
 20
134.63581967464913
 10
156.6430045570147
 20
134.64633406286129
 10
156.67361834065386
 20
134.65785627513245
 10
156.70383873707195
 20
134.67037397318913
 10
156.73363338551184
 20
134.68387375276677
 10
156.76297038111846
 20
134.69834115796368
 10
156.79181830910045
 20
134.71376069671916
 10
156.8201462783759
 20
134.7301158574059
 10
156.84792395464382
 20
134.74738912650713
 10
156.87512159287434
 20
134.76556200737463
 10
156.901710069154
 20
134.78461504003155
 10
156.9276609118776
 20
134.8045278220142
 10
156.95294633223125
 20
134.82527903021563
 10
156.97753925395537
 20
134.8468464437239
 10
157.00141334233106
 20
134.86920696761038
 10
157.02454303238963
 20
134.89233665766895
 10
157.0469035562761
 20
134.91621074604464
 10
157.06847096978439
 20
134.94080366776876
 10
157.08922217798582
 20
134.9660890881224
 10
157.10913495996846
 20
134.992039930846
 10
157.12818799262539
 20
135.01862840712568
 10
157.14636087349288
 20
135.0458260453562
 10
157.1636341425941
 20
135.07360372162412
 10
157.17998930328085
 20
135.10193169089956
 10
157.19540884203633
 20
135.13077961888155
 10
157.20987624723324
 20
135.16011661448817
 10
157.22337602681088
 20
135.18991126292806
 10
157.23589372486757
 20
135.22013165934615
 10
157.24741593713873
 20
135.2507454429853
 10
157.25793032535088
 20
135.28171983183927
 10
157.2674256304333
 20
135.31302165775512
 10
157.27589168457615
 20
135.34461740195573
 10
157.28331942211625
 20
135.3764732309259
 10
157.28970088924606
 20
135.40855503264547
 10
157.29502925253098
 20
135.4408284531182
 10
157.29929880622612
 20
135.4732589331576
 10
157.30250497838628
 20
135.50581174539178
 10
157.30464433576225
 20
135.5384520314569
 10
157.30598231165726
 20
135.57932296702745
 10
157.30625
 20
135.59568141340353
 10
157.30625
 20
139.0875
 10
157.3083910767614
 20
139.15290312923014
 10
157.31480513862618
 20
139.21802619222007
 10
157.32546471959677
 20
139.28259032201615
 10
157.34032417371094
 20
139.34631904510252
 10
157.3593198705049
 20
139.40893946530318
 10
157.38237046748873
 20
139.4701834323651
 10
157.40937725846732
 20
139.529788690219
 10
157.44022459621556
 20
139.5875
 10
157.47478038769745
 20
139.6430702330196
 10
157.51289665970876
 20
139.69626142900873
 10
157.55441019252103
 20
139.74684581510007
 10
157.59914321881345
 20
139.79460678118656
 10
157.64690418489994
 20
139.83933980747898
 10
157.69748857099128
 20
139.88085334029125
 10
157.7506797669804
 20
139.91896961230256
 10
157.80625
 20
139.95352540378445
 10
157.86396130978102
 20
139.9843727415327
 10
157.9235665676349
 20
140.01137953251128
 10
157.98481053469683
 20
140.03443012949512
 10
158.0474309548975
 20
140.05342582628907
 10
158.11115967798386
 20
140.06828528040324
 10
158.17572380777995
 20
140.07894486137383
 10
158.24084687076987
 20
140.0853589232386
 10
158.30625
 20
140.0875
 10
176.30625
 20
140.0875
 10
176.37165312923014
 20
140.0853589232386
 10
176.43677619222007
 20
140.07894486137383
 10
176.50134032201615
 20
140.06828528040324
 10
176.56506904510252
 20
140.05342582628907
 10
176.62768946530318
 20
140.03443012949512
 10
176.6889334323651
 20
140.01137953251128
 10
176.748538690219
 20
139.9843727415327
 10
176.80625
 20
139.95352540378445
 10
176.8618202330196
 20
139.91896961230256
 10
176.91501142900873
 20
139.88085334029125
 10
176.96559581510007
 20
139.83933980747898
 10
177.01335678118656
 20
139.79460678118656
 10
177.05808980747898
 20
139.74684581510007
 10
177.09960334029125
 20
139.69626142900873
 10
177.13771961230256
 20
139.6430702330196
 10
177.17227540378445
 20
139.5875
 10
177.2031227415327
 20
139.529788690219
 10
177.23012953251128
 20
139.4701834323651
 10
177.25318012949512
 20
139.40893946530318
 10
177.27217582628907
 20
139.34631904510252
 10
177.28703528040324
 20
139.28259032201615
 10
177.29769486137383
 20
139.21802619222007
 10
177.3041089232386
 20
139.15290312923014
 10
177.30625
 20
139.0875
 10
177.30625
 20
135.59568141340353
 10
177.30651768834275
 20
135.57932296702745
 10
177.30785566423776
 20
135.5384520314569
 10
177.30999502161373
 20
135.50581174539178
 10
177.3132011937739
 20
135.4732589331576
 10
177.31747074746903
 20
135.4408284531182
 10
177.32279911075395
 20
135.40855503264547
 10
177.32918057788376
 20
135.3764732309259
 10
177.33660831542386
 20
135.34461740195573
 10
177.3450743695667
 20
135.31302165775512
 10
177.35456967464913
 20
135.28171983183927
 10
177.36508406286129
 20
135.2507454429853
 10
177.37660627513245
 20
135.22013165934615
 10
177.38912397318913
 20
135.18991126292806
 10
177.40262375276677
 20
135.16011661448817
 10
177.41709115796368
 20
135.13077961888155
 10
177.43251069671916
 20
135.10193169089956
 10
177.4488658574059
 20
135.07360372162412
 10
177.46613912650713
 20
135.0458260453562
 10
177.48431200737463
 20
135.01862840712568
 10
177.50336504003155
 20
134.992039930846
 10
177.5232778220142
 20
134.9660890881224
 10
177.54402903021563
 20
134.94080366776876
 10
177.5655964437239
 20
134.91621074604464
 10
177.58795696761038
 20
134.89233665766895
 10
177.61108665766895
 20
134.86920696761038
 10
177.63496074604464
 20
134.8468464437239
 10
177.65955366776876
 20
134.82527903021563
 10
177.6848390881224
 20
134.8045278220142
 10
177.710789930846
 20
134.78461504003155
 10
177.73737840712568
 20
134.76556200737463
 10
177.7645760453562
 20
134.74738912650713
 10
177.79235372162412
 20
134.7301158574059
 10
177.82068169089956
 20
134.71376069671916
 10
177.84952961888155
 20
134.69834115796368
 10
177.87886661448817
 20
134.68387375276677
 10
177.90866126292806
 20
134.67037397318913
 10
177.93888165934615
 20
134.65785627513245
 10
177.9694954429853
 20
134.64633406286129
 10
178.00046983183927
 20
134.63581967464913
 10
178.03177165775512
 20
134.6263243695667
 10
178.06336740195573
 20
134.61785831542386
 10
178.0952232309259
 20
134.61043057788376
 10
178.12730503264547
 20
134.60404911075395
 10
178.1595784531182
 20
134.59872074746903
 10
178.1920089331576
 20
134.5944511937739
 10
178.22456174539178
 20
134.59124502161373
 10
178.2572020314569
 20
134.58910566423776
 10
178.29807296702745
 20
134.58776768834275
 10
178.31443141340353
 20
134.5875
 10
265.6043185865965
 20
134.5875
 10
265.62067703297265
 20
134.58776768834275
 10
265.66154796854335
 20
134.58910566423776
 10
265.69418825460787
 20
134.5912450216137
 10
265.72674106684235
 20
134.5944511937739
 10
265.75917154688165
 20
134.59872074746903
 10
265.7914449673544
 20
134.6040491107539
 10
265.8235267690749
 20
134.61043057788396
 10
265.8553825980442
 20
134.61785831542383
 10
265.8869783422446
 20
134.6263243695666
 10
265.9182801681608
 20
134.63581967464913
 10
265.9492545570148
 20
134.6463340628613
 10
265.9798683406538
 20
134.65785627513245
 10
266.01008873707207
 20
134.6703739731892
 10
266.03988338551176
 20
134.68387375276671
 10
266.0692203811187
 20
134.69834115796382
 10
266.0980683091008
 20
134.71376069671933
 10
266.1263962783753
 20
134.73011585740556
 10
266.15417395464425
 20
134.74738912650741
 10
266.181371592874
 20
134.7655620073744
 10
266.20796006915464
 20
134.78461504003204
 10
266.23391091187716
 20
134.8045278220138
 10
266.25919633223083
 20
134.82527903021526
 10
266.2837892539558
 20
134.84684644372427
 10
266.3076633423315
 20
134.86920696761078
 10
266.3307930323889
 20
134.89233665766818
 10
266.3531535562765
 20
134.916210746045
 10
266.37472096978416
 20
134.94080366776848
 10
266.39547217798656
 20
134.96608908812337
 10
266.4153849599678
 20
134.99203993084512
 10
266.4344379926252
 20
135.01862840712542
 10
266.45261087349337
 20
135.04582604535702
 10
266.4698841425943
 20
135.07360372162452
 10
266.4862393032802
 20
135.10193169089834
 10
266.5016588420367
 20
135.13077961888231
 10
266.516126247233
 20
135.1601166144876
 10
266.5296260268105
 20
135.18991126292718
 10
266.5421437248681
 20
135.22013165934752
 10
266.55366593713853
 20
135.25074544298468
 10
266.56418032535095
 20
135.28171983183944
 10
266.57367563043323
 20
135.31302165775472
 10
266.58214168457636
 20
135.34461740195653
 10
266.5895694221162
 20
135.37647323092568
 10
266.59595088924596
 20
135.40855503264495
 10
266.6012792525312
 20
135.44082845311948
 10
266.605548806226
 20
135.47325893315693
 10
266.60875497838634
 20
135.50581174539255
 10
266.6108943357622
 20
135.5384520314555
 10
266.6122323116573
 20
135.57932296702788
 10
266.6125
 20
135.59568141340395
 10
266.6125
 20
139.0875
 10
266.6146410767614
 20
139.15290312923014
 10
266.6210551386262
 20
139.21802619222007
 10
266.6317147195968
 20
139.28259032201615
 10
266.6465741737109
 20
139.34631904510252
 10
266.6655698705049
 20
139.40893946530318
 10
266.6886204674887
 20
139.4701834323651
 10
266.71562725846735
 20
139.529788690219
 10
266.7464745962156
 20
139.5875
 10
266.78103038769746
 20
139.6430702330196
 10
266.8191466597088
 20
139.69626142900873
 10
266.86066019252104
 20
139.74684581510007
 10
266.90539321881346
 20
139.79460678118656
 10
266.9531541848999
 20
139.83933980747898
 10
267.0037385709913
 20
139.88085334029125
 10
267.05692976698043
 20
139.91896961230256
 10
267.1125
 20
139.95352540378445
 10
267.170211309781
 20
139.9843727415327
 10
267.22981656763494
 20
140.01137953251128
 10
267.29106053469684
 20
140.03443012949512
 10
267.35368095489747
 20
140.05342582628907
 10
267.41740967798387
 20
140.06828528040324
 10
267.48197380778
 20
140.07894486137383
 10
267.54709687076985
 20
140.0853589232386
 10
267.6125
 20
140.0875
 10
285.6125
 20
140.0875
 10
285.6779031292302
 20
140.0853589232386
 10
285.74302619222004
 20
140.07894486137383
 10
285.80759032201615
 20
140.06828528040324
 10
285.87131904510255
 20
140.05342582628907
 10
285.9339394653032
 20
140.03443012949512
 10
285.9951834323651
 20
140.01137953251128
 10
286.054788690219
 20
139.9843727415327
 10
286.1125
 20
139.95352540378445
 10
286.1680702330196
 20
139.91896961230256
 10
286.22126142900873
 20
139.88085334029125
 10
286.2718458151001
 20
139.83933980747898
 10
286.31960678118656
 20
139.79460678118656
 10
286.364339807479
 20
139.74684581510007
 10
286.40585334029123
 20
139.69626142900873
 10
286.44396961230257
 20
139.6430702330196
 10
286.47852540378443
 20
139.5875
 10
286.5093727415327
 20
139.529788690219
 10
286.5363795325113
 20
139.4701834323651
 10
286.5594301294951
 20
139.40893946530318
 10
286.5784258262891
 20
139.34631904510252
 10
286.5932852804032
 20
139.28259032201615
 10
286.6039448613738
 20
139.21802619222007
 10
286.6103589232386
 20
139.15290312923014
 10
286.6125
 20
139.0875
 10
286.6125
 20
135.59568141340395
 10
286.61276768834273
 20
135.57932296702788
 10
286.6141056642378
 20
135.5384520314555
 10
286.6162450216137
 20
135.50581174539255
 10
286.619451193774
 20
135.47325893315693
 10
286.62372074746884
 20
135.44082845311948
 10
286.62904911075407
 20
135.40855503264495
 10
286.6354305778838
 20
135.37647323092568
 10
286.64285831542367
 20
135.34461740195653
 10
286.6513243695668
 20
135.31302165775472
 10
286.6608196746491
 20
135.28171983183944
 10
286.6713340628615
 20
135.25074544298468
 10
286.68285627513194
 20
135.22013165934752
 10
286.69537397318953
 20
135.18991126292718
 10
286.70887375276703
 20
135.1601166144876
 10
286.7233411579633
 20
135.13077961888231
 10
286.73876069671985
 20
135.10193169089834
 10
286.7551158574057
 20
135.07360372162452
 10
286.77238912650665
 20
135.04582604535702
 10
286.79056200737483
 20
135.01862840712542
 10
286.8096150400322
 20
134.99203993084512
 10
286.82952782201346
 20
134.96608908812337
 10
286.85027903021586
 20
134.94080366776848
 10
286.87184644372354
 20
134.916210746045
 10
286.8942069676111
 20
134.89233665766818
 10
286.9173366576685
 20
134.86920696761078
 10
286.94121074604425
 20
134.84684644372427
 10
286.9658036677692
 20
134.82527903021526
 10
286.99108908812286
 20
134.8045278220138
 10
287.0170399308454
 20
134.78461504003204
 10
287.04362840712605
 20
134.7655620073744
 10
287.0708260453558
 20
134.74738912650741
 10
287.0986037216247
 20
134.73011585740556
 10
287.1269316908992
 20
134.71376069671933
 10
287.1557796188813
 20
134.69834115796382
 10
287.18511661448827
 20
134.68387375276671
 10
287.21491126292796
 20
134.6703739731892
 10
287.2451316593462
 20
134.65785627513245
 10
287.2757454429852
 20
134.6463340628613
 10
287.30671983183925
 20
134.63581967464913
 10
287.3380216577554
 20
134.6263243695666
 10
287.36961740195585
 20
134.61785831542383
 10
287.40147323092515
 20
134.61043057788396
 10
287.43355503264564
 20
134.6040491107539
 10
287.4658284531184
 20
134.59872074746903
 10
287.4982589331577
 20
134.5944511937739
 10
287.53081174539216
 20
134.5912450216137
 10
287.5634520314567
 20
134.58910566423776
 10
287.6043229670274
 20
134.58776768834275
 10
287.62068141340353
 20
134.5875
 10
333.59613717319246
 20
134.5875
 10
333.628858447405
 20
134.58696451573527
 10
333.644705905315
 20
134.58644568889582
 10
333.7100129847764
 20
134.58216479535093
 10
333.77490017540305
 20
134.57362119131574
 10
333.8390895432518
 20
134.56085147195688
 10
333.9023061433923
 20
134.54391033433276
 10
333.96427919758975
 20
134.52287034310726
 10
334.02474325414016
 20
134.49782161973067
 10
334.08343932489055
 20
134.46887145641873
 10
334.1401159945736
 20
134.43614385658356
 10
334.1945304977044
 20
134.39977900368484
 10
334.24644975842847
 20
134.35993266077617
 10
334.2956513888643
 20
134.316775503319
 10
334.3419246416669
 20
134.2704923881214
 10
334.3850713127302
 20
134.22128156153332
 10
334.424906590163
 20
134.1693538102901
 10
334.46125984590105
 20
134.1149315586409
 10
334.49397536656534
 20
134.05824791562995
 10
334.52291302043534
 20
133.99954567661112
 10
334.5479488576812
 20
133.93907628327264
 10
334.56897564128286
 20
133.87709874662673
 10
334.58590330636275
 20
133.81387853757718
 10
334.59865934596456
 20
133.74968644981703
 10
334.60718912162486
 20
133.684797439927
 10
334.6114560974086
 20
133.6194894496426
 10
334.6119715021443
 20
133.603643259606
 10
334.61250003583814
 20
133.57113498247563
 10
334.6125000000053
 20
78.3019314130798
 10
334.61276768834273
 20
78.28557296702787
 10
334.6141056642378
 20
78.24470203145545
 10
334.6162450216137
 20
78.21206174539263
 10
334.619451193774
 20
78.17950893315698
 10
334.6237207474689
 20
78.14707845311945
 10
334.62904911075407
 20
78.11480503264478
 10
334.6354305778837
 20
78.08272323092636
 10
334.6428583154238
 20
78.05086740195607
 10
334.6513243695669
 20
78.01927165775432
 10
334.66081967464896
 20
77.98796983183976
 10
334.67133406286155
 20
77.95699544298463
 10
334.6828562751323
 20
77.9263816593465
 10
334.69537397318913
 20
77.89616126292808
 10
334.7088737527667
 20
77.86636661448838
 10
334.7233411579637
 20
77.83702961888149
 10
334.7387606967196
 20
77.80818169089876
 10
334.75511585740577
 20
77.77985372162442
 10
334.7723891265066
 20
77.75207604535707
 10
334.79056200737494
 20
77.72487840712526
 10
334.8096150400322
 20
77.69828993084512
 10
334.82952782201346
 20
77.67233908812337
 10
334.85027903021586
 20
77.64705366776847
 10
334.87184644372354
 20
77.62246074604502
 10
334.89420696761096
 20
77.59858665766833
 10
334.91733665766856
 20
77.57545696761073
 10
334.9412107460445
 20
77.55309644372404
 10
334.9658036677689
 20
77.53152903021552
 10
334.99108908812275
 20
77.51077782201394
 10
335.0170399308457
 20
77.4908650400318
 10
335.04362840712605
 20
77.4718120073744
 10
335.0708260453558
 20
77.45363912650744
 10
335.0986037216247
 20
77.43636585740558
 10
335.1269316908993
 20
77.42001069671929
 10
335.15577961888124
 20
77.40459115796385
 10
335.18511661448815
 20
77.39012375276677
 10
335.2149112629286
 20
77.37662397318888
 10
335.24513165934576
 20
77.3641062751326
 10
335.27574544298545
 20
77.35258406286123
 10
335.30671983183896
 20
77.34206967464921
 10
335.33802165775563
 20
77.33257436956653
 10
335.3696174019555
 20
77.32410831542391
 10
335.40147323092543
 20
77.31668057788389
 10
335.43355503264564
 20
77.31029911075392
 10
335.4658284531185
 20
77.304970747469
 10
335.4982589331573
 20
77.30070119377393
 10
335.53081174539216
 20
77.2974950216137
 10
335.56345203145656
 20
77.29535566423775
 10
335.60432296702726
 20
77.29401768834276
 10
335.62068141340393
 20
77.29375
 10
339.1125
 20
77.29375
 10
339.1779031292302
 20
77.29160892323861
 10
339.24302619222004
 20
77.28519486137381
 10
339.30759032201615
 20
77.27453528040323
 10
339.37131904510255
 20
77.25967582628907
 10
339.4339394653032
 20
77.2406801294951
 10
339.4951834323651
 20
77.2176295325113
 10
339.554788690219
 20
77.19062274153269
 10
339.6125
 20
77.15977540378444
 10
339.6680702330196
 20
77.12521961230254
 10
339.72126142900873
 20
77.08710334029124
 10
339.7718458151001
 20
77.04558980747898
 10
339.81960678118656
 20
77.00085678118656
 10
339.864339807479
 20
76.95309581510007
 10
339.90585334029123
 20
76.90251142900873
 10
339.94396961230257
 20
76.84932023301961
 10
339.97852540378443
 20
76.79375
 10
340.0093727415327
 20
76.736038690219
 10
340.0363795325113
 20
76.67643343236509
 10
340.0594301294951
 20
76.61518946530316
 10
340.0784258262891
 20
76.55256904510253
 10
340.0932852804032
 20
76.48884032201613
 10
340.1039448613738
 20
76.42427619222005
 10
340.1103589232386
 20
76.35915312923015
 10
340.1125
 20
76.29375
 10
340.1125
 20
58.29375
 10
340.1103589232386
 20
58.22834687076986
 10
340.1039448613738
 20
58.16322380777995
 10
340.0932852804032
 20
58.098659677983875
 10
340.0784258262891
 20
58.03493095489748
 10
340.0594301294951
 20
57.97231053469684
 10
340.0363795325113
 20
57.91106656763491
 10
340.0093727415327
 20
57.851461309781
 10
339.97852540378443
 20
57.79375
 10
339.94396961230257
 20
57.7381797669804
 10
339.90585334029123
 20
57.68498857099128
 10
339.864339807479
 20
57.634404184899935
 10
339.81960678118656
 20
57.58664321881346
 10
339.7718458151001
 20
57.54191019252102
 10
339.72126142900873
 20
57.50039665970877
 10
339.6680702330196
 20
57.462280387697454
 10
339.6125
 20
57.42772459621556
 10
339.554788690219
 20
57.39687725846731
 10
339.4951834323651
 20
57.36987046748872
 10
339.4339394653032
 20
57.346819870504895
 10
339.37131904510255
 20
57.32782417371094
 10
339.30759032201615
 20
57.31296471959677
 10
339.24302619222004
 20
57.302305138626195
 10
339.1779031292302
 20
57.2958910767614
 10
339.1125
 20
57.29375
 10
335.6206814134038
 20
57.29375
 10
335.60432296702743
 20
57.29348231165724
 10
335.5634520314562
 20
57.29214433576224
 10
335.5308117453924
 20
57.29000497838633
 10
335.4982589331575
 20
57.286798806226095
 10
335.4658284531184
 20
57.28252925253098
 10
335.43355503264553
 20
57.27720088924607
 10
335.4014732309256
 20
57.27081942211616
 10
335.3696174019557
 20
57.26339168457613
 10
335.3380216577553
 20
57.25492563043338
 10
335.3067198318395
 20
57.24543032535096
 10
335.2757454429849
 20
57.23491593713856
 10
335.2451316593466
 20
57.22339372486771
 10
335.21491126292784
 20
57.210876026810794
 10
335.1851166144878
 20
57.197376247233066
 10
335.1557796188819
 20
57.18290884203654
 10
335.126931690899
 20
57.167489303280576
 10
335.09860372162467
 20
57.151134142594415
 10
335.0708260453558
 20
57.13386087349259
 10
335.04362840712594
 20
57.11568799262554
 10
335.0170399308463
 20
57.09663495996861
 10
334.99108908812235
 20
57.07672217798577
 10
334.9658036677688
 20
57.05597096978442
 10
334.9412107460445
 20
57.034403556275954
 10
334.9173366576686
 20
57.01204303238932
 10
334.8942069676109
 20
56.98891334233163
 10
334.8718464437236
 20
56.965039253955034
 10
334.85027903021586
 20
56.94044633223152
 10
334.8295278220136
 20
56.91516091187684
 10
334.8096150400318
 20
56.88921006915434
 10
334.7905620073746
 20
56.86262159287425
 10
334.7723891265074
 20
56.83542395464416
 10
334.7551158574056
 20
56.807646278375294
 10
334.7387606967196
 20
56.77931830910123
 10
334.72334115796355
 20
56.75047038111813
 10
334.708873752767
 20
56.72113338551223
 10
334.69537397318913
 20
56.691338737071995
 10
334.68285627513217
 20
56.66111834065319
 10
334.6713340628615
 20
56.6305045570152
 10
334.6608196746492
 20
56.599530168160975
 10
334.6513243695666
 20
56.56822834224477
 10
334.64285831542367
 20
56.53663259804355
 10
334.6354305778839
 20
56.50477676907449
 10
334.62904911075407
 20
56.47269496735517
 10
334.6237207474691
 20
56.44042154688201
 10
334.61945119377384
 20
56.40799106684152
 10
334.6162450216137
 20
56.37543825460741
 10
334.6141056642378
 20
56.342797968544524
 10
334.61276768834273
 20
56.30192703297213
 10
334.6125
 20
56.285568586596064
 10
334.6125
 20
1.0163628268054483
 10
334.61196451573517
 20
0.9836415525904323
 10
334.61144568889574
 20
0.9677940946825034
 10
334.60716479535074
 20
0.902487015221047
 10
334.5986211913154
 20
0.8375998245944253
 10
334.58585147195635
 20
0.7734104567456861
 10
334.56891033433203
 20
0.7101938566051882
 10
334.54787034310635
 20
0.6482208024077956
 10
334.5228216197296
 20
0.5877567458574502
 10
334.4938714564175
 20
0.5290606751070908
 10
334.46114385658217
 20
0.4723840054241615
 10
334.4247790036833
 20
0.4179695022933707
 10
334.3849326607745
 20
0.36605024156941524
 10
334.3417755033172
 20
0.3168486111336909
 10
334.2954923881194
 20
0.2705753583312338
 10
334.2462815615312
 20
0.22742868726804522
 10
334.19435381028785
 20
0.1875934098353813
 10
334.1399315586385
 20
0.15124015409746205
 10
334.0832479156275
 20
0.11852463343334319
 10
334.02454567660857
 20
0.08958697956346517
 10
333.96407628327
 20
0.06455114231775538
 10
333.902098746624
 20
0.04352435871627924
 10
333.8388785375744
 20
0.026596693636550484
 10
333.77468644981417
 20
0.01384065403497714
 10
333.7097974399241
 20
0.005310878374866546
 10
333.64448944963965
 20
0.0010439025912722943
 10
333.6286432596024
 20
0.0005284978556334696
 10
333.596134982344
 20
-3.583811936103132e-08
 10
287.62068141301415
 20
-6.3763224499716705e-12
 10
287.60432296702743
 20
-0.00026768834275819366
 10
287.56345203145634
 20
-0.0016056642377615022
 10
287.5308117453923
 20
-0.0037450216136792613
 10
287.49825893315744
 20
-0.006951193773912493
 10
287.46582845311843
 20
-0.011220747469008913
 10
287.4335550326456
 20
-0.01654911075392487
 10
287.40147323092555
 20
-0.022930577883860305
 10
287.3696174019558
 20
-0.030358315423843627
 10
287.33802165775546
 20
-0.03882436956658464
 10
287.30671983183885
 20
-0.04831967464924593
 10
287.2757454429852
 20
-0.05883406286130962
 10
287.24513165934627
 20
-0.07035627513239798
 10
287.21491126292835
 20
-0.08287397318899734
 10
287.1851166144877
 20
-0.09637375276698357
 10
287.15577961888175
 20
-0.1108411579635496
 10
287.1269316908994
 20
-0.1262606967192085
 10
287.09860372162433
 20
-0.14261585740579066
 10
287.07082604535617
 20
-0.15988912650717252
 10
287.0436284071256
 20
-0.1780620073747376
 10
287.017039930846
 20
-0.19711504003160146
 10
286.9910890881228
 20
-0.2170278220138788
 10
286.9658036677688
 20
-0.23777903021558297
 10
286.9412107460446
 20
-0.2593464437239236
 10
286.9173366576681
 20
-0.28170696761117947
 10
286.8942069676112
 20
-0.3048366576681022
 10
286.87184644372365
 20
-0.32871074604491385
 10
286.8502790302157
 20
-0.3533036677687291
 10
286.8295278220137
 20
-0.3785890881230408
 10
286.80961504003204
 20
-0.4045399308454222
 10
286.7905620073748
 20
-0.4311284071255224
 10
286.7723891265071
 20
-0.45832604535631427
 10
286.7551158574058
 20
-0.486103721624312
 10
286.7387606967194
 20
-0.5144316908991594
 10
286.72334115796355
 20
-0.5432796188818827
 10
286.708873752767
 20
-0.5726166144877683
 10
286.6953739731892
 20
-0.6024112629278922
 10
286.68285627513217
 20
-0.6326316593469198
 10
286.67133406286126
 20
-0.6632454429852881
 10
286.66081967464936
 20
-0.694219831838426
 10
286.6513243695664
 20
-0.7255216577560388
 10
286.64285831542384
 20
-0.7571174019557301
 10
286.6354305778839
 20
-0.7889732309254868
 10
286.62904911075407
 20
-0.8210550326448601
 10
286.6237207474691
 20
-0.8533284531179343
 10
286.61945119377384
 20
-0.8857589331585308
 10
286.6162450216137
 20
-0.9183117453926006
 10
286.6141056642378
 20
-0.9509520314554726
 10
286.61276768834273
 20
-0.9918229670278674
 10
286.6125
 20
-1.008181413403945
 10
286.6125
 20
-4.5
 10
286.6103589232386
 20
-4.565403129230143
 10
286.6039448613738
 20
-4.630526192220051
 10
286.5932852804032
 20
-4.695090322016128
 10
286.5784258262891
 20
-4.758819045102521
 10
286.5594301294951
 20
-4.821439465303161
 10
286.5363795325113
 20
-4.88268343236509
 10
286.5093727415327
 20
-4.9422886902190015
 10
286.47852540378443
 20
-5.0
 10
286.44396961230257
 20
-5.055570233019602
 10
286.40585334029123
 20
-5.10876142900872
 10
286.364339807479
 20
-5.159345815100069
 10
286.31960678118656
 20
-5.207106781186548
 10
286.2718458151001
 20
-5.251839807478977
 10
286.22126142900873
 20
-5.293353340291235
 10
286.1680702330196
 20
-5.331469612302545
 10
286.1125
 20
-5.366025403784438
 10
286.054788690219
 20
-5.396872741532688
 10
285.9951834323651
 20
-5.423879532511287
 10
285.9339394653032
 20
-5.446930129495105
 10
285.87131904510255
 20
-5.465925826289068
 10
285.80759032201615
 20
-5.48078528040323
 10
285.74302619222004
 20
-5.49144486137381
 10
285.6779031292302
 20
-5.497858923238604
 10
285.6125
 20
-5.5
 10
267.6125
 20
-5.5
 10
267.54709687076985
 20
-5.497858923238604
 10
267.48197380778
 20
-5.49144486137381
 10
267.41740967798387
 20
-5.48078528040323
 10
267.35368095489747
 20
-5.465925826289069
 10
267.29106053469684
 20
-5.446930129495105
 10
267.22981656763494
 20
-5.423879532511286
 10
267.170211309781
 20
-5.396872741532688
 10
267.1125
 20
-5.366025403784438
 10
267.05692976698043
 20
-5.331469612302545
 10
267.0037385709913
 20
-5.293353340291235
 10
266.9531541848999
 20
-5.251839807478977
 10
266.90539321881346
 20
-5.207106781186548
 10
266.86066019252104
 20
-5.159345815100069
 10
266.8191466597088
 20
-5.10876142900872
 10
266.78103038769746
 20
-5.055570233019602
 10
266.7464745962156
 20
-5.0
 10
266.71562725846735
 20
-4.9422886902190015
 10
266.6886204674887
 20
-4.88268343236509
 10
266.6655698705049
 20
-4.821439465303161
 10
266.6465741737109
 20
-4.758819045102521
 10
266.6317147195968
 20
-4.695090322016128
 10
266.6210551386262
 20
-4.630526192220051
 10
266.6146410767614
 20
-4.565403129230143
 10
266.6125
 20
-4.5
 10
266.6125
 20
-1.0081814134039448
 10
266.6122323116573
 20
-0.991822967027868
 10
266.6108943357622
 20
-0.9509520314554754
 10
266.60875497838634
 20
-0.9183117453925976
 10
266.6055488062262
 20
-0.8857589331585166
 10
266.6012792525309
 20
-0.8533284531179522
 10
266.59595088924596
 20
-0.821055032644888
 10
266.58956942211614
 20
-0.7889732309254552
 10
266.5821416845762
 20
-0.7571174019557143
 10
266.5736756304336
 20
-0.7255216577560565
 10
266.56418032535066
 20
-0.6942198318384797
 10
266.5536659371387
 20
-0.6632454429852308
 10
266.54214372486786
 20
-0.63263165934686
 10
266.52962602681083
 20
-0.6024112629279563
 10
266.516126247233
 20
-0.5726166144876047
 10
266.5016588420366
 20
-0.5432796188820549
 10
266.48623930328074
 20
-0.5144316908993265
 10
266.4698841425941
 20
-0.48610372162413906
 10
266.4526108734929
 20
-0.4583260453563146
 10
266.43443799262525
 20
-0.43112840712552275
 10
266.41538495996815
 20
-0.40453993084560136
 10
266.39547217798616
 20
-0.3785890881228591
 10
266.3747209697843
 20
-0.3533036677686687
 10
266.3531535562764
 20
-0.32871074604497474
 10
266.33079303238867
 20
-0.30483665766789336
 10
266.30766334233215
 20
-0.28170696761138825
 10
266.2837892539548
 20
-0.25934644372334514
 10
266.25919633223185
 20
-0.23777903021610705
 10
266.2339109118769
 20
-0.217027822013606
 10
266.2079600691544
 20
-0.19711504003186966
 10
266.18137159287403
 20
-0.17806200737441877
 10
266.15417395464425
 20
-0.1598891265074459
 10
266.1263962783756
 20
-0.14261585740571903
 10
266.0980683091007
 20
-0.1262606967192779
 10
266.0692203811184
 20
-0.1108411579636139
 10
266.0398833855122
 20
-0.09637375276692274
 10
266.0100887370721
 20
-0.08287397318920188
 10
265.9798683406533
 20
-0.07035627513222951
 10
265.94925455701485
 20
-0.05883406286132696
 10
265.9182801681611
 20
-0.04831967464923018
 10
265.8869783422446
 20
-0.03882436956660092
 10
265.8553825980442
 20
-0.030358315423829385
 10
265.8235267690745
 20
-0.022930577883853342
 10
265.7914449673545
 20
-0.016549110753930833
 10
265.7591715468816
 20
-0.011220747469008913
 10
265.7267410668426
 20
-0.006951193773912493
 10
265.6941882546077
 20
-0.0037450216136792613
 10
265.6615479685437
 20
-0.0016056642377615022
 10
265.6206770329726
 20
-0.00026768834275819366
 10
265.6043185865962
 20
0.0
 10
178.3144314134038
 20
0.0
 10
178.2980729670274
 20
-0.0002676883427580459
 10
178.25720203145633
 20
-0.001605664237762198
 10
178.22456174539238
 20
-0.0037450216136739804
 10
178.19200893315744
 20
-0.0069511937739140175
 10
178.15957845311837
 20
-0.011220747469013321
 10
178.1273050326454
 20
-0.016549110753948135
 10
178.0952232309256
 20
-0.022930577883845647
 10
178.06336740195587
 20
-0.030358315423833465
 10
178.0317716577554
 20
-0.03882436956660655
 10
178.0004698318389
 20
-0.04831967464922417
 10
177.96949544298536
 20
-0.05883406286124779
 10
177.9388816593463
 20
-0.07035627513238779
 10
177.90866126292804
 20
-0.08287397318912268
 10
177.87886661448792
 20
-0.09637375276688184
 10
177.84952961888172
 20
-0.11084115796358046
 10
177.82068169089914
 20
-0.12626069671938084
 10
177.79235372162455
 20
-0.14261585740565322
 10
177.76457604535582
 20
-0.1598891265073915
 10
177.73737840712604
 20
-0.17806200737437708
 10
177.71078993084595
 20
-0.19711504003161764
 10
177.68483908812257
 20
-0.2170278220140711
 10
177.65955366776856
 20
-0.23777903021578287
 10
177.6349607460449
 20
-0.2593464437236765
 10
177.61108665766852
 20
-0.2817069676107904
 10
177.58795696761086
 20
-0.304836657668438
 10
177.5655964437234
 20
-0.32871074604520445
 10
177.54402903021602
 20
-0.35330366776829286
 10
177.52327782201382
 20
-0.3785890881228651
 10
177.5033650400317
 20
-0.4045399308458195
 10
177.48431200737465
 20
-0.4311284071256573
 10
177.4661391265072
 20
-0.4583260453561388
 10
177.44886585740596
 20
-0.4861037216240259
 10
177.43251069671922
 20
-0.514431690899411
 10
177.4170911579636
 20
-0.5432796188817037
 10
177.4026237527668
 20
-0.5726166144881318
 10
177.389123973189
 20
-0.6024112629283362
 10
177.37660627513256
 20
-0.6326316593458824
 10
177.36508406286114
 20
-0.6632454429856617
 10
177.35456967464933
 20
-0.6942198318385531
 10
177.3450743695665
 20
-0.7255216577557047
 10
177.3366083154239
 20
-0.7571174019556547
 10
177.32918057788382
 20
-0.7889732309257479
 10
177.32279911075395
 20
-0.8210550326453379
 10
177.31747074746906
 20
-0.8533284531181545
 10
177.3132011937739
 20
-0.8857589331576626
 10
177.30999502161373
 20
-0.918311745391961
 10
177.30785566423776
 20
-0.950952031456768
 10
177.30651768834275
 20
-0.9918229670274337
 10
177.30625
 20
-1.0081814134035108
 10
177.30625
 20
-4.5
 10
177.3041089232386
 20
-4.565403129230143
 10
177.29769486137383
 20
-4.630526192220051
 10
177.28703528040324
 20
-4.695090322016128
 10
177.27217582628907
 20
-4.758819045102521
 10
177.25318012949512
 20
-4.821439465303161
 10
177.23012953251128
 20
-4.88268343236509
 10
177.2031227415327
 20
-4.9422886902190015
 10
177.17227540378445
 20
-5.0
 10
177.13771961230256
 20
-5.055570233019602
 10
177.09960334029125
 20
-5.10876142900872
 10
177.05808980747898
 20
-5.159345815100069
 10
177.01335678118656
 20
-5.207106781186548
 10
176.96559581510007
 20
-5.251839807478977
 10
176.91501142900873
 20
-5.293353340291235
 10
176.8618202330196
 20
-5.331469612302545
 10
176.80625
 20
-5.366025403784438
 10
176.748538690219
 20
-5.396872741532688
 10
176.6889334323651
 20
-5.423879532511287
 10
176.62768946530318
 20
-5.446930129495105
 10
176.56506904510252
 20
-5.465925826289068
 10
176.50134032201615
 20
-5.48078528040323
 10
176.43677619222007
 20
-5.49144486137381
 10
176.37165312923014
 20
-5.497858923238604
 10
176.30625
 20
-5.5
 10
158.30625
 20
-5.5
 10
158.24084687076987
 20
-5.497858923238604
 10
158.17572380777995
 20
-5.49144486137381
 10
158.11115967798386
 20
-5.48078528040323
 10
158.0474309548975
 20
-5.465925826289069
 10
157.98481053469683
 20
-5.446930129495105
 10
157.9235665676349
 20
-5.423879532511286
 10
157.86396130978102
 20
-5.396872741532688
 10
157.80625
 20
-5.366025403784438
 10
157.7506797669804
 20
-5.331469612302545
 10
157.69748857099128
 20
-5.293353340291235
 10
157.64690418489994
 20
-5.251839807478977
 10
157.59914321881345
 20
-5.207106781186548
 10
157.55441019252103
 20
-5.159345815100069
 10
157.51289665970876
 20
-5.10876142900872
 10
157.47478038769745
 20
-5.055570233019602
 10
157.44022459621556
 20
-5.0
 10
157.40937725846732
 20
-4.9422886902190015
 10
157.38237046748873
 20
-4.88268343236509
 10
157.3593198705049
 20
-4.821439465303161
 10
157.34032417371094
 20
-4.758819045102521
 10
157.32546471959677
 20
-4.695090322016128
 10
157.31480513862618
 20
-4.630526192220051
 10
157.3083910767614
 20
-4.565403129230143
 10
157.30625
 20
-4.5
 10
157.30625
 20
-1.0081814134035105
 10
157.30598231165726
 20
-0.9918229670274342
 10
157.30464433576225
 20
-0.9509520314567709
 10
157.30250497838628
 20
-0.9183117453919578
 10
157.29929880622612
 20
-0.8857589331576479
 10
157.29502925253098
 20
-0.8533284531181732
 10
157.28970088924606
 20
-0.8210550326453678
 10
157.2833194221162
 20
-0.788973230925714
 10
157.27589168457612
 20
-0.7571174019556361
 10
157.2674256304335
 20
-0.7255216577557254
 10
157.25793032535069
 20
-0.6942198318386049
 10
157.24741593713884
 20
-0.6632454429856057
 10
157.2358937248677
 20
-0.6326316593465764
 10
157.2233760268107
 20
-0.6024112629276662
 10
157.20987624723315
 20
-0.5726166144879667
 10
157.19540884203653
 20
-0.5432796188818771
 10
157.17998930328054
 20
-0.5144316908989162
 10
157.16363414259433
 20
-0.48610372162449034
 10
157.14636087349282
 20
-0.45832604535613913
 10
157.12818799262536
 20
-0.43112840712565764
 10
157.10913495996846
 20
-0.40453993084601086
 10
157.08922217798604
 20
-0.378589088122671
 10
157.06847096978393
 20
-0.3533036677682234
 10
157.0469035562767
 20
-0.3287107460452747
 10
157.02454303238898
 20
-0.30483665766824364
 10
157.00141334233172
 20
-0.2817069676109848
 10
156.9775392539549
 20
-0.2593464437234642
 10
156.95294633223168
 20
-0.2377790302159687
 10
156.92766091187713
 20
-0.21702782201381066
 10
156.9017100691544
 20
-0.1971150400318737
 10
156.87512159287394
 20
-0.17806200737434966
 10
156.84792395464422
 20
-0.1598891265074
 10
156.82014627837572
 20
-0.1426158574058028
 10
156.79181830910065
 20
-0.12626069671925344
 10
156.76297038111838
 20
-0.11084115796362397
 10
156.73363338551198
 20
-0.09637375276684049
 10
156.70383873707212
 20
-0.08287397318919423
 10
156.67361834065358
 20
-0.07035627513233228
 10
156.6430045570147
 20
-0.058834062861269944
 10
156.61203016816103
 20
-0.048319674649203996
 10
156.58072834224444
 20
-0.03882436956655113
 10
156.54913259804442
 20
-0.030358315423900835
 10
156.5172767690744
 20
-0.02293057788384395
 10
156.48519496735452
 20
-0.01654911075393652
 10
156.45292154688164
 20
-0.011220747469013321
 10
156.42049106684257
 20
-0.0069511937739140175
 10
156.38793825460763
 20
-0.0037450216136739804
 10
156.35529796854368
 20
-0.001605664237762198
 10
156.31442703297262
 20
-0.0002676883427580459
 10
156.2980685865962
 20
0.0
 10
69.0081814134038
 20
0.0
 10
68.99182296702739
 20
-0.0002676883427581753
 10
68.95095203145631
 20
-0.001605664237762238
 10
68.91831174539233
 20
-0.003745021613675791
 10
68.8857589331575
 20
-0.006951193773907538
 10
68.85332845311837
 20
-0.011220747469018294
 10
68.82105503264542
 20
-0.016549110753947792
 10
68.78897323092562
 20
-0.022930577883837528
 10
68.7571174019558
 20
-0.03035831542384792
 10
68.72552165775537
 20
-0.03882436956661178
 10
68.69421983183895
 20
-0.04831967464921514
 10
68.66324544298539
 20
-0.05883406286124467
 10
68.63263165934633
 20
-0.07035627513237908
 10
68.60241126292807
 20
-0.082873973189113
 10
68.57261661448781
 20
-0.09637375276692611
 10
68.54327961888173
 20
-0.11084115796357184
 10
68.51443169089936
 20
-0.1262606967192569
 10
68.48610372162435
 20
-0.14261585740577146
 10
68.45832604535605
 20
-0.15988912650724016
 10
68.43112840712571
 20
-0.1780620073746143
 10
68.40453993084597
 20
-0.19711504003159583
 10
68.37858908812264
 20
-0.217027822014011
 10
68.35330366776857
 20
-0.23777903021578287
 10
68.32871074604489
 20
-0.2593464437236765
 10
68.30483665766842
 20
-0.2817069676108724
 10
68.28170696761083
 20
-0.3048366576684625
 10
68.25934644372359
 20
-0.32871074604498185
 10
68.23777903021588
 20
-0.3533036677684666
 10
68.21702782201392
 20
-0.3785890881227465
 10
68.19711504003178
 20
-0.4045399308457331
 10
68.17806200737448
 20
-0.4311284071258974
 10
68.15988912650725
 20
-0.45832604535604127
 10
68.14261585740581
 20
-0.4861037216243003
 10
68.12626069671933
 20
-0.5144316908992312
 10
68.11084115796353
 20
-0.5432796188817873
 10
68.09637375276694
 20
-0.5726166144877999
 10
68.08287397318908
 20
-0.6024112629281143
 10
68.0703562751324
 20
-0.6326316593462685
 10
68.05883406286121
 20
-0.663245442985485
 10
68.04831967464925
 20
-0.6942198318388644
 10
68.03882436956663
 20
-0.725521657755349
 10
68.03035831542387
 20
-0.7571174019557373
 10
68.02293057788383
 20
-0.7889732309256875
 10
68.01654911075393
 20
-0.8210550326455287
 10
68.01122074746904
 20
-0.8533284531182816
 10
68.0069511937739
 20
-0.8857589331575378
 10
68.00374502161368
 20
-0.9183117453922738
 10
68.00160566423776
 20
-0.9509520314563423
 10
68.00026768834276
 20
-0.991822967027271
 10
68.0
 20
-1.0081814134038904
 10
68.0
 20
-4.5
 10
67.99785892323861
 20
-4.565403129230143
 10
67.99144486137381
 20
-4.630526192220051
 10
67.98078528040323
 20
-4.695090322016128
 10
67.96592582628907
 20
-4.758819045102521
 10
67.9469301294951
 20
-4.821439465303161
 10
67.9238795325113
 20
-4.88268343236509
 10
67.89687274153269
 20
-4.9422886902190015
 10
67.86602540378443
 20
-5.0
 10
67.83146961230254
 20
-5.055570233019602
 10
67.79335334029123
 20
-5.10876142900872
 10
67.75183980747897
 20
-5.159345815100069
 10
67.70710678118655
 20
-5.207106781186548
 10
67.65934581510007
 20
-5.251839807478977
 10
67.60876142900872
 20
-5.293353340291235
 10
67.55557023301961
 20
-5.331469612302545
 10
67.5
 20
-5.366025403784438
 10
67.442288690219
 20
-5.396872741532688
 10
67.38268343236508
 20
-5.423879532511287
 10
67.32143946530316
 20
-5.446930129495105
 10
67.25881904510253
 20
-5.465925826289068
 10
67.19509032201613
 20
-5.48078528040323
 10
67.13052619222005
 20
-5.49144486137381
 10
67.06540312923015
 20
-5.497858923238604
 10
67.0
 20
-5.5
 10
49.0
 20
-5.5
 10
48.93459687076986
 20
-5.497858923238604
 10
48.86947380777995
 20
-5.49144486137381
 10
48.80490967798387
 20
-5.48078528040323
 10
48.74118095489748
 20
-5.465925826289069
 10
48.678560534696835
 20
-5.446930129495105
 10
48.61731656763491
 20
-5.423879532511286
 10
48.557711309781
 20
-5.396872741532688
 10
48.5
 20
-5.366025403784438
 10
48.4444297669804
 20
-5.331469612302545
 10
48.39123857099128
 20
-5.293353340291235
 10
48.34065418489993
 20
-5.251839807478977
 10
48.292893218813454
 20
-5.207106781186548
 10
48.24816019252102
 20
-5.159345815100069
 10
48.20664665970877
 20
-5.10876142900872
 10
48.16853038769745
 20
-5.055570233019602
 10
48.13397459621556
 20
-5.0
 10
48.10312725846731
 20
-4.9422886902190015
 10
48.076120467488714
 20
-4.88268343236509
 10
48.05306987050489
 20
-4.821439465303161
 10
48.034074173710934
 20
-4.758819045102521
 10
48.01921471959677
 20
-4.695090322016128
 10
48.00855513862619
 20
-4.630526192220051
 10
48.0021410767614
 20
-4.565403129230143
 10
48.0
 20
-4.5
 10
48.0
 20
-1.0081814134038092
 10
47.99973231165725
 20
-0.9918229670274612
 10
47.998394335762235
 20
-0.9509520314561806
 10
47.99625497838633
 20
-0.9183117453924352
 10
47.99304880622608
 20
-0.8857589331574032
 10
47.98877925253099
 20
-0.8533284531184226
 10
47.98345088924605
 20
-0.8210550326454282
 10
47.97706942211617
 20
-0.7889732309256623
 10
47.969641684576125
 20
-0.7571174019556912
 10
47.96117563043341
 20
-0.7255216577554342
 10
47.95168032535079
 20
-0.6942198318389593
 10
47.941165937138734
 20
-0.6632454429853233
 10
47.929643724867674
 20
-0.6326316593464576
 10
47.917126026810834
 20
-0.60241126292795
 10
47.90362624723309
 20
-0.5726166144878589
 10
47.88915884203646
 20
-0.5432796188817761
 10
47.873739303280665
 20
-0.5144316908992019
 10
47.85738414259428
 20
-0.4861037216244259
 10
47.840110873492705
 20
-0.45832604535596266
 10
47.821937992625486
 20
-0.4311284071258445
 10
47.80288495996836
 20
-0.40453993084591877
 10
47.78297217798599
 20
-0.3785890881226412
 10
47.76222096978424
 20
-0.35330366776859384
 10
47.74065355627635
 20
-0.328710746044913
 10
47.71829303238914
 20
-0.3048366576684306
 10
47.695163342331576
 20
-0.2817069676108663
 10
47.67128925395497
 20
-0.25934644372354304
 10
47.64669633223155
 20
-0.23777903021587926
 10
47.621410911877334
 20
-0.21702782201398635
 10
47.59546006915409
 20
-0.19711504003164543
 10
47.56887159287422
 20
-0.17806200737456543
 10
47.54167395464393
 20
-0.15988912650723225
 10
47.51389627837569
 20
-0.14261585740579782
 10
47.4855683091007
 20
-0.1262606967192871
 10
47.45672038111829
 20
-0.11084115796357825
 10
47.42738338551209
 20
-0.09637375276688173
 10
47.39758873707197
 20
-0.08287397318912677
 10
47.367368340653655
 20
-0.07035627513236996
 10
47.33675455701461
 20
-0.058834062861242174
 10
47.305780168161114
 20
-0.04831967464923144
 10
47.27447834224458
 20
-0.03882436956659631
 10
47.24288259804425
 20
-0.030358315423858275
 10
47.21102676907438
 20
-0.022930577883838874
 10
47.178944967354575
 20
-0.016549110753947393
 10
47.14667154688163
 20
-0.01122074746901509
 10
47.114241066842524
 20
-0.006951193773909245
 10
47.081688254607656
 20
-0.0037450216136750585
 10
47.04904796854368
 20
-0.0016056642377623095
 10
47.0081770329726
 20
-0.00026768834275802734
 10
46.99181858659621
 20
0.0
 10
1.0163628268075884
 20
0.0
 10
0.9836415525962976
 20
0.000535484264704067
 10
0.9677940946862167
 20
0.0010543111041403375
 10
0.9024870152245563
 20
0.005335204648952874
 10
0.8375998245977172
 20
0.01387880868413005
 10
0.7734104567487505
 20
0.026648528042976793
 10
0.7101938566080176
 20
0.043589665667124855
 10
0.6482208024103852
 20
0.0646296568926682
 10
0.5877567458597974
 20
0.08967838026933939
 10
0.5290606751091956
 20
0.1186285435813832
 10
0.47238400542602677
 20
0.15135614341666903
 10
0.4179695022950016
 20
0.1877209963155504
 10
0.3660502415708191
 20
0.22756733922437955
 10
0.31684861113487717
 20
0.2707244966817315
 10
0.2705753583322146
 20
0.31700761187954984
 10
0.22742868726883436
 20
0.3662184384678332
 10
0.18759340983599426
 20
0.41814618971129014
 10
0.15124015409791658
 20
0.4725684413607355
 10
0.11852463343365827
 20
0.5292520843719263
 10
0.08958697956366135
 20
0.5879543233910121
 10
0.0645511423178542
 20
0.6484237167297509
 10
0.04352435871630356
 20
0.71040125337592
 10
0.026596693636523838
 20
0.7736214624257202
 10
0.01384065403492385
 20
0.8378135501860979
 10
0.005310878374811034
 20
0.9027025600763856
 10
0.0010439025912392097
 20
0.9680105503610059
 10
0.0005284978556133746
 20
0.9838567403981475
 10
-3.5838118361830595e-08
 20
1.0163650175249102
 10
-5.304275403767401e-12
 20
56.285568586920355
 10
-0.00026768834275802734
 20
56.3019270329726
 10
-0.0016056642377623095
 20
56.342797968543685
 10
-0.0037450216136750585
 20
56.37543825460766
 10
-0.006951193773909245
 20
56.40799106684253
 10
-0.01122074746901509
 20
56.44042154688163
 10
-0.01654911075394779
 20
56.472694967354585
 10
-0.022930577883836973
 20
56.504776769074375
 10
-0.030358315423859014
 20
56.53663259804426
 10
-0.038824369566597294
 20
56.56822834224458
 10
-0.048319674649231356
 20
56.59953016816112
 10
-0.05883406286124461
 20
56.63050455701462
 10
-0.07035627513236471
 20
56.661118340653644
 10
-0.0828739731891264
 20
56.69133873707197
 10
-0.09637375276688345
 20
56.72113338551209
 10
-0.11084115796358002
 20
56.75047038111829
 10
-0.126260696719287
 20
56.7793183091007
 10
-0.1426158574057977
 20
56.80764627837569
 10
-0.15988912650723214
 20
56.835423954643936
 10
-0.17806200737456532
 20
56.86262159287422
 10
-0.19711504003164532
 20
56.889210069154096
 10
-0.21702782201398624
 20
56.91516091187734
 10
-0.23777903021588542
 20
56.94044633223156
 10
-0.25934644372354276
 20
56.96503925395497
 10
-0.2817069676108691
 20
56.98891334233158
 10
-0.3048366576684135
 20
57.01204303238912
 10
-0.3287107460450227
 20
57.03440355627646
 10
-0.35330366776848476
 20
57.055970969784155
 10
-0.3785890881226956
 20
57.07672217798604
 10
-0.4045399308458558
 20
57.09663495996832
 10
-0.43112840712585343
 20
57.11568799262549
 10
-0.45832604535596416
 20
57.13386087349271
 10
-0.48610372162445525
 20
57.151134142594294
 10
-0.5144316908991611
 20
57.16748930328065
 10
-0.5432796188817518
 20
57.18290884203645
 10
-0.5726166144878964
 20
57.197376247233116
 10
-0.6024112629280183
 20
57.21087602681087
 10
-0.632631659346378
 20
57.22339372486765
 10
-0.6632454429853326
 20
57.23491593713874
 10
-0.6942198318389501
 20
57.24543032535079
 10
-0.7255216577554594
 20
57.25492563043342
 10
-0.7571174019556686
 20
57.26339168457612
 10
-0.788973230925653
 20
57.270819422116176
 10
-0.821055032645436
 20
57.27720088924606
 10
-0.8533284531184211
 20
57.28252925253099
 10
-0.8857589331574042
 20
57.28679880622608
 10
-0.9183117453924362
 20
57.290004978386335
 10
-0.9509520314561797
 20
57.29214433576224
 10
-0.991822967027461
 20
57.29348231165725
 10
-1.0081814134038092
 20
57.29375
 10
-4.5
 20
57.29375
 10
-4.565403129230144
 20
57.2958910767614
 10
-4.630526192220052
 20
57.302305138626195
 10
-4.695090322016129
 20
57.31296471959677
 10
-4.758819045102521
 20
57.32782417371094
 10
-4.821439465303162
 20
57.346819870504895
 10
-4.8826834323650905
 20
57.36987046748872
 10
-4.9422886902190015
 20
57.39687725846731
 10
-5.0
 20
57.42772459621556
 10
-5.055570233019602
 20
57.462280387697454
 10
-5.108761429008721
 20
57.50039665970877
 10
-5.159345815100069
 20
57.54191019252102
 10
-5.207106781186548
 20
57.58664321881346
 10
-5.251839807478977
 20
57.634404184899935
 10
-5.293353340291235
 20
57.68498857099128
 10
-5.331469612302545
 20
57.7381797669804
 10
-5.366025403784438
 20
57.79375
 10
-5.396872741532689
 20
57.851461309781
 10
-5.423879532511287
 20
57.91106656763491
 10
-5.446930129495105
 20
57.97231053469684
 10
-5.465925826289069
 20
58.03493095489748
 10
-5.48078528040323
 20
58.098659677983875
 10
-5.491444861373811
 20
58.16322380777995
 10
-5.497858923238604
 20
58.22834687076986
 10
-5.5
 20
58.29375
 10
-5.5
 20
76.29375
  0
LWPOLYLINE
  5
33
330
17
100
AcDbEntity
  8
FLEX
100
AcDbPolyline
 90
66
 70
1
 10
72.2828380420956
 20
2.729152758609013
 10
72.22961005941906
 20
2.7543277195067724
 10
72.17417080635268
 20
2.7741642014393255
 10
72.11705419320968
 20
2.7884711682419385
 10
72.05881028419773
 20
2.797110836003318
 10
72.0
 20
2.8000000000000003
 10
44.0
 20
2.8000000000000003
 10
43.94118971580227
 20
2.797110836003318
 10
43.882945806790325
 20
2.7884711682419385
 10
43.82582919364732
 20
2.7741642014393255
 10
43.77038994058095
 20
2.7543277195067724
 10
43.7171619579044
 20
2.729152758609013
 10
43.66665786018824
 20
2.6988817673815273
 10
43.61936402950181
 20
2.6638062720176423
 10
43.57573593128807
 20
2.6242640687119287
 10
43.53619372798236
 20
2.5806359704981876
 10
43.501118232618474
 20
2.5333421398117615
 10
43.470847241390985
 20
2.4828380420955987
 10
43.44567228049323
 20
2.429610059419054
 10
43.425835798560676
 20
2.3741708063526774
 10
43.41152883175806
 20
2.3170541932096773
 10
43.40288916399668
 20
2.258810284197737
 10
43.4
 20
2.2
 10
43.40288916399668
 20
2.141189715802264
 10
43.41152883175806
 20
2.082945806790323
 10
43.425835798560676
 20
2.025829193647323
 10
43.44567228049323
 20
1.9703899405809464
 10
43.470847241390985
 20
1.9171619579044017
 10
43.501118232618474
 20
1.866657860188239
 10
43.53619372798236
 20
1.819364029501813
 10
43.57573593128807
 20
1.7757359312880716
 10
43.61936402950181
 20
1.7361937279823583
 10
43.66665786018824
 20
1.701118232618473
 10
43.7171619579044
 20
1.6708472413909874
 10
43.77038994058095
 20
1.6456722804932284
 10
43.82582919364732
 20
1.6258357985606748
 10
43.882945806790325
 20
1.611528831758062
 10
43.94118971580227
 20
1.602889163996682
 10
44.0
 20
1.6
 10
72.0
 20
1.6
 10
72.05881028419773
 20
1.6028891639966822
 10
72.11705419320968
 20
1.6115288317580618
 10
72.17417080635268
 20
1.6258357985606748
 10
72.22961005941906
 20
1.645672280493228
 10
72.2828380420956
 20
1.6708472413909874
 10
72.33334213981176
 20
1.701118232618473
 10
72.38063597049819
 20
1.736193727982358
 10
72.42426406871193
 20
1.7757359312880716
 10
72.46380627201765
 20
1.819364029501813
 10
72.49888176738153
 20
1.866657860188239
 10
72.52915275860902
 20
1.9171619579044015
 10
72.55432771950677
 20
1.9703899405809464
 10
72.57416420143933
 20
2.025829193647323
 10
72.58847116824194
 20
2.082945806790323
 10
72.59711083600332
 20
2.141189715802264
 10
72.6
 20
2.2
 10
72.59711083600332
 20
2.2588102841977364
 10
72.58847116824194
 20
2.3170541932096773
 10
72.57416420143933
 20
2.3741708063526774
 10
72.55432771950677
 20
2.429610059419054
 10
72.52915275860902
 20
2.4828380420955987
 10
72.49888176738153
 20
2.5333421398117615
 10
72.46380627201765
 20
2.5806359704981876
 10
72.42426406871193
 20
2.6242640687119287
 10
72.38063597049819
 20
2.6638062720176423
 10
72.33334213981176
 20
2.6988817673815273
  0
LWPOLYLINE
  5
34
330
17
100
AcDbEntity
  8
CUTOUTS
100
AcDbPolyline
 90
100
 70
1
 10
8.24553026734842
 20
10.314034935252442
 10
8.27684047744874
 20
10.30453708685546
 10
8.308704838991936
 20
10.297107359798378
 10
8.340986903889974
 20
10.291777569313089
 10
8.373548435384928
 20
10.288570538380693
 10
8.40625
 20
10.287499999999994
 10
21.40625
 20
10.287499999999994
 10
21.43895156461507
 20
10.288570538380693
 10
21.471513096110026
 20
10.291777569313089
 10
21.503795161008064
 20
10.297107359798378
 10
21.53565952255126
 20
10.30453708685546
 10
21.566969732651582
 20
10.314034935252442
 10
21.597591716182546
 20
10.325560233744351
 10
21.6273943451095
 20
10.33906362923365
 10
21.65625
 20
10.354487298107776
 10
21.6840351165098
 20
10.371765193848722
 10
21.71063071450436
 20
10.390823329854376
 10
21.735922907550034
 20
10.411580096260506
 10
21.759803390593273
 20
10.433946609406721
 10
21.78216990373949
 20
10.45782709244996
 10
21.802926670145617
 20
10.483119285495635
 10
21.821984806151274
 20
10.509714883490194
 10
21.83926270189222
 20
10.537499999999994
 10
21.854686370766345
 20
10.566355654890494
 10
21.868189766255643
 20
10.596158283817449
 10
21.879715064747554
 20
10.626780267348414
 10
21.889212913144533
 20
10.658090477448734
 10
21.896642640201616
 20
10.68995483899193
 10
21.901972430686904
 20
10.722236903889968
 10
21.9051794616193
 20
10.754798435384922
 10
21.90625
 20
10.787499999999994
 10
21.90625
 20
23.787499999999994
 10
21.9051794616193
 20
23.820201564615065
 10
21.901972430686904
 20
23.85276309611002
 10
21.896642640201616
 20
23.88504516100806
 10
21.889212913144533
 20
23.916909522551254
 10
21.879715064747554
 20
23.948219732651577
 10
21.868189766255643
 20
23.97884171618254
 10
21.854686370766345
 20
24.008644345109495
 10
21.83926270189222
 20
24.037499999999994
 10
21.821984806151274
 20
24.065285116509795
 10
21.802926670145617
 20
24.091880714504356
 10
21.78216990373949
 20
24.117172907550028
 10
21.759803390593273
 20
24.141053390593267
 10
21.735922907550034
 20
24.163419903739484
 10
21.71063071450436
 20
24.18417667014561
 10
21.6840351165098
 20
24.20323480615127
 10
21.65625
 20
24.220512701892215
 10
21.6273943451095
 20
24.23593637076634
 10
21.597591716182546
 20
24.249439766255637
 10
21.566969732651582
 20
24.26096506474755
 10
21.53565952255126
 20
24.270462913144527
 10
21.503795161008064
 20
24.27789264020161
 10
21.471513096110026
 20
24.283222430686898
 10
21.43895156461507
 20
24.286429461619296
 10
21.40625
 20
24.287499999999994
 10
8.40625
 20
24.287499999999994
 10
8.373548435384928
 20
24.286429461619296
 10
8.340986903889974
 20
24.283222430686898
 10
8.308704838991936
 20
24.27789264020161
 10
8.27684047744874
 20
24.270462913144527
 10
8.24553026734842
 20
24.26096506474755
 10
8.214908283817454
 20
24.249439766255637
 10
8.1851056548905
 20
24.23593637076634
 10
8.15625
 20
24.220512701892215
 10
8.1284648834902
 20
24.20323480615127
 10
8.10186928549564
 20
24.18417667014561
 10
8.076577092449966
 20
24.163419903739484
 10
8.052696609406727
 20
24.141053390593267
 10
8.030330096260512
 20
24.117172907550028
 10
8.009573329854382
 20
24.091880714504356
 10
7.9905151938487275
 20
24.065285116509795
 10
7.97323729810778
 20
24.037499999999994
 10
7.957813629233656
 20
24.008644345109495
 10
7.944310233744357
 20
23.97884171618254
 10
7.932784935252447
 20
23.948219732651577
 10
7.923287086855466
 20
23.916909522551254
 10
7.915857359798385
 20
23.88504516100806
 10
7.9105275693130945
 20
23.85276309611002
 10
7.907320538380699
 20
23.820201564615065
 10
7.90625
 20
23.787499999999994
 10
7.90625
 20
10.787499999999994
 10
7.907320538380699
 20
10.754798435384922
 10
7.9105275693130945
 20
10.722236903889968
 10
7.915857359798385
 20
10.68995483899193
 10
7.923287086855466
 20
10.658090477448734
 10
7.932784935252447
 20
10.626780267348414
 10
7.944310233744357
 20
10.596158283817449
 10
7.957813629233656
 20
10.566355654890494
 10
7.97323729810778
 20
10.537499999999994
 10
7.9905151938487275
 20
10.509714883490194
 10
8.009573329854382
 20
10.483119285495635
 10
8.030330096260512
 20
10.45782709244996
 10
8.052696609406727
 20
10.433946609406721
 10
8.076577092449966
 20
10.411580096260506
 10
8.10186928549564
 20
10.390823329854376
 10
8.1284648834902
 20
10.371765193848722
 10
8.15625
 20
10.354487298107776
 10
8.1851056548905
 20
10.33906362923365
 10
8.214908283817454
 20
10.325560233744351
  0
LWPOLYLINE
  5
35
330
17
100
AcDbEntity
  8
CUTOUTS
100
AcDbPolyline
 90
100
 70
1
 10
32.05803026734842
 20
10.314034935252442
 10
32.08934047744874
 20
10.30453708685546
 10
32.121204838991936
 20
10.297107359798378
 10
32.15348690388998
 20
10.291777569313089
 10
32.186048435384926
 20
10.288570538380693
 10
32.21875
 20
10.287499999999994
 10
45.21875
 20
10.287499999999994
 10
45.251451564615074
 20
10.288570538380693
 10
45.28401309611002
 20
10.291777569313089
 10
45.316295161008064
 20
10.297107359798378
 10
45.34815952255126
 20
10.30453708685546
 10
45.37946973265158
 20
10.314034935252442
 10
45.41009171618254
 20
10.325560233744351
 10
45.4398943451095
 20
10.33906362923365
 10
45.46875
 20
10.354487298107776
 10
45.496535116509804
 20
10.371765193848722
 10
45.52313071450436
 20
10.390823329854376
 10
45.548422907550034
 20
10.411580096260506
 10
45.57230339059328
 20
10.433946609406721
 10
45.59466990373949
 20
10.45782709244996
 10
45.61542667014562
 20
10.483119285495635
 10
45.63448480615127
 20
10.509714883490194
 10
45.65176270189222
 20
10.537499999999994
 10
45.667186370766345
 20
10.566355654890494
 10
45.68068976625565
 20
10.596158283817449
 10
45.69221506474755
 20
10.626780267348414
 10
45.70171291314453
 20
10.658090477448734
 10
45.70914264020161
 20
10.68995483899193
 10
45.714472430686904
 20
10.722236903889968
 10
45.717679461619305
 20
10.754798435384922
 10
45.71875
 20
10.787499999999994
 10
45.71875
 20
23.787499999999994
 10
45.717679461619305
 20
23.820201564615065
 10
45.714472430686904
 20
23.85276309611002
 10
45.70914264020161
 20
23.88504516100806
 10
45.70171291314453
 20
23.916909522551254
 10
45.69221506474755
 20
23.948219732651577
 10
45.68068976625565
 20
23.97884171618254
 10
45.667186370766345
 20
24.008644345109495
 10
45.65176270189222
 20
24.037499999999994
 10
45.63448480615127
 20
24.065285116509795
 10
45.61542667014562
 20
24.091880714504356
 10
45.59466990373949
 20
24.117172907550028
 10
45.57230339059328
 20
24.141053390593267
 10
45.548422907550034
 20
24.163419903739484
 10
45.52313071450436
 20
24.18417667014561
 10
45.496535116509804
 20
24.20323480615127
 10
45.46875
 20
24.220512701892215
 10
45.4398943451095
 20
24.23593637076634
 10
45.41009171618254
 20
24.249439766255637
 10
45.37946973265158
 20
24.26096506474755
 10
45.34815952255126
 20
24.270462913144527
 10
45.316295161008064
 20
24.27789264020161
 10
45.28401309611002
 20
24.283222430686898
 10
45.251451564615074
 20
24.286429461619296
 10
45.21875
 20
24.287499999999994
 10
32.21875
 20
24.287499999999994
 10
32.186048435384926
 20
24.286429461619296
 10
32.15348690388998
 20
24.283222430686898
 10
32.121204838991936
 20
24.27789264020161
 10
32.08934047744874
 20
24.270462913144527
 10
32.05803026734842
 20
24.26096506474755
 10
32.02740828381746
 20
24.249439766255637
 10
31.9976056548905
 20
24.23593637076634
 10
31.96875
 20
24.220512701892215
 10
31.9409648834902
 20
24.20323480615127
 10
31.91436928549564
 20
24.18417667014561
 10
31.889077092449966
 20
24.163419903739484
 10
31.865196609406727
 20
24.141053390593267
 10
31.84283009626051
 20
24.117172907550028
 10
31.822073329854383
 20
24.091880714504356
 10
31.803015193848726
 20
24.065285116509795
 10
31.78573729810778
 20
24.037499999999994
 10
31.770313629233655
 20
24.008644345109495
 10
31.756810233744357
 20
23.97884171618254
 10
31.745284935252446
 20
23.948219732651577
 10
31.735787086855467
 20
23.916909522551254
 10
31.728357359798384
 20
23.88504516100806
 10
31.723027569313096
 20
23.85276309611002
 10
31.7198205383807
 20
23.820201564615065
 10
31.71875
 20
23.787499999999994
 10
31.71875
 20
10.787499999999994
 10
31.7198205383807
 20
10.754798435384922
 10
31.723027569313096
 20
10.722236903889968
 10
31.728357359798384
 20
10.68995483899193
 10
31.735787086855467
 20
10.658090477448734
 10
31.745284935252446
 20
10.626780267348414
 10
31.756810233744357
 20
10.596158283817449
 10
31.770313629233655
 20
10.566355654890494
 10
31.78573729810778
 20
10.537499999999994
 10
31.803015193848726
 20
10.509714883490194
 10
31.822073329854383
 20
10.483119285495635
 10
31.84283009626051
 20
10.45782709244996
 10
31.865196609406727
 20
10.433946609406721
 10
31.889077092449966
 20
10.411580096260506
 10
31.91436928549564
 20
10.390823329854376
 10
31.9409648834902
 20
10.371765193848722
 10
31.96875
 20
10.354487298107776
 10
31.9976056548905
 20
10.33906362923365
 10
32.02740828381746
 20
10.325560233744351
  0
LWPOLYLINE
  5
36
330
17
100
AcDbEntity
  8
CUTOUTS
100
AcDbPolyline
 90
100
 70
1
 10
55.90184047744874
 20
10.30453708685546
 10
55.933704838991936
 20
10.297107359798378
 10
55.96598690388998
 20
10.291777569313089
 10
55.998548435384926
 20
10.288570538380693
 10
56.03125
 20
10.287499999999994
 10
69.03125
 20
10.287499999999994
 10
69.06395156461507
 20
10.288570538380693
 10
69.09651309611003
 20
10.291777569313089
 10
69.12879516100807
 20
10.297107359798378
 10
69.16065952255126
 20
10.30453708685546
 10
69.19196973265159
 20
10.314034935252442
 10
69.22259171618255
 20
10.325560233744351
 10
69.2523943451095
 20
10.33906362923365
 10
69.28125
 20
10.354487298107776
 10
69.3090351165098
 20
10.371765193848722
 10
69.33563071450436
 20
10.390823329854376
 10
69.36092290755003
 20
10.411580096260506
 10
69.38480339059328
 20
10.433946609406721
 10
69.40716990373949
 20
10.45782709244996
 10
69.42792667014562
 20
10.483119285495635
 10
69.44698480615128
 20
10.509714883490194
 10
69.46426270189222
 20
10.537499999999994
 10
69.47968637076634
 20
10.566355654890494
 10
69.49318976625564
 20
10.596158283817449
 10
69.50471506474756
 20
10.626780267348414
 10
69.51421291314453
 20
10.658090477448734
 10
69.52164264020162
 20
10.68995483899193
 10
69.52697243068691
 20
10.722236903889968
 10
69.5301794616193
 20
10.754798435384922
 10
69.53125
 20
10.787499999999994
 10
69.53125
 20
23.787499999999994
 10
69.5301794616193
 20
23.820201564615065
 10
69.52697243068691
 20
23.85276309611002
 10
69.52164264020162
 20
23.88504516100806
 10
69.51421291314453
 20
23.916909522551254
 10
69.50471506474756
 20
23.948219732651577
 10
69.49318976625564
 20
23.97884171618254
 10
69.47968637076634
 20
24.008644345109495
 10
69.46426270189222
 20
24.037499999999994
 10
69.44698480615128
 20
24.065285116509795
 10
69.42792667014562
 20
24.091880714504356
 10
69.40716990373949
 20
24.117172907550028
 10
69.38480339059328
 20
24.141053390593267
 10
69.36092290755003
 20
24.163419903739484
 10
69.33563071450436
 20
24.18417667014561
 10
69.3090351165098
 20
24.20323480615127
 10
69.28125
 20
24.220512701892215
 10
69.2523943451095
 20
24.23593637076634
 10
69.22259171618255
 20
24.249439766255637
 10
69.19196973265159
 20
24.26096506474755
 10
69.16065952255126
 20
24.270462913144527
 10
69.12879516100807
 20
24.27789264020161
 10
69.09651309611003
 20
24.283222430686898
 10
69.06395156461507
 20
24.286429461619296
 10
69.03125
 20
24.287499999999994
 10
56.03125
 20
24.287499999999994
 10
55.998548435384926
 20
24.286429461619296
 10
55.96598690388998
 20
24.283222430686898
 10
55.933704838991936
 20
24.27789264020161
 10
55.90184047744874
 20
24.270462913144527
 10
55.87053026734842
 20
24.26096506474755
 10
55.83990828381746
 20
24.249439766255637
 10
55.8101056548905
 20
24.23593637076634
 10
55.78125
 20
24.220512701892215
 10
55.753464883490196
 20
24.20323480615127
 10
55.72686928549564
 20
24.18417667014561
 10
55.701577092449966
 20
24.163419903739484
 10
55.67769660940672
 20
24.141053390593267
 10
55.65533009626051
 20
24.117172907550028
 10
55.63457332985438
 20
24.091880714504356
 10
55.61551519384873
 20
24.065285116509795
 10
55.59823729810778
 20
24.037499999999994
 10
55.582813629233655
 20
24.008644345109495
 10
55.56931023374435
 20
23.97884171618254
 10
55.55778493525245
 20
23.948219732651577
 10
55.54828708685547
 20
23.916909522551254
 10
55.54085735979839
 20
23.88504516100806
 10
55.535527569313096
 20
23.85276309611002
 10
55.532320538380695
 20
23.820201564615065
 10
55.53125
 20
23.787499999999994
 10
55.53125
 20
10.787499999999994
 10
55.532320538380695
 20
10.754798435384922
 10
55.535527569313096
 20
10.722236903889968
 10
55.54085735979839
 20
10.68995483899193
 10
55.54828708685547
 20
10.658090477448734
 10
55.55778493525245
 20
10.626780267348414
 10
55.56931023374435
 20
10.596158283817449
 10
55.582813629233655
 20
10.566355654890494
 10
55.59823729810778
 20
10.537499999999994
 10
55.61551519384873
 20
10.509714883490194
 10
55.63457332985438
 20
10.483119285495635
 10
55.65533009626051
 20
10.45782709244996
 10
55.67769660940672
 20
10.433946609406721
 10
55.701577092449966
 20
10.411580096260506
 10
55.72686928549564
 20
10.390823329854376
 10
55.753464883490196
 20
10.371765193848722
 10
55.78125
 20
10.354487298107776
 10
55.8101056548905
 20
10.33906362923365
 10
55.83990828381746
 20
10.325560233744351
 10
55.87053026734842
 20
10.314034935252442
  0
LWPOLYLINE
  5
37
330
17
100
AcDbEntity
  8
CUTOUTS
100
AcDbPolyline
 90
100
 70
1
 10
9.332530267348421
 20
28.36403493525245
 10
9.363840477448742
 20
28.354537086855473
 10
9.395704838991938
 20
28.34710735979839
 10
9.427986903889975
 20
28.341777569313102
 10
9.46054843538493
 20
28.338570538380704
 10
9.493250000000002
 20
28.337500000000006
 10
15.493250000000002
 20
28.337500000000006
 10
15.525951564615074
 20
28.338570538380704
 10
15.558513096110028
 20
28.341777569313102
 10
15.590795161008066
 20
28.34710735979839
 10
15.622659522551261
 20
28.354537086855473
 10
15.653969732651582
 20
28.36403493525245
 10
15.684591716182547
 20
28.375560233744363
 10
15.714394345109502
 20
28.38906362923366
 10
15.743250000000002
 20
28.404487298107785
 10
15.771035116509802
 20
28.42176519384873
 10
15.797630714504361
 20
28.44082332985439
 10
15.822922907550035
 20
28.461580096260516
 10
15.846803390593275
 20
28.483946609406733
 10
15.86916990373949
 20
28.507827092449972
 10
15.88992667014562
 20
28.533119285495644
 10
15.908984806151274
 20
28.559714883490205
 10
15.92626270189222
 20
28.587500000000006
 10
15.941686370766346
 20
28.616355654890505
 10
15.955189766255645
 20
28.64615828381746
 10
15.966715064747554
 20
28.676780267348423
 10
15.976212913144536
 20
28.708090477448746
 10
15.983642640201616
 20
28.73995483899194
 10
15.988972430686907
 20
28.77223690388998
 10
15.992179461619303
 20
28.804798435384935
 10
15.993250000000002
 20
28.837500000000006
 10
15.993250000000002
 20
41.837500000000006
 10
15.992179461619303
 20
41.87020156461508
 10
15.988972430686907
 20
41.90276309611003
 10
15.983642640201616
 20
41.93504516100807
 10
15.976212913144536
 20
41.96690952255127
 10
15.966715064747554
 20
41.998219732651584
 10
15.955189766255645
 20
42.02884171618255
 10
15.941686370766346
 20
42.058644345109506
 10
15.92626270189222
 20
42.087500000000006
 10
15.908984806151274
 20
42.11528511650981
 10
15.88992667014562
 20
42.14188071450437
 10
15.86916990373949
 20
42.16717290755004
 10
15.846803390593275
 20
42.19105339059328
 10
15.822922907550035
 20
42.21341990373949
 10
15.797630714504361
 20
42.23417667014562
 10
15.771035116509802
 20
42.253234806151276
 10
15.743250000000002
 20
42.27051270189222
 10
15.714394345109502
 20
42.28593637076635
 10
15.684591716182547
 20
42.29943976625565
 10
15.653969732651582
 20
42.310965064747556
 10
15.622659522551261
 20
42.32046291314454
 10
15.590795161008066
 20
42.32789264020162
 10
15.558513096110028
 20
42.33322243068691
 10
15.525951564615074
 20
42.33642946161931
 10
15.493250000000002
 20
42.337500000000006
 10
9.493250000000002
 20
42.337500000000006
 10
9.46054843538493
 20
42.33642946161931
 10
9.427986903889975
 20
42.33322243068691
 10
9.395704838991938
 20
42.32789264020162
 10
9.363840477448742
 20
42.32046291314454
 10
9.332530267348421
 20
42.310965064747556
 10
9.301908283817456
 20
42.29943976625565
 10
9.2721056548905
 20
42.28593637076635
 10
9.243250000000002
 20
42.27051270189222
 10
9.2154648834902
 20
42.253234806151276
 10
9.188869285495642
 20
42.23417667014562
 10
9.163577092449968
 20
42.21341990373949
 10
9.139696609406728
 20
42.19105339059328
 10
9.117330096260513
 20
42.16717290755004
 10
9.096573329854383
 20
42.14188071450437
 10
9.077515193848729
 20
42.11528511650981
 10
9.060237298107783
 20
42.087500000000006
 10
9.044813629233657
 20
42.058644345109506
 10
9.031310233744358
 20
42.02884171618255
 10
9.01978493525245
 20
41.998219732651584
 10
9.010287086855467
 20
41.96690952255127
 10
9.002857359798387
 20
41.93504516100807
 10
8.997527569313096
 20
41.90276309611003
 10
8.9943205383807
 20
41.87020156461508
 10
8.993250000000002
 20
41.837500000000006
 10
8.993250000000002
 20
28.837500000000006
 10
8.9943205383807
 20
28.804798435384935
 10
8.997527569313096
 20
28.77223690388998
 10
9.002857359798387
 20
28.73995483899194
 10
9.010287086855467
 20
28.708090477448746
 10
9.01978493525245
 20
28.676780267348423
 10
9.031310233744358
 20
28.64615828381746
 10
9.044813629233657
 20
28.616355654890505
 10
9.060237298107783
 20
28.587500000000006
 10
9.077515193848729
 20
28.559714883490205
 10
9.096573329854383
 20
28.533119285495644
 10
9.117330096260513
 20
28.507827092449972
 10
9.139696609406728
 20
28.483946609406733
 10
9.163577092449968
 20
28.461580096260516
 10
9.188869285495642
 20
28.44082332985439
 10
9.2154648834902
 20
28.42176519384873
 10
9.243250000000002
 20
28.404487298107785
 10
9.2721056548905
 20
28.38906362923366
 10
9.301908283817456
 20
28.375560233744363
  0
LWPOLYLINE
  5
38
330
17
100
AcDbEntity
  8
CUTOUTS
100
AcDbPolyline
 90
100
 70
1
 10
33.20853026734842
 20
28.36403493525245
 10
33.23984047744874
 20
28.354537086855473
 10
33.27170483899194
 20
28.34710735979839
 10
33.30398690388998
 20
28.341777569313102
 10
33.33654843538493
 20
28.338570538380704
 10
33.36925
 20
28.337500000000006
 10
39.36925
 20
28.337500000000006
 10
39.401951564615075
 20
28.338570538380704
 10
39.434513096110024
 20
28.341777569313102
 10
39.466795161008065
 20
28.34710735979839
 10
39.498659522551264
 20
28.354537086855473
 10
39.52996973265158
 20
28.36403493525245
 10
39.56059171618254
 20
28.375560233744363
 10
39.5903943451095
 20
28.38906362923366
 10
39.61925
 20
28.404487298107785
 10
39.647035116509805
 20
28.42176519384873
 10
39.67363071450436
 20
28.44082332985439
 10
39.698922907550035
 20
28.461580096260516
 10
39.72280339059328
 20
28.483946609406733
 10
39.74516990373949
 20
28.507827092449972
 10
39.76592667014562
 20
28.533119285495644
 10
39.78498480615127
 20
28.559714883490205
 10
39.80226270189222
 20
28.587500000000006
 10
39.817686370766346
 20
28.616355654890505
 10
39.83118976625565
 20
28.64615828381746
 10
39.84271506474755
 20
28.676780267348423
 10
39.852212913144534
 20
28.708090477448746
 10
39.85964264020161
 20
28.73995483899194
 10
39.864972430686905
 20
28.77223690388998
 10
39.868179461619306
 20
28.804798435384935
 10
39.86925
 20
28.837500000000006
 10
39.86925
 20
41.837500000000006
 10
39.868179461619306
 20
41.87020156461508
 10
39.864972430686905
 20
41.90276309611003
 10
39.85964264020161
 20
41.93504516100807
 10
39.852212913144534
 20
41.96690952255127
 10
39.84271506474755
 20
41.998219732651584
 10
39.83118976625565
 20
42.02884171618255
 10
39.817686370766346
 20
42.058644345109506
 10
39.80226270189222
 20
42.087500000000006
 10
39.78498480615127
 20
42.11528511650981
 10
39.76592667014562
 20
42.14188071450437
 10
39.74516990373949
 20
42.16717290755004
 10
39.72280339059328
 20
42.19105339059328
 10
39.698922907550035
 20
42.21341990373949
 10
39.67363071450436
 20
42.23417667014562
 10
39.647035116509805
 20
42.253234806151276
 10
39.61925
 20
42.27051270189222
 10
39.5903943451095
 20
42.28593637076635
 10
39.56059171618254
 20
42.29943976625565
 10
39.52996973265158
 20
42.310965064747556
 10
39.498659522551264
 20
42.32046291314454
 10
39.466795161008065
 20
42.32789264020162
 10
39.434513096110024
 20
42.33322243068691
 10
39.401951564615075
 20
42.33642946161931
 10
39.36925
 20
42.337500000000006
 10
33.36925
 20
42.337500000000006
 10
33.33654843538493
 20
42.33642946161931
 10
33.30398690388998
 20
42.33322243068691
 10
33.27170483899194
 20
42.32789264020162
 10
33.23984047744874
 20
42.32046291314454
 10
33.20853026734842
 20
42.310965064747556
 10
33.17790828381746
 20
42.29943976625565
 10
33.1481056548905
 20
42.28593637076635
 10
33.11925
 20
42.27051270189222
 10
33.0914648834902
 20
42.253234806151276
 10
33.06486928549564
 20
42.23417667014562
 10
33.03957709244997
 20
42.21341990373949
 10
33.015696609406724
 20
42.19105339059328
 10
32.993330096260514
 20
42.16717290755004
 10
32.972573329854384
 20
42.14188071450437
 10
32.95351519384873
 20
42.11528511650981
 10
32.936237298107784
 20
42.087500000000006
 10
32.920813629233656
 20
42.058644345109506
 10
32.907310233744354
 20
42.02884171618255
 10
32.89578493525245
 20
41.998219732651584
 10
32.88628708685547
 20
41.96690952255127
 10
32.87885735979839
 20
41.93504516100807
 10
32.8735275693131
 20
41.90276309611003
 10
32.870320538380696
 20
41.87020156461508
 10
32.86925
 20
41.837500000000006
 10
32.86925
 20
28.837500000000006
 10
32.870320538380696
 20
28.804798435384935
 10
32.8735275693131
 20
28.77223690388998
 10
32.87885735979839
 20
28.73995483899194
 10
32.88628708685547
 20
28.708090477448746
 10
32.89578493525245
 20
28.676780267348423
 10
32.907310233744354
 20
28.64615828381746
 10
32.920813629233656
 20
28.616355654890505
 10
32.936237298107784
 20
28.587500000000006
 10
32.95351519384873
 20
28.559714883490205
 10
32.972573329854384
 20
28.533119285495644
 10
32.993330096260514
 20
28.507827092449972
 10
33.015696609406724
 20
28.483946609406733
 10
33.03957709244997
 20
28.461580096260516
 10
33.06486928549564
 20
28.44082332985439
 10
33.0914648834902
 20
28.42176519384873
 10
33.11925
 20
28.404487298107785
 10
33.1481056548905
 20
28.38906362923366
 10
33.17790828381746
 20
28.375560233744363
  0
LWPOLYLINE
  5
39
330
17
100
AcDbEntity
  8
CUTOUTS
100
AcDbPolyline
 90
100
 70
1
 10
17.801840477448742
 20
29.354537086855473
 10
17.833704838991938
 20
29.34710735979839
 10
17.865986903889976
 20
29.341777569313102
 10
17.89854843538493
 20
29.338570538380704
 10
17.931250000000002
 20
29.337500000000006
 10
30.931250000000002
 20
29.337500000000006
 10
30.963951564615073
 20
29.338570538380704
 10
30.99651309611003
 20
29.341777569313102
 10
31.028795161008066
 20
29.34710735979839
 10
31.060659522551262
 20
29.354537086855473
 10
31.091969732651584
 20
29.36403493525245
 10
31.122591716182548
 20
29.375560233744363
 10
31.152394345109503
 20
29.38906362923366
 10
31.181250000000002
 20
29.404487298107785
 10
31.209035116509803
 20
29.42176519384873
 10
31.235630714504364
 20
29.44082332985439
 10
31.260922907550036
 20
29.461580096260516
 10
31.284803390593275
 20
29.483946609406733
 10
31.307169903739492
 20
29.507827092449972
 10
31.32792667014562
 20
29.533119285495644
 10
31.346984806151276
 20
29.559714883490205
 10
31.364262701892223
 20
29.587500000000006
 10
31.379686370766347
 20
29.616355654890505
 10
31.393189766255645
 20
29.64615828381746
 10
31.404715064747556
 20
29.676780267348423
 10
31.414212913144535
 20
29.708090477448746
 10
31.42164264020162
 20
29.73995483899194
 10
31.426972430686906
 20
29.77223690388998
 10
31.430179461619304
 20
29.804798435384935
 10
31.431250000000002
 20
29.837500000000006
 10
31.431250000000002
 20
42.837500000000006
 10
31.430179461619304
 20
42.87020156461508
 10
31.426972430686906
 20
42.90276309611003
 10
31.42164264020162
 20
42.93504516100807
 10
31.414212913144535
 20
42.96690952255127
 10
31.404715064747556
 20
42.998219732651584
 10
31.393189766255645
 20
43.02884171618255
 10
31.379686370766347
 20
43.058644345109506
 10
31.364262701892223
 20
43.087500000000006
 10
31.346984806151276
 20
43.11528511650981
 10
31.32792667014562
 20
43.14188071450437
 10
31.307169903739492
 20
43.16717290755004
 10
31.284803390593275
 20
43.19105339059328
 10
31.260922907550036
 20
43.21341990373949
 10
31.235630714504364
 20
43.23417667014562
 10
31.209035116509803
 20
43.253234806151276
 10
31.181250000000002
 20
43.27051270189222
 10
31.152394345109503
 20
43.28593637076635
 10
31.122591716182548
 20
43.29943976625565
 10
31.091969732651584
 20
43.310965064747556
 10
31.060659522551262
 20
43.32046291314454
 10
31.028795161008066
 20
43.32789264020162
 10
30.99651309611003
 20
43.33322243068691
 10
30.963951564615073
 20
43.33642946161931
 10
30.931250000000002
 20
43.337500000000006
 10
17.931250000000002
 20
43.337500000000006
 10
17.89854843538493
 20
43.33642946161931
 10
17.865986903889976
 20
43.33322243068691
 10
17.833704838991938
 20
43.32789264020162
 10
17.801840477448742
 20
43.32046291314454
 10
17.77053026734842
 20
43.310965064747556
 10
17.739908283817456
 20
43.29943976625565
 10
17.7101056548905
 20
43.28593637076635
 10
17.681250000000002
 20
43.27051270189222
 10
17.6534648834902
 20
43.253234806151276
 10
17.62686928549564
 20
43.23417667014562
 10
17.60157709244997
 20
43.21341990373949
 10
17.57769660940673
 20
43.19105339059328
 10
17.555330096260512
 20
43.16717290755004
 10
17.534573329854386
 20
43.14188071450437
 10
17.515515193848728
 20
43.11528511650981
 10
17.49823729810778
 20
43.087500000000006
 10
17.482813629233657
 20
43.058644345109506
 10
17.46931023374436
 20
43.02884171618255
 10
17.457784935252448
 20
42.998219732651584
 10
17.44828708685547
 20
42.96690952255127
 10
17.440857359798386
 20
42.93504516100807
 10
17.4355275693131
 20
42.90276309611003
 10
17.4323205383807
 20
42.87020156461508
 10
17.431250000000002
 20
42.837500000000006
 10
17.431250000000002
 20
29.837500000000006
 10
17.4323205383807
 20
29.804798435384935
 10
17.4355275693131
 20
29.77223690388998
 10
17.440857359798386
 20
29.73995483899194
 10
17.44828708685547
 20
29.708090477448746
 10
17.457784935252448
 20
29.676780267348423
 10
17.46931023374436
 20
29.64615828381746
 10
17.482813629233657
 20
29.616355654890505
 10
17.49823729810778
 20
29.587500000000006
 10
17.515515193848728
 20
29.559714883490205
 10
17.534573329854386
 20
29.533119285495644
 10
17.555330096260512
 20
29.507827092449972
 10
17.57769660940673
 20
29.483946609406733
 10
17.60157709244997
 20
29.461580096260516
 10
17.62686928549564
 20
29.44082332985439
 10
17.6534648834902
 20
29.42176519384873
 10
17.681250000000002
 20
29.404487298107785
 10
17.7101056548905
 20
29.38906362923366
 10
17.739908283817456
 20
29.375560233744363
 10
17.77053026734842
 20
29.36403493525245
  0
LWPOLYLINE
  5
3A
330
17
100
AcDbEntity
  8
CUTOUTS
100
AcDbPolyline
 90
100
 70
1
 10
48.726780267348424
 20
29.36403493525245
 10
48.75809047744874
 20
29.354537086855473
 10
48.78995483899194
 20
29.34710735979839
 10
48.82223690388998
 20
29.341777569313102
 10
48.85479843538493
 20
29.338570538380704
 10
48.8875
 20
29.337500000000006
 10
61.8875
 20
29.337500000000006
 10
61.92020156461508
 20
29.338570538380704
 10
61.952763096110026
 20
29.341777569313102
 10
61.98504516100807
 20
29.34710735979839
 10
62.016909522551266
 20
29.354537086855473
 10
62.04821973265158
 20
29.36403493525245
 10
62.078841716182545
 20
29.375560233744363
 10
62.108644345109504
 20
29.38906362923366
 10
62.1375
 20
29.404487298107785
 10
62.16528511650981
 20
29.42176519384873
 10
62.191880714504364
 20
29.44082332985439
 10
62.21717290755004
 20
29.461580096260516
 10
62.24105339059328
 20
29.483946609406733
 10
62.26341990373949
 20
29.507827092449972
 10
62.28417667014562
 20
29.533119285495644
 10
62.30323480615127
 20
29.559714883490205
 10
62.32051270189222
 20
29.587500000000006
 10
62.33593637076635
 20
29.616355654890505
 10
62.34943976625565
 20
29.64615828381746
 10
62.36096506474755
 20
29.676780267348423
 10
62.370462913144536
 20
29.708090477448746
 10
62.377892640201615
 20
29.73995483899194
 10
62.38322243068691
 20
29.77223690388998
 10
62.38642946161931
 20
29.804798435384935
 10
62.3875
 20
29.837500000000006
 10
62.3875
 20
42.837500000000006
 10
62.38642946161931
 20
42.87020156461508
 10
62.38322243068691
 20
42.90276309611003
 10
62.377892640201615
 20
42.93504516100807
 10
62.370462913144536
 20
42.96690952255127
 10
62.36096506474755
 20
42.998219732651584
 10
62.34943976625565
 20
43.02884171618255
 10
62.33593637076635
 20
43.058644345109506
 10
62.32051270189222
 20
43.087500000000006
 10
62.30323480615127
 20
43.11528511650981
 10
62.28417667014562
 20
43.14188071450437
 10
62.26341990373949
 20
43.16717290755004
 10
62.24105339059328
 20
43.19105339059328
 10
62.21717290755004
 20
43.21341990373949
 10
62.191880714504364
 20
43.23417667014562
 10
62.16528511650981
 20
43.253234806151276
 10
62.1375
 20
43.27051270189222
 10
62.108644345109504
 20
43.28593637076635
 10
62.078841716182545
 20
43.29943976625565
 10
62.04821973265158
 20
43.310965064747556
 10
62.016909522551266
 20
43.32046291314454
 10
61.98504516100807
 20
43.32789264020162
 10
61.952763096110026
 20
43.33322243068691
 10
61.92020156461508
 20
43.33642946161931
 10
61.8875
 20
43.337500000000006
 10
48.8875
 20
43.337500000000006
 10
48.85479843538493
 20
43.33642946161931
 10
48.82223690388998
 20
43.33322243068691
 10
48.78995483899194
 20
43.32789264020162
 10
48.75809047744874
 20
43.32046291314454
 10
48.726780267348424
 20
43.310965064747556
 10
48.69615828381746
 20
43.29943976625565
 10
48.6663556548905
 20
43.28593637076635
 10
48.6375
 20
43.27051270189222
 10
48.6097148834902
 20
43.253234806151276
 10
48.58311928549564
 20
43.23417667014562
 10
48.55782709244997
 20
43.21341990373949
 10
48.533946609406726
 20
43.19105339059328
 10
48.511580096260516
 20
43.16717290755004
 10
48.490823329854386
 20
43.14188071450437
 10
48.47176519384873
 20
43.11528511650981
 10
48.454487298107786
 20
43.087500000000006
 10
48.43906362923366
 20
43.058644345109506
 10
48.425560233744356
 20
43.02884171618255
 10
48.41403493525245
 20
42.998219732651584
 10
48.40453708685547
 20
42.96690952255127
 10
48.39710735979839
 20
42.93504516100807
 10
48.3917775693131
 20
42.90276309611003
 10
48.3885705383807
 20
42.87020156461508
 10
48.3875
 20
42.837500000000006
 10
48.3875
 20
29.837500000000006
 10
48.3885705383807
 20
29.804798435384935
 10
48.3917775693131
 20
29.77223690388998
 10
48.39710735979839
 20
29.73995483899194
 10
48.40453708685547
 20
29.708090477448746
 10
48.41403493525245
 20
29.676780267348423
 10
48.425560233744356
 20
29.64615828381746
 10
48.43906362923366
 20
29.616355654890505
 10
48.454487298107786
 20
29.587500000000006
 10
48.47176519384873
 20
29.559714883490205
 10
48.490823329854386
 20
29.533119285495644
 10
48.511580096260516
 20
29.507827092449972
 10
48.533946609406726
 20
29.483946609406733
 10
48.55782709244997
 20
29.461580096260516
 10
48.58311928549564
 20
29.44082332985439
 10
48.6097148834902
 20
29.42176519384873
 10
48.6375
 20
29.404487298107785
 10
48.6663556548905
 20
29.38906362923366
 10
48.69615828381746
 20
29.375560233744363
  0
LWPOLYLINE
  5
3B
330
17
100
AcDbEntity
  8
CUTOUTS
100
AcDbPolyline
 90
100
 70
1
 10
67.77678026734841
 20
29.36403493525245
 10
67.80809047744874
 20
29.354537086855473
 10
67.83995483899193
 20
29.34710735979839
 10
67.87223690388997
 20
29.341777569313102
 10
67.90479843538493
 20
29.338570538380704
 10
67.9375
 20
29.337500000000006
 10
80.9375
 20
29.337500000000006
 10
80.97020156461507
 20
29.338570538380704
 10
81.00276309611003
 20
29.341777569313102
 10
81.03504516100807
 20
29.34710735979839
 10
81.06690952255126
 20
29.354537086855473
 10
81.09821973265159
 20
29.36403493525245
 10
81.12884171618255
 20
29.375560233744363
 10
81.1586443451095
 20
29.38906362923366
 10
81.1875
 20
29.404487298107785
 10
81.2152851165098
 20
29.42176519384873
 10
81.24188071450436
 20
29.44082332985439
 10
81.26717290755003
 20
29.461580096260516
 10
81.29105339059328
 20
29.483946609406733
 10
81.31341990373949
 20
29.507827092449972
 10
81.33417667014562
 20
29.533119285495644
 10
81.35323480615128
 20
29.559714883490205
 10
81.37051270189222
 20
29.587500000000006
 10
81.38593637076634
 20
29.616355654890505
 10
81.39943976625564
 20
29.64615828381746
 10
81.41096506474756
 20
29.676780267348423
 10
81.42046291314453
 20
29.708090477448746
 10
81.42789264020162
 20
29.73995483899194
 10
81.43322243068691
 20
29.77223690388998
 10
81.4364294616193
 20
29.804798435384935
 10
81.4375
 20
29.837500000000006
 10
81.4375
 20
42.837500000000006
 10
81.4364294616193
 20
42.87020156461508
 10
81.43322243068691
 20
42.90276309611003
 10
81.42789264020162
 20
42.93504516100807
 10
81.42046291314453
 20
42.96690952255127
 10
81.41096506474756
 20
42.998219732651584
 10
81.39943976625564
 20
43.02884171618255
 10
81.38593637076634
 20
43.058644345109506
 10
81.37051270189222
 20
43.087500000000006
 10
81.35323480615128
 20
43.11528511650981
 10
81.33417667014562
 20
43.14188071450437
 10
81.31341990373949
 20
43.16717290755004
 10
81.29105339059328
 20
43.19105339059328
 10
81.26717290755003
 20
43.21341990373949
 10
81.24188071450436
 20
43.23417667014562
 10
81.2152851165098
 20
43.253234806151276
 10
81.1875
 20
43.27051270189222
 10
81.1586443451095
 20
43.28593637076635
 10
81.12884171618255
 20
43.29943976625565
 10
81.09821973265159
 20
43.310965064747556
 10
81.06690952255126
 20
43.32046291314454
 10
81.03504516100807
 20
43.32789264020162
 10
81.00276309611003
 20
43.33322243068691
 10
80.97020156461507
 20
43.33642946161931
 10
80.9375
 20
43.337500000000006
 10
67.9375
 20
43.337500000000006
 10
67.90479843538493
 20
43.33642946161931
 10
67.87223690388997
 20
43.33322243068691
 10
67.83995483899193
 20
43.32789264020162
 10
67.80809047744874
 20
43.32046291314454
 10
67.77678026734841
 20
43.310965064747556
 10
67.74615828381745
 20
43.29943976625565
 10
67.7163556548905
 20
43.28593637076635
 10
67.6875
 20
43.27051270189222
 10
67.6597148834902
 20
43.253234806151276
 10
67.63311928549564
 20
43.23417667014562
 10
67.60782709244997
 20
43.21341990373949
 10
67.58394660940672
 20
43.19105339059328
 10
67.56158009626051
 20
43.16717290755004
 10
67.54082332985438
 20
43.14188071450437
 10
67.52176519384872
 20
43.11528511650981
 10
67.50448729810778
 20
43.087500000000006
 10
67.48906362923366
 20
43.058644345109506
 10
67.47556023374436
 20
43.02884171618255
 10
67.46403493525244
 20
42.998219732651584
 10
67.45453708685547
 20
42.96690952255127
 10
67.44710735979838
 20
42.93504516100807
 10
67.44177756931309
 20
42.90276309611003
 10
67.4385705383807
 20
42.87020156461508
 10
67.4375
 20
42.837500000000006
 10
67.4375
 20
29.837500000000006
 10
67.4385705383807
 20
29.804798435384935
 10
67.44177756931309
 20
29.77223690388998
 10
67.44710735979838
 20
29.73995483899194
 10
67.45453708685547
 20
29.708090477448746
 10
67.46403493525244
 20
29.676780267348423
 10
67.47556023374436
 20
29.64615828381746
 10
67.48906362923366
 20
29.616355654890505
 10
67.50448729810778
 20
29.587500000000006
 10
67.52176519384872
 20
29.559714883490205
 10
67.54082332985438
 20
29.533119285495644
 10
67.56158009626051
 20
29.507827092449972
 10
67.58394660940672
 20
29.483946609406733
 10
67.60782709244997
 20
29.461580096260516
 10
67.63311928549564
 20
29.44082332985439
 10
67.6597148834902
 20
29.42176519384873
 10
67.6875
 20
29.404487298107785
 10
67.7163556548905
 20
29.38906362923366
 10
67.74615828381745
 20
29.375560233744363
  0
LWPOLYLINE
  5
3C
330
17
100
AcDbEntity
  8
CUTOUTS
100
AcDbPolyline
 90
100
 70
1
 10
13.03934047744874
 20
48.40453708685547
 10
13.071204838991935
 20
48.39710735979839
 10
13.103486903889973
 20
48.3917775693131
 10
13.136048435384927
 20
48.3885705383807
 10
13.16875
 20
48.3875
 10
26.16875
 20
48.3875
 10
26.20145156461507
 20
48.3885705383807
 10
26.234013096110026
 20
48.3917775693131
 10
26.266295161008063
 20
48.39710735979839
 10
26.29815952255126
 20
48.40453708685547
 10
26.32946973265158
 20
48.41403493525245
 10
26.360091716182545
 20
48.425560233744356
 10
26.3898943451095
 20
48.43906362923366
 10
26.41875
 20
48.454487298107786
 10
26.4465351165098
 20
48.47176519384873
 10
26.47313071450436
 20
48.490823329854386
 10
26.498422907550033
 20
48.511580096260516
 10
26.522303390593272
 20
48.533946609406726
 10
26.54466990373949
 20
48.55782709244997
 10
26.565426670145616
 20
48.58311928549564
 10
26.584484806151274
 20
48.6097148834902
 10
26.60176270189222
 20
48.6375
 10
26.617186370766344
 20
48.6663556548905
 10
26.630689766255642
 20
48.69615828381746
 10
26.642215064747553
 20
48.726780267348424
 10
26.651712913144532
 20
48.75809047744874
 10
26.659142640201615
 20
48.78995483899194
 10
26.664472430686903
 20
48.82223690388998
 10
26.6676794616193
 20
48.85479843538493
 10
26.66875
 20
48.8875
 10
26.66875
 20
61.8875
 10
26.6676794616193
 20
61.92020156461508
 10
26.664472430686903
 20
61.952763096110026
 10
26.659142640201615
 20
61.98504516100807
 10
26.651712913144532
 20
62.016909522551266
 10
26.642215064747553
 20
62.04821973265158
 10
26.630689766255642
 20
62.078841716182545
 10
26.617186370766344
 20
62.108644345109504
 10
26.60176270189222
 20
62.1375
 10
26.584484806151274
 20
62.16528511650981
 10
26.565426670145616
 20
62.191880714504364
 10
26.54466990373949
 20
62.21717290755004
 10
26.522303390593272
 20
62.24105339059328
 10
26.498422907550033
 20
62.26341990373949
 10
26.47313071450436
 20
62.28417667014562
 10
26.4465351165098
 20
62.30323480615127
 10
26.41875
 20
62.32051270189222
 10
26.3898943451095
 20
62.33593637076635
 10
26.360091716182545
 20
62.34943976625565
 10
26.32946973265158
 20
62.36096506474755
 10
26.29815952255126
 20
62.370462913144536
 10
26.266295161008063
 20
62.377892640201615
 10
26.234013096110026
 20
62.38322243068691
 10
26.20145156461507
 20
62.38642946161931
 10
26.16875
 20
62.3875
 10
13.16875
 20
62.3875
 10
13.136048435384927
 20
62.38642946161931
 10
13.103486903889973
 20
62.38322243068691
 10
13.071204838991935
 20
62.377892640201615
 10
13.03934047744874
 20
62.370462913144536
 10
13.008030267348419
 20
62.36096506474755
 10
12.977408283817454
 20
62.34943976625565
 10
12.947605654890499
 20
62.33593637076635
 10
12.91875
 20
62.32051270189222
 10
12.890964883490199
 20
62.30323480615127
 10
12.86436928549564
 20
62.28417667014562
 10
12.839077092449966
 20
62.26341990373949
 10
12.815196609406726
 20
62.24105339059328
 10
12.792830096260511
 20
62.21717290755004
 10
12.772073329854381
 20
62.191880714504364
 10
12.753015193848727
 20
62.16528511650981
 10
12.73573729810778
 20
62.1375
 10
12.720313629233654
 20
62.108644345109504
 10
12.706810233744356
 20
62.078841716182545
 10
12.695284935252447
 20
62.04821973265158
 10
12.685787086855465
 20
62.016909522551266
 10
12.678357359798383
 20
61.98504516100807
 10
12.673027569313094
 20
61.952763096110026
 10
12.669820538380698
 20
61.92020156461508
 10
12.66875
 20
61.8875
 10
12.66875
 20
48.8875
 10
12.669820538380698
 20
48.85479843538493
 10
12.673027569313094
 20
48.82223690388998
 10
12.678357359798383
 20
48.78995483899194
 10
12.685787086855465
 20
48.75809047744874
 10
12.695284935252447
 20
48.726780267348424
 10
12.706810233744356
 20
48.69615828381746
 10
12.720313629233654
 20
48.6663556548905
 10
12.73573729810778
 20
48.6375
 10
12.753015193848727
 20
48.6097148834902
 10
12.772073329854381
 20
48.58311928549564
 10
12.792830096260511
 20
48.55782709244997
 10
12.815196609406726
 20
48.533946609406726
 10
12.839077092449966
 20
48.511580096260516
 10
12.86436928549564
 20
48.490823329854386
 10
12.890964883490199
 20
48.47176519384873
 10
12.91875
 20
48.454487298107786
 10
12.947605654890499
 20
48.43906362923366
 10
12.977408283817454
 20
48.425560233744356
 10
13.008030267348419
 20
48.41403493525245
  0
LWPOLYLINE
  5
3D
330
17
100
AcDbEntity
  8
CUTOUTS
100
AcDbPolyline
 90
100
 70
1
 10
39.201780267348425
 20
48.41403493525245
 10
39.23309047744874
 20
48.40453708685547
 10
39.26495483899194
 20
48.39710735979839
 10
39.29723690388998
 20
48.3917775693131
 10
39.32979843538493
 20
48.3885705383807
 10
39.362500000000004
 20
48.3875
 10
52.362500000000004
 20
48.3875
 10
52.39520156461508
 20
48.3885705383807
 10
52.42776309611003
 20
48.3917775693131
 10
52.46004516100807
 20
48.39710735979839
 10
52.49190952255127
 20
48.40453708685547
 10
52.52321973265158
 20
48.41403493525245
 10
52.553841716182546
 20
48.425560233744356
 10
52.583644345109505
 20
48.43906362923366
 10
52.612500000000004
 20
48.454487298107786
 10
52.64028511650981
 20
48.47176519384873
 10
52.666880714504366
 20
48.490823329854386
 10
52.69217290755004
 20
48.511580096260516
 10
52.71605339059328
 20
48.533946609406726
 10
52.73841990373949
 20
48.55782709244997
 10
52.75917667014562
 20
48.58311928549564
 10
52.778234806151275
 20
48.6097148834902
 10
52.79551270189222
 20
48.6375
 10
52.81093637076635
 20
48.6663556548905
 10
52.82443976625565
 20
48.69615828381746
 10
52.835965064747555
 20
48.726780267348424
 10
52.84546291314454
 20
48.75809047744874
 10
52.85289264020162
 20
48.78995483899194
 10
52.85822243068691
 20
48.82223690388998
 10
52.86142946161931
 20
48.85479843538493
 10
52.862500000000004
 20
48.8875
 10
52.862500000000004
 20
61.8875
 10
52.86142946161931
 20
61.92020156461508
 10
52.85822243068691
 20
61.952763096110026
 10
52.85289264020162
 20
61.98504516100807
 10
52.84546291314454
 20
62.016909522551266
 10
52.835965064747555
 20
62.04821973265158
 10
52.82443976625565
 20
62.078841716182545
 10
52.81093637076635
 20
62.108644345109504
 10
52.79551270189222
 20
62.1375
 10
52.778234806151275
 20
62.16528511650981
 10
52.75917667014562
 20
62.191880714504364
 10
52.73841990373949
 20
62.21717290755004
 10
52.71605339059328
 20
62.24105339059328
 10
52.69217290755004
 20
62.26341990373949
 10
52.666880714504366
 20
62.28417667014562
 10
52.64028511650981
 20
62.30323480615127
 10
52.612500000000004
 20
62.32051270189222
 10
52.583644345109505
 20
62.33593637076635
 10
52.553841716182546
 20
62.34943976625565
 10
52.52321973265158
 20
62.36096506474755
 10
52.49190952255127
 20
62.370462913144536
 10
52.46004516100807
 20
62.377892640201615
 10
52.42776309611003
 20
62.38322243068691
 10
52.39520156461508
 20
62.38642946161931
 10
52.362500000000004
 20
62.3875
 10
39.362500000000004
 20
62.3875
 10
39.32979843538493
 20
62.38642946161931
 10
39.29723690388998
 20
62.38322243068691
 10
39.26495483899194
 20
62.377892640201615
 10
39.23309047744874
 20
62.370462913144536
 10
39.201780267348425
 20
62.36096506474755
 10
39.17115828381746
 20
62.34943976625565
 10
39.1413556548905
 20
62.33593637076635
 10
39.112500000000004
 20
62.32051270189222
 10
39.0847148834902
 20
62.30323480615127
 10
39.05811928549564
 20
62.28417667014562
 10
39.03282709244997
 20
62.26341990373949
 10
39.00894660940673
 20
62.24105339059328
 10
38.98658009626052
 20
62.21717290755004
 10
38.96582332985439
 20
62.191880714504364
 10
38.946765193848734
 20
62.16528511650981
 10
38.92948729810779
 20
62.1375
 10
38.91406362923366
 20
62.108644345109504
 10
38.90056023374436
 20
62.078841716182545
 10
38.889034935252454
 20
62.04821973265158
 10
38.87953708685547
 20
62.016909522551266
 10
38.87210735979839
 20
61.98504516100807
 10
38.8667775693131
 20
61.952763096110026
 10
38.8635705383807
 20
61.92020156461508
 10
38.862500000000004
 20
61.8875
 10
38.862500000000004
 20
48.8875
 10
38.8635705383807
 20
48.85479843538493
 10
38.8667775693131
 20
48.82223690388998
 10
38.87210735979839
 20
48.78995483899194
 10
38.87953708685547
 20
48.75809047744874
 10
38.889034935252454
 20
48.726780267348424
 10
38.90056023374436
 20
48.69615828381746
 10
38.91406362923366
 20
48.6663556548905
 10
38.92948729810779
 20
48.6375
 10
38.946765193848734
 20
48.6097148834902
 10
38.96582332985439
 20
48.58311928549564
 10
38.98658009626052
 20
48.55782709244997
 10
39.00894660940673
 20
48.533946609406726
 10
39.03282709244997
 20
48.511580096260516
 10
39.05811928549564
 20
48.490823329854386
 10
39.0847148834902
 20
48.47176519384873
 10
39.112500000000004
 20
48.454487298107786
 10
39.1413556548905
 20
48.43906362923366
 10
39.17115828381746
 20
48.425560233744356
  0
LWPOLYLINE
  5
3E
330
17
100
AcDbEntity
  8
CUTOUTS
100
AcDbPolyline
 90
100
 70
1
 10
58.251780267348416
 20
48.41403493525245
 10
58.28309047744873
 20
48.40453708685547
 10
58.31495483899193
 20
48.39710735979839
 10
58.34723690388997
 20
48.3917775693131
 10
58.37979843538492
 20
48.3885705383807
 10
58.412499999999994
 20
48.3875
 10
71.4125
 20
48.3875
 10
71.44520156461506
 20
48.3885705383807
 10
71.47776309611002
 20
48.3917775693131
 10
71.51004516100807
 20
48.39710735979839
 10
71.54190952255125
 20
48.40453708685547
 10
71.57321973265158
 20
48.41403493525245
 10
71.60384171618254
 20
48.425560233744356
 10
71.63364434510949
 20
48.43906362923366
 10
71.6625
 20
48.454487298107786
 10
71.6902851165098
 20
48.47176519384873
 10
71.71688071450436
 20
48.490823329854386
 10
71.74217290755003
 20
48.511580096260516
 10
71.76605339059327
 20
48.533946609406726
 10
71.78841990373948
 20
48.55782709244997
 10
71.80917667014562
 20
48.58311928549564
 10
71.82823480615127
 20
48.6097148834902
 10
71.84551270189222
 20
48.6375
 10
71.86093637076634
 20
48.6663556548905
 10
71.87443976625563
 20
48.69615828381746
 10
71.88596506474755
 20
48.726780267348424
 10
71.89546291314453
 20
48.75809047744874
 10
71.90289264020161
 20
48.78995483899194
 10
71.9082224306869
 20
48.82223690388998
 10
71.91142946161929
 20
48.85479843538493
 10
71.9125
 20
48.8875
 10
71.9125
 20
61.8875
 10
71.91142946161929
 20
61.92020156461508
 10
71.9082224306869
 20
61.952763096110026
 10
71.90289264020161
 20
61.98504516100807
 10
71.89546291314453
 20
62.016909522551266
 10
71.88596506474755
 20
62.04821973265158
 10
71.87443976625563
 20
62.078841716182545
 10
71.86093637076634
 20
62.108644345109504
 10
71.84551270189222
 20
62.1375
 10
71.82823480615127
 20
62.16528511650981
 10
71.80917667014562
 20
62.191880714504364
 10
71.78841990373948
 20
62.21717290755004
 10
71.76605339059327
 20
62.24105339059328
 10
71.74217290755003
 20
62.26341990373949
 10
71.71688071450436
 20
62.28417667014562
 10
71.6902851165098
 20
62.30323480615127
 10
71.6625
 20
62.32051270189222
 10
71.63364434510949
 20
62.33593637076635
 10
71.60384171618254
 20
62.34943976625565
 10
71.57321973265158
 20
62.36096506474755
 10
71.54190952255125
 20
62.370462913144536
 10
71.51004516100807
 20
62.377892640201615
 10
71.47776309611002
 20
62.38322243068691
 10
71.44520156461506
 20
62.38642946161931
 10
71.4125
 20
62.3875
 10
58.412499999999994
 20
62.3875
 10
58.37979843538492
 20
62.38642946161931
 10
58.34723690388997
 20
62.38322243068691
 10
58.31495483899193
 20
62.377892640201615
 10
58.28309047744873
 20
62.370462913144536
 10
58.251780267348416
 20
62.36096506474755
 10
58.22115828381745
 20
62.34943976625565
 10
58.191355654890494
 20
62.33593637076635
 10
58.162499999999994
 20
62.32051270189222
 10
58.13471488349019
 20
62.30323480615127
 10
58.10811928549563
 20
62.28417667014562
 10
58.08282709244996
 20
62.26341990373949
 10
58.05894660940672
 20
62.24105339059328
 10
58.03658009626051
 20
62.21717290755004
 10
58.01582332985438
 20
62.191880714504364
 10
57.996765193848724
 20
62.16528511650981
 10
57.97948729810778
 20
62.1375
 10
57.96406362923365
 20
62.108644345109504
 10
57.95056023374435
 20
62.078841716182545
 10
57.939034935252444
 20
62.04821973265158
 10
57.92953708685546
 20
62.016909522551266
 10
57.92210735979838
 20
61.98504516100807
 10
57.91677756931309
 20
61.952763096110026
 10
57.91357053838069
 20
61.92020156461508
 10
57.912499999999994
 20
61.8875
 10
57.912499999999994
 20
48.8875
 10
57.91357053838069
 20
48.85479843538493
 10
57.91677756931309
 20
48.82223690388998
 10
57.92210735979838
 20
48.78995483899194
 10
57.92953708685546
 20
48.75809047744874
 10
57.939034935252444
 20
48.726780267348424
 10
57.95056023374435
 20
48.69615828381746
 10
57.96406362923365
 20
48.6663556548905
 10
57.97948729810778
 20
48.6375
 10
57.996765193848724
 20
48.6097148834902
 10
58.01582332985438
 20
48.58311928549564
 10
58.03658009626051
 20
48.55782709244997
 10
58.05894660940672
 20
48.533946609406726
 10
58.08282709244996
 20
48.511580096260516
 10
58.10811928549563
 20
48.490823329854386
 10
58.13471488349019
 20
48.47176519384873
 10
58.162499999999994
 20
48.454487298107786
 10
58.191355654890494
 20
48.43906362923366
 10
58.22115828381745
 20
48.425560233744356
  0
LWPOLYLINE
  5
3F
330
17
100
AcDbEntity
  8
FLEX
100
AcDbPolyline
 90
66
 70
1
 10
1.6708472413909874
 20
81.57658804209561
 10
1.645672280493228
 20
81.52336005941906
 10
1.6258357985606748
 20
81.46792080635268
 10
1.6115288317580618
 20
81.41080419320969
 10
1.6028891639966822
 20
81.35256028419774
 10
1.6
 20
81.29375
 10
1.6
 20
53.29375
 10
1.6028891639966822
 20
53.23493971580227
 10
1.6115288317580618
 20
53.17669580679033
 10
1.6258357985606748
 20
53.119579193647326
 10
1.645672280493228
 20
53.06413994058095
 10
1.6708472413909874
 20
53.010911957904405
 10
1.701118232618473
 20
52.96040786018824
 10
1.736193727982358
 20
52.91311402950181
 10
1.7757359312880716
 20
52.869485931288075
 10
1.819364029501813
 20
52.82994372798236
 10
1.866657860188239
 20
52.79486823261848
 10
1.9171619579044017
 20
52.76459724139099
 10
1.9703899405809464
 20
52.73942228049323
 10
2.025829193647323
 20
52.71958579856068
 10
2.082945806790323
 20
52.705278831758065
 10
2.141189715802264
 20
52.696639163996686
 10
2.2
 20
52.69375
 10
2.2588102841977364
 20
52.696639163996686
 10
2.3170541932096773
 20
52.705278831758065
 10
2.3741708063526774
 20
52.71958579856068
 10
2.429610059419054
 20
52.73942228049323
 10
2.4828380420955987
 20
52.76459724139099
 10
2.5333421398117615
 20
52.79486823261848
 10
2.5806359704981876
 20
52.82994372798236
 10
2.6242640687119287
 20
52.869485931288075
 10
2.6638062720176423
 20
52.91311402950181
 10
2.6988817673815273
 20
52.96040786018824
 10
2.729152758609013
 20
53.010911957904405
 10
2.7543277195067724
 20
53.06413994058095
 10
2.7741642014393255
 20
53.119579193647326
 10
2.7884711682419385
 20
53.17669580679033
 10
2.797110836003318
 20
53.23493971580227
 10
2.8000000000000003
 20
53.29375
 10
2.8000000000000003
 20
81.29375
 10
2.797110836003318
 20
81.35256028419774
 10
2.7884711682419385
 20
81.41080419320969
 10
2.7741642014393255
 20
81.46792080635268
 10
2.7543277195067724
 20
81.52336005941906
 10
2.729152758609013
 20
81.57658804209561
 10
2.6988817673815273
 20
81.62709213981177
 10
2.6638062720176423
 20
81.6743859704982
 10
2.6242640687119287
 20
81.71801406871194
 10
2.5806359704981876
 20
81.75755627201765
 10
2.5333421398117615
 20
81.79263176738154
 10
2.4828380420955987
 20
81.82290275860902
 10
2.429610059419054
 20
81.84807771950678
 10
2.3741708063526774
 20
81.86791420143933
 10
2.3170541932096773
 20
81.88222116824194
 10
2.2588102841977364
 20
81.89086083600333
 10
2.2
 20
81.89375
 10
2.141189715802264
 20
81.89086083600333
 10
2.082945806790323
 20
81.88222116824194
 10
2.025829193647323
 20
81.86791420143933
 10
1.9703899405809464
 20
81.84807771950678
 10
1.9171619579044017
 20
81.82290275860902
 10
1.866657860188239
 20
81.79263176738154
 10
1.819364029501813
 20
81.75755627201765
 10
1.7757359312880716
 20
81.71801406871194
 10
1.736193727982358
 20
81.6743859704982
 10
1.701118232618473
 20
81.62709213981177
  0
LWPOLYLINE
  5
40
330
17
100
AcDbEntity
  8
CUTOUTS
100
AcDbPolyline
 90
100
 70
1
 10
10.62678026734842
 20
67.46403493525244
 10
10.658090477448741
 20
67.45453708685547
 10
10.689954838991937
 20
67.44710735979838
 10
10.722236903889975
 20
67.44177756931309
 10
10.754798435384929
 20
67.4385705383807
 10
10.787500000000001
 20
67.4375
 10
23.7875
 20
67.4375
 10
23.820201564615072
 20
67.4385705383807
 10
23.852763096110028
 20
67.44177756931309
 10
23.885045161008065
 20
67.44710735979838
 10
23.91690952255126
 20
67.45453708685547
 10
23.948219732651584
 20
67.46403493525244
 10
23.978841716182547
 20
67.47556023374436
 10
24.008644345109502
 20
67.48906362923366
 10
24.0375
 20
67.50448729810778
 10
24.065285116509802
 20
67.52176519384872
 10
24.091880714504363
 20
67.54082332985438
 10
24.117172907550035
 20
67.56158009626051
 10
24.141053390593274
 20
67.58394660940672
 10
24.16341990373949
 20
67.60782709244997
 10
24.184176670145618
 20
67.63311928549564
 10
24.203234806151276
 20
67.6597148834902
 10
24.220512701892222
 20
67.6875
 10
24.235936370766346
 20
67.7163556548905
 10
24.249439766255644
 20
67.74615828381745
 10
24.260965064747555
 20
67.77678026734841
 10
24.270462913144534
 20
67.80809047744874
 10
24.277892640201618
 20
67.83995483899193
 10
24.283222430686905
 20
67.87223690388997
 10
24.286429461619303
 20
67.90479843538493
 10
24.2875
 20
67.9375
 10
24.2875
 20
80.9375
 10
24.286429461619303
 20
80.97020156461507
 10
24.283222430686905
 20
81.00276309611003
 10
24.277892640201618
 20
81.03504516100807
 10
24.270462913144534
 20
81.06690952255126
 10
24.260965064747555
 20
81.09821973265159
 10
24.249439766255644
 20
81.12884171618255
 10
24.235936370766346
 20
81.1586443451095
 10
24.220512701892222
 20
81.1875
 10
24.203234806151276
 20
81.2152851165098
 10
24.184176670145618
 20
81.24188071450436
 10
24.16341990373949
 20
81.26717290755003
 10
24.141053390593274
 20
81.29105339059328
 10
24.117172907550035
 20
81.31341990373949
 10
24.091880714504363
 20
81.33417667014562
 10
24.065285116509802
 20
81.35323480615128
 10
24.0375
 20
81.37051270189222
 10
24.008644345109502
 20
81.38593637076634
 10
23.978841716182547
 20
81.39943976625564
 10
23.948219732651584
 20
81.41096506474756
 10
23.91690952255126
 20
81.42046291314453
 10
23.885045161008065
 20
81.42789264020162
 10
23.852763096110028
 20
81.43322243068691
 10
23.820201564615072
 20
81.4364294616193
 10
23.7875
 20
81.4375
 10
10.787500000000001
 20
81.4375
 10
10.754798435384929
 20
81.4364294616193
 10
10.722236903889975
 20
81.43322243068691
 10
10.689954838991937
 20
81.42789264020162
 10
10.658090477448741
 20
81.42046291314453
 10
10.62678026734842
 20
81.41096506474756
 10
10.596158283817456
 20
81.39943976625564
 10
10.5663556548905
 20
81.38593637076634
 10
10.537500000000001
 20
81.37051270189222
 10
10.5097148834902
 20
81.35323480615128
 10
10.483119285495642
 20
81.33417667014562
 10
10.457827092449968
 20
81.31341990373949
 10
10.433946609406728
 20
81.29105339059328
 10
10.411580096260513
 20
81.26717290755003
 10
10.390823329854383
 20
81.24188071450436
 10
10.371765193848729
 20
81.2152851165098
 10
10.354487298107783
 20
81.1875
 10
10.339063629233657
 20
81.1586443451095
 10
10.325560233744358
 20
81.12884171618255
 10
10.31403493525245
 20
81.09821973265159
 10
10.304537086855467
 20
81.06690952255126
 10
10.297107359798385
 20
81.03504516100807
 10
10.291777569313096
 20
81.00276309611003
 10
10.2885705383807
 20
80.97020156461507
 10
10.287500000000001
 20
80.9375
 10
10.287500000000001
 20
67.9375
 10
10.2885705383807
 20
67.90479843538493
 10
10.291777569313096
 20
67.87223690388997
 10
10.297107359798385
 20
67.83995483899193
 10
10.304537086855467
 20
67.80809047744874
 10
10.31403493525245
 20
67.77678026734841
 10
10.325560233744358
 20
67.74615828381745
 10
10.339063629233657
 20
67.7163556548905
 10
10.354487298107783
 20
67.6875
 10
10.371765193848729
 20
67.6597148834902
 10
10.390823329854383
 20
67.63311928549564
 10
10.411580096260513
 20
67.60782709244997
 10
10.433946609406728
 20
67.58394660940672
 10
10.457827092449968
 20
67.56158009626051
 10
10.483119285495642
 20
67.54082332985438
 10
10.5097148834902
 20
67.52176519384872
 10
10.537500000000001
 20
67.50448729810778
 10
10.5663556548905
 20
67.48906362923366
 10
10.596158283817456
 20
67.47556023374436
  0
LWPOLYLINE
  5
41
330
17
100
AcDbEntity
  8
CUTOUTS
100
AcDbPolyline
 90
100
 70
1
 10
34.43928026734842
 20
67.46403493525244
 10
34.47059047744874
 20
67.45453708685547
 10
34.50245483899194
 20
67.44710735979838
 10
34.53473690388998
 20
67.44177756931309
 10
34.56729843538493
 20
67.4385705383807
 10
34.6
 20
67.4375
 10
47.6
 20
67.4375
 10
47.632701564615076
 20
67.4385705383807
 10
47.665263096110024
 20
67.44177756931309
 10
47.697545161008065
 20
67.44710735979838
 10
47.729409522551265
 20
67.45453708685547
 10
47.76071973265158
 20
67.46403493525244
 10
47.791341716182544
 20
67.47556023374436
 10
47.8211443451095
 20
67.48906362923366
 10
47.85
 20
67.50448729810778
 10
47.877785116509806
 20
67.52176519384872
 10
47.90438071450436
 20
67.54082332985438
 10
47.929672907550035
 20
67.56158009626051
 10
47.95355339059328
 20
67.58394660940672
 10
47.97591990373949
 20
67.60782709244997
 10
47.99667667014562
 20
67.63311928549564
 10
48.01573480615127
 20
67.6597148834902
 10
48.03301270189222
 20
67.6875
 10
48.048436370766346
 20
67.7163556548905
 10
48.06193976625565
 20
67.74615828381745
 10
48.07346506474755
 20
67.77678026734841
 10
48.082962913144534
 20
67.80809047744874
 10
48.090392640201614
 20
67.83995483899193
 10
48.095722430686905
 20
67.87223690388997
 10
48.098929461619306
 20
67.90479843538493
 10
48.1
 20
67.9375
 10
48.1
 20
80.9375
 10
48.098929461619306
 20
80.97020156461507
 10
48.095722430686905
 20
81.00276309611003
 10
48.090392640201614
 20
81.03504516100807
 10
48.082962913144534
 20
81.06690952255126
 10
48.07346506474755
 20
81.09821973265159
 10
48.06193976625565
 20
81.12884171618255
 10
48.048436370766346
 20
81.1586443451095
 10
48.03301270189222
 20
81.1875
 10
48.01573480615127
 20
81.2152851165098
 10
47.99667667014562
 20
81.24188071450436
 10
47.97591990373949
 20
81.26717290755003
 10
47.95355339059328
 20
81.29105339059328
 10
47.929672907550035
 20
81.31341990373949
 10
47.90438071450436
 20
81.33417667014562
 10
47.877785116509806
 20
81.35323480615128
 10
47.85
 20
81.37051270189222
 10
47.8211443451095
 20
81.38593637076634
 10
47.791341716182544
 20
81.39943976625564
 10
47.76071973265158
 20
81.41096506474756
 10
47.729409522551265
 20
81.42046291314453
 10
47.697545161008065
 20
81.42789264020162
 10
47.665263096110024
 20
81.43322243068691
 10
47.632701564615076
 20
81.4364294616193
 10
47.6
 20
81.4375
 10
34.6
 20
81.4375
 10
34.56729843538493
 20
81.4364294616193
 10
34.53473690388998
 20
81.43322243068691
 10
34.50245483899194
 20
81.42789264020162
 10
34.47059047744874
 20
81.42046291314453
 10
34.43928026734842
 20
81.41096506474756
 10
34.40865828381746
 20
81.39943976625564
 10
34.3788556548905
 20
81.38593637076634
 10
34.35
 20
81.37051270189222
 10
34.3222148834902
 20
81.35323480615128
 10
34.29561928549564
 20
81.33417667014562
 10
34.27032709244997
 20
81.31341990373949
 10
34.246446609406725
 20
81.29105339059328
 10
34.224080096260515
 20
81.26717290755003
 10
34.203323329854385
 20
81.24188071450436
 10
34.18426519384873
 20
81.2152851165098
 10
34.166987298107784
 20
81.1875
 10
34.15156362923366
 20
81.1586443451095
 10
34.138060233744355
 20
81.12884171618255
 10
34.12653493525245
 20
81.09821973265159
 10
34.11703708685547
 20
81.06690952255126
 10
34.10960735979839
 20
81.03504516100807
 10
34.1042775693131
 20
81.00276309611003
 10
34.1010705383807
 20
80.97020156461507
 10
34.1
 20
80.9375
 10
34.1
 20
67.9375
 10
34.1010705383807
 20
67.90479843538493
 10
34.1042775693131
 20
67.87223690388997
 10
34.10960735979839
 20
67.83995483899193
 10
34.11703708685547
 20
67.80809047744874
 10
34.12653493525245
 20
67.77678026734841
 10
34.138060233744355
 20
67.74615828381745
 10
34.15156362923366
 20
67.7163556548905
 10
34.166987298107784
 20
67.6875
 10
34.18426519384873
 20
67.6597148834902
 10
34.203323329854385
 20
67.63311928549564
 10
34.224080096260515
 20
67.60782709244997
 10
34.246446609406725
 20
67.58394660940672
 10
34.27032709244997
 20
67.56158009626051
 10
34.29561928549564
 20
67.54082332985438
 10
34.3222148834902
 20
67.52176519384872
 10
34.35
 20
67.50448729810778
 10
34.3788556548905
 20
67.48906362923366
 10
34.40865828381746
 20
67.47556023374436
  0
LWPOLYLINE
  5
42
330
17
100
AcDbEntity
  8
CUTOUTS
100
AcDbPolyline
 90
100
 70
1
 10
53.52059047744874
 20
67.45453708685547
 10
53.55245483899194
 20
67.44710735979838
 10
53.58473690388998
 20
67.44177756931309
 10
53.61729843538493
 20
67.4385705383807
 10
53.650000000000006
 20
67.4375
 10
66.65
 20
67.4375
 10
66.68270156461507
 20
67.4385705383807
 10
66.71526309611004
 20
67.44177756931309
 10
66.74754516100808
 20
67.44710735979838
 10
66.77940952255126
 20
67.45453708685547
 10
66.81071973265159
 20
67.46403493525244
 10
66.84134171618255
 20
67.47556023374436
 10
66.8711443451095
 20
67.48906362923366
 10
66.9
 20
67.50448729810778
 10
66.92778511650981
 20
67.52176519384872
 10
66.95438071450437
 20
67.54082332985438
 10
66.97967290755004
 20
67.56158009626051
 10
67.00355339059328
 20
67.58394660940672
 10
67.02591990373949
 20
67.60782709244997
 10
67.04667667014563
 20
67.63311928549564
 10
67.06573480615128
 20
67.6597148834902
 10
67.08301270189223
 20
67.6875
 10
67.09843637076635
 20
67.7163556548905
 10
67.11193976625565
 20
67.74615828381745
 10
67.12346506474756
 20
67.77678026734841
 10
67.13296291314454
 20
67.80809047744874
 10
67.14039264020163
 20
67.83995483899193
 10
67.14572243068692
 20
67.87223690388997
 10
67.1489294616193
 20
67.90479843538493
 10
67.15
 20
67.9375
 10
67.15
 20
80.9375
 10
67.1489294616193
 20
80.97020156461507
 10
67.14572243068692
 20
81.00276309611003
 10
67.14039264020163
 20
81.03504516100807
 10
67.13296291314454
 20
81.06690952255126
 10
67.12346506474756
 20
81.09821973265159
 10
67.11193976625565
 20
81.12884171618255
 10
67.09843637076635
 20
81.1586443451095
 10
67.08301270189223
 20
81.1875
 10
67.06573480615128
 20
81.2152851165098
 10
67.04667667014563
 20
81.24188071450436
 10
67.02591990373949
 20
81.26717290755003
 10
67.00355339059328
 20
81.29105339059328
 10
66.97967290755004
 20
81.31341990373949
 10
66.95438071450437
 20
81.33417667014562
 10
66.92778511650981
 20
81.35323480615128
 10
66.9
 20
81.37051270189222
 10
66.8711443451095
 20
81.38593637076634
 10
66.84134171618255
 20
81.39943976625564
 10
66.81071973265159
 20
81.41096506474756
 10
66.77940952255126
 20
81.42046291314453
 10
66.74754516100808
 20
81.42789264020162
 10
66.71526309611004
 20
81.43322243068691
 10
66.68270156461507
 20
81.4364294616193
 10
66.65
 20
81.4375
 10
53.650000000000006
 20
81.4375
 10
53.61729843538493
 20
81.4364294616193
 10
53.58473690388998
 20
81.43322243068691
 10
53.55245483899194
 20
81.42789264020162
 10
53.52059047744874
 20
81.42046291314453
 10
53.48928026734843
 20
81.41096506474756
 10
53.45865828381746
 20
81.39943976625564
 10
53.428855654890505
 20
81.38593637076634
 10
53.400000000000006
 20
81.37051270189222
 10
53.3722148834902
 20
81.35323480615128
 10
53.345619285495644
 20
81.33417667014562
 10
53.32032709244997
 20
81.31341990373949
 10
53.29644660940673
 20
81.29105339059328
 10
53.27408009626052
 20
81.26717290755003
 10
53.25332332985439
 20
81.24188071450436
 10
53.234265193848735
 20
81.2152851165098
 10
53.21698729810779
 20
81.1875
 10
53.20156362923366
 20
81.1586443451095
 10
53.18806023374436
 20
81.12884171618255
 10
53.176534935252455
 20
81.09821973265159
 10
53.16703708685547
 20
81.06690952255126
 10
53.15960735979839
 20
81.03504516100807
 10
53.1542775693131
 20
81.00276309611003
 10
53.1510705383807
 20
80.97020156461507
 10
53.150000000000006
 20
80.9375
 10
53.150000000000006
 20
67.9375
 10
53.1510705383807
 20
67.90479843538493
 10
53.1542775693131
 20
67.87223690388997
 10
53.15960735979839
 20
67.83995483899193
 10
53.16703708685547
 20
67.80809047744874
 10
53.176534935252455
 20
67.77678026734841
 10
53.18806023374436
 20
67.74615828381745
 10
53.20156362923366
 20
67.7163556548905
 10
53.21698729810779
 20
67.6875
 10
53.234265193848735
 20
67.6597148834902
 10
53.25332332985439
 20
67.63311928549564
 10
53.27408009626052
 20
67.60782709244997
 10
53.29644660940673
 20
67.58394660940672
 10
53.32032709244997
 20
67.56158009626051
 10
53.345619285495644
 20
67.54082332985438
 10
53.3722148834902
 20
67.52176519384872
 10
53.400000000000006
 20
67.50448729810778
 10
53.428855654890505
 20
67.48906362923366
 10
53.45865828381746
 20
67.47556023374436
 10
53.48928026734843
 20
67.46403493525244
  0
LWPOLYLINE
  5
43
330
17
100
AcDbEntity
  8
CUTOUTS
100
AcDbPolyline
 90
100
 70
1
 10
72.53928026734842
 20
67.46403493525244
 10
72.57059047744875
 20
67.45453708685547
 10
72.60245483899193
 20
67.44710735979838
 10
72.63473690388997
 20
67.44177756931309
 10
72.66729843538494
 20
67.4385705383807
 10
72.7
 20
67.4375
 10
85.7
 20
67.4375
 10
85.73270156461507
 20
67.4385705383807
 10
85.76526309611003
 20
67.44177756931309
 10
85.79754516100807
 20
67.44710735979838
 10
85.82940952255126
 20
67.45453708685547
 10
85.86071973265159
 20
67.46403493525244
 10
85.89134171618255
 20
67.47556023374436
 10
85.9211443451095
 20
67.48906362923366
 10
85.95
 20
67.50448729810778
 10
85.9777851165098
 20
67.52176519384872
 10
86.00438071450436
 20
67.54082332985438
 10
86.02967290755004
 20
67.56158009626051
 10
86.05355339059328
 20
67.58394660940672
 10
86.07591990373949
 20
67.60782709244997
 10
86.09667667014563
 20
67.63311928549564
 10
86.11573480615128
 20
67.6597148834902
 10
86.13301270189223
 20
67.6875
 10
86.14843637076635
 20
67.7163556548905
 10
86.16193976625564
 20
67.74615828381745
 10
86.17346506474756
 20
67.77678026734841
 10
86.18296291314454
 20
67.80809047744874
 10
86.19039264020162
 20
67.83995483899193
 10
86.19572243068691
 20
67.87223690388997
 10
86.1989294616193
 20
67.90479843538493
 10
86.2
 20
67.9375
 10
86.2
 20
80.9375
 10
86.1989294616193
 20
80.97020156461507
 10
86.19572243068691
 20
81.00276309611003
 10
86.19039264020162
 20
81.03504516100807
 10
86.18296291314454
 20
81.06690952255126
 10
86.17346506474756
 20
81.09821973265159
 10
86.16193976625564
 20
81.12884171618255
 10
86.14843637076635
 20
81.1586443451095
 10
86.13301270189223
 20
81.1875
 10
86.11573480615128
 20
81.2152851165098
 10
86.09667667014563
 20
81.24188071450436
 10
86.07591990373949
 20
81.26717290755003
 10
86.05355339059328
 20
81.29105339059328
 10
86.02967290755004
 20
81.31341990373949
 10
86.00438071450436
 20
81.33417667014562
 10
85.9777851165098
 20
81.35323480615128
 10
85.95
 20
81.37051270189222
 10
85.9211443451095
 20
81.38593637076634
 10
85.89134171618255
 20
81.39943976625564
 10
85.86071973265159
 20
81.41096506474756
 10
85.82940952255126
 20
81.42046291314453
 10
85.79754516100807
 20
81.42789264020162
 10
85.76526309611003
 20
81.43322243068691
 10
85.73270156461507
 20
81.4364294616193
 10
85.7
 20
81.4375
 10
72.7
 20
81.4375
 10
72.66729843538494
 20
81.4364294616193
 10
72.63473690388997
 20
81.43322243068691
 10
72.60245483899193
 20
81.42789264020162
 10
72.57059047744875
 20
81.42046291314453
 10
72.53928026734842
 20
81.41096506474756
 10
72.50865828381745
 20
81.39943976625564
 10
72.47885565489051
 20
81.38593637076634
 10
72.45
 20
81.37051270189222
 10
72.4222148834902
 20
81.35323480615128
 10
72.39561928549564
 20
81.33417667014562
 10
72.37032709244997
 20
81.31341990373949
 10
72.34644660940673
 20
81.29105339059328
 10
72.32408009626052
 20
81.26717290755003
 10
72.30332332985438
 20
81.24188071450436
 10
72.28426519384873
 20
81.2152851165098
 10
72.26698729810778
 20
81.1875
 10
72.25156362923366
 20
81.1586443451095
 10
72.23806023374436
 20
81.12884171618255
 10
72.22653493525245
 20
81.09821973265159
 10
72.21703708685547
 20
81.06690952255126
 10
72.20960735979838
 20
81.03504516100807
 10
72.20427756931309
 20
81.00276309611003
 10
72.2010705383807
 20
80.97020156461507
 10
72.2
 20
80.9375
 10
72.2
 20
67.9375
 10
72.2010705383807
 20
67.90479843538493
 10
72.20427756931309
 20
67.87223690388997
 10
72.20960735979838
 20
67.83995483899193
 10
72.21703708685547
 20
67.80809047744874
 10
72.22653493525245
 20
67.77678026734841
 10
72.23806023374436
 20
67.74615828381745
 10
72.25156362923366
 20
67.7163556548905
 10
72.26698729810778
 20
67.6875
 10
72.28426519384873
 20
67.6597148834902
 10
72.30332332985438
 20
67.63311928549564
 10
72.32408009626052
 20
67.60782709244997
 10
72.34644660940673
 20
67.58394660940672
 10
72.37032709244997
 20
67.56158009626051
 10
72.39561928549564
 20
67.54082332985438
 10
72.4222148834902
 20
67.52176519384872
 10
72.45
 20
67.50448729810778
 10
72.47885565489051
 20
67.48906362923366
 10
72.50865828381745
 20
67.47556023374436
  0
LWPOLYLINE
  5
44
330
17
100
AcDbEntity
  8
CUTOUTS
100
AcDbPolyline
 90
100
 70
1
 10
5.86428026734842
 20
86.51403493525245
 10
5.8955904774487395
 20
86.50453708685548
 10
5.927454838991936
 20
86.49710735979839
 10
5.959736903889975
 20
86.4917775693131
 10
5.992298435384929
 20
86.48857053838071
 10
6.025
 20
86.48750000000001
 10
19.025
 20
86.48750000000001
 10
19.05770156461507
 20
86.48857053838071
 10
19.090263096110025
 20
86.4917775693131
 10
19.122545161008063
 20
86.49710735979839
 10
19.15440952255126
 20
86.50453708685548
 10
19.18571973265158
 20
86.51403493525245
 10
19.216341716182544
 20
86.52556023374437
 10
19.2461443451095
 20
86.53906362923367
 10
19.275
 20
86.55448729810779
 10
19.3027851165098
 20
86.57176519384873
 10
19.32938071450436
 20
86.59082332985439
 10
19.354672907550032
 20
86.61158009626052
 10
19.37855339059327
 20
86.63394660940673
 10
19.40091990373949
 20
86.65782709244998
 10
19.421676670145615
 20
86.68311928549565
 10
19.440734806151273
 20
86.70971488349021
 10
19.45801270189222
 20
86.73750000000001
 10
19.473436370766343
 20
86.76635565489052
 10
19.48693976625564
 20
86.79615828381746
 10
19.498465064747553
 20
86.82678026734843
 10
19.50796291314453
 20
86.85809047744875
 10
19.515392640201615
 20
86.88995483899194
 10
19.520722430686902
 20
86.92223690388998
 10
19.5239294616193
 20
86.95479843538494
 10
19.525
 20
86.98750000000001
 10
19.525
 20
99.98750000000001
 10
19.5239294616193
 20
100.02020156461508
 10
19.520722430686902
 20
100.05276309611004
 10
19.515392640201615
 20
100.08504516100808
 10
19.50796291314453
 20
100.11690952255127
 10
19.498465064747553
 20
100.1482197326516
 10
19.48693976625564
 20
100.17884171618256
 10
19.473436370766343
 20
100.2086443451095
 10
19.45801270189222
 20
100.23750000000001
 10
19.440734806151273
 20
100.26528511650982
 10
19.421676670145615
 20
100.29188071450437
 10
19.40091990373949
 20
100.31717290755005
 10
19.37855339059327
 20
100.34105339059329
 10
19.354672907550032
 20
100.3634199037395
 10
19.32938071450436
 20
100.38417667014564
 10
19.3027851165098
 20
100.40323480615129
 10
19.275
 20
100.42051270189224
 10
19.2461443451095
 20
100.43593637076636
 10
19.216341716182544
 20
100.44943976625565
 10
19.18571973265158
 20
100.46096506474757
 10
19.15440952255126
 20
100.47046291314454
 10
19.122545161008063
 20
100.47789264020163
 10
19.090263096110025
 20
100.48322243068692
 10
19.05770156461507
 20
100.48642946161931
 10
19.025
 20
100.48750000000001
 10
6.025
 20
100.48750000000001
 10
5.992298435384929
 20
100.48642946161931
 10
5.959736903889975
 20
100.48322243068692
 10
5.927454838991936
 20
100.47789264020163
 10
5.89559047744874
 20
100.47046291314454
 10
5.86428026734842
 20
100.46096506474757
 10
5.8336582838174555
 20
100.44943976625565
 10
5.8038556548905
 20
100.43593637076636
 10
5.775
 20
100.42051270189224
 10
5.7472148834902
 20
100.40323480615129
 10
5.72061928549564
 20
100.38417667014564
 10
5.695327092449966
 20
100.3634199037395
 10
5.671446609406726
 20
100.34105339059329
 10
5.649080096260512
 20
100.31717290755005
 10
5.628323329854383
 20
100.29188071450437
 10
5.609265193848728
 20
100.26528511650982
 10
5.591987298107781
 20
100.23750000000001
 10
5.5765636292336564
 20
100.2086443451095
 10
5.563060233744357
 20
100.17884171618256
 10
5.551534935252447
 20
100.1482197326516
 10
5.5420370868554665
 20
100.11690952255127
 10
5.534607359798385
 20
100.08504516100808
 10
5.529277569313095
 20
100.05276309611004
 10
5.526070538380699
 20
100.02020156461508
 10
5.525
 20
99.98750000000001
 10
5.525
 20
86.98750000000001
 10
5.526070538380699
 20
86.95479843538494
 10
5.529277569313095
 20
86.92223690388998
 10
5.534607359798385
 20
86.88995483899194
 10
5.5420370868554665
 20
86.85809047744875
 10
5.551534935252447
 20
86.82678026734843
 10
5.563060233744357
 20
86.79615828381746
 10
5.5765636292336564
 20
86.76635565489052
 10
5.591987298107781
 20
86.73750000000001
 10
5.609265193848728
 20
86.70971488349021
 10
5.628323329854383
 20
86.68311928549565
 10
5.649080096260512
 20
86.65782709244998
 10
5.671446609406726
 20
86.63394660940673
 10
5.695327092449966
 20
86.61158009626052
 10
5.72061928549564
 20
86.59082332985439
 10
5.747214883490199
 20
86.57176519384873
 10
5.775
 20
86.55448729810779
 10
5.8038556548905
 20
86.53906362923367
 10
5.8336582838174555
 20
86.52556023374437
  0
LWPOLYLINE
  5
45
330
17
100
AcDbEntity
  8
CUTOUTS
100
AcDbPolyline
 90
100
 70
1
 10
24.945590477448743
 20
86.50453708685548
 10
24.97745483899194
 20
86.49710735979839
 10
25.009736903889976
 20
86.4917775693131
 10
25.042298435384932
 20
86.48857053838071
 10
25.075000000000003
 20
86.48750000000001
 10
38.075
 20
86.48750000000001
 10
38.10770156461508
 20
86.48857053838071
 10
38.140263096110026
 20
86.4917775693131
 10
38.17254516100807
 20
86.49710735979839
 10
38.204409522551266
 20
86.50453708685548
 10
38.23571973265158
 20
86.51403493525245
 10
38.266341716182545
 20
86.52556023374437
 10
38.296144345109504
 20
86.53906362923367
 10
38.325
 20
86.55448729810779
 10
38.35278511650981
 20
86.57176519384873
 10
38.379380714504364
 20
86.59082332985439
 10
38.40467290755004
 20
86.61158009626052
 10
38.42855339059328
 20
86.63394660940673
 10
38.45091990373949
 20
86.65782709244998
 10
38.47167667014562
 20
86.68311928549565
 10
38.49073480615127
 20
86.70971488349021
 10
38.50801270189222
 20
86.73750000000001
 10
38.52343637076635
 20
86.76635565489052
 10
38.53693976625565
 20
86.79615828381746
 10
38.54846506474755
 20
86.82678026734843
 10
38.557962913144536
 20
86.85809047744875
 10
38.565392640201615
 20
86.88995483899194
 10
38.57072243068691
 20
86.92223690388998
 10
38.57392946161931
 20
86.95479843538494
 10
38.575
 20
86.98750000000001
 10
38.575
 20
99.98750000000001
 10
38.57392946161931
 20
100.02020156461508
 10
38.57072243068691
 20
100.05276309611004
 10
38.565392640201615
 20
100.08504516100808
 10
38.557962913144536
 20
100.11690952255127
 10
38.54846506474755
 20
100.1482197326516
 10
38.53693976625565
 20
100.17884171618256
 10
38.52343637076635
 20
100.2086443451095
 10
38.50801270189222
 20
100.23750000000001
 10
38.49073480615127
 20
100.26528511650982
 10
38.47167667014562
 20
100.29188071450437
 10
38.45091990373949
 20
100.31717290755005
 10
38.42855339059328
 20
100.34105339059329
 10
38.40467290755004
 20
100.3634199037395
 10
38.379380714504364
 20
100.38417667014564
 10
38.35278511650981
 20
100.40323480615129
 10
38.325
 20
100.42051270189224
 10
38.296144345109504
 20
100.43593637076636
 10
38.266341716182545
 20
100.44943976625565
 10
38.23571973265158
 20
100.46096506474757
 10
38.204409522551266
 20
100.47046291314454
 10
38.17254516100807
 20
100.47789264020163
 10
38.140263096110026
 20
100.48322243068692
 10
38.10770156461508
 20
100.48642946161931
 10
38.075
 20
100.48750000000001
 10
25.075000000000003
 20
100.48750000000001
 10
25.042298435384932
 20
100.48642946161931
 10
25.009736903889976
 20
100.48322243068692
 10
24.97745483899194
 20
100.47789264020163
 10
24.945590477448743
 20
100.47046291314454
 10
24.91428026734842
 20
100.46096506474757
 10
24.883658283817457
 20
100.44943976625565
 10
24.853855654890502
 20
100.43593637076636
 10
24.825000000000003
 20
100.42051270189224
 10
24.797214883490202
 20
100.40323480615129
 10
24.77061928549564
 20
100.38417667014564
 10
24.74532709244997
 20
100.3634199037395
 10
24.72144660940673
 20
100.34105339059329
 10
24.699080096260513
 20
100.31717290755005
 10
24.678323329854386
 20
100.29188071450437
 10
24.65926519384873
 20
100.26528511650982
 10
24.641987298107782
 20
100.23750000000001
 10
24.626563629233658
 20
100.2086443451095
 10
24.61306023374436
 20
100.17884171618256
 10
24.60153493525245
 20
100.1482197326516
 10
24.59203708685547
 20
100.11690952255127
 10
24.584607359798387
 20
100.08504516100808
 10
24.5792775693131
 20
100.05276309611004
 10
24.5760705383807
 20
100.02020156461508
 10
24.575000000000003
 20
99.98750000000001
 10
24.575000000000003
 20
86.98750000000001
 10
24.5760705383807
 20
86.95479843538494
 10
24.5792775693131
 20
86.92223690388998
 10
24.584607359798387
 20
86.88995483899194
 10
24.59203708685547
 20
86.85809047744875
 10
24.60153493525245
 20
86.82678026734843
 10
24.61306023374436
 20
86.79615828381746
 10
24.626563629233658
 20
86.76635565489052
 10
24.641987298107782
 20
86.73750000000001
 10
24.65926519384873
 20
86.70971488349021
 10
24.678323329854386
 20
86.68311928549565
 10
24.699080096260513
 20
86.65782709244998
 10
24.72144660940673
 20
86.63394660940673
 10
24.74532709244997
 20
86.61158009626052
 10
24.77061928549564
 20
86.59082332985439
 10
24.797214883490202
 20
86.57176519384873
 10
24.825000000000003
 20
86.55448729810779
 10
24.853855654890502
 20
86.53906362923367
 10
24.883658283817457
 20
86.52556023374437
 10
24.91428026734842
 20
86.51403493525245
  0
LWPOLYLINE
  5
46
330
17
100
AcDbEntity
  8
CUTOUTS
100
AcDbPolyline
 90
100
 70
1
 10
43.96428026734842
 20
86.51403493525245
 10
43.99559047744874
 20
86.50453708685548
 10
44.027454838991936
 20
86.49710735979839
 10
44.05973690388998
 20
86.4917775693131
 10
44.092298435384926
 20
86.48857053838071
 10
44.125
 20
86.48750000000001
 10
57.125
 20
86.48750000000001
 10
57.157701564615074
 20
86.48857053838071
 10
57.19026309611002
 20
86.4917775693131
 10
57.222545161008064
 20
86.49710735979839
 10
57.25440952255126
 20
86.50453708685548
 10
57.28571973265158
 20
86.51403493525245
 10
57.31634171618254
 20
86.52556023374437
 10
57.3461443451095
 20
86.53906362923367
 10
57.375
 20
86.55448729810779
 10
57.402785116509804
 20
86.57176519384873
 10
57.42938071450436
 20
86.59082332985439
 10
57.454672907550034
 20
86.61158009626052
 10
57.47855339059328
 20
86.63394660940673
 10
57.50091990373949
 20
86.65782709244998
 10
57.52167667014562
 20
86.68311928549565
 10
57.54073480615127
 20
86.70971488349021
 10
57.55801270189222
 20
86.73750000000001
 10
57.573436370766345
 20
86.76635565489052
 10
57.58693976625565
 20
86.79615828381746
 10
57.59846506474755
 20
86.82678026734843
 10
57.60796291314453
 20
86.85809047744875
 10
57.61539264020161
 20
86.88995483899194
 10
57.620722430686904
 20
86.92223690388998
 10
57.623929461619305
 20
86.95479843538494
 10
57.625
 20
86.98750000000001
 10
57.625
 20
99.98750000000001
 10
57.623929461619305
 20
100.02020156461508
 10
57.620722430686904
 20
100.05276309611004
 10
57.61539264020161
 20
100.08504516100808
 10
57.60796291314453
 20
100.11690952255127
 10
57.59846506474755
 20
100.1482197326516
 10
57.58693976625565
 20
100.17884171618256
 10
57.573436370766345
 20
100.2086443451095
 10
57.55801270189222
 20
100.23750000000001
 10
57.54073480615127
 20
100.26528511650982
 10
57.52167667014562
 20
100.29188071450437
 10
57.50091990373949
 20
100.31717290755005
 10
57.47855339059328
 20
100.34105339059329
 10
57.454672907550034
 20
100.3634199037395
 10
57.42938071450436
 20
100.38417667014564
 10
57.402785116509804
 20
100.40323480615129
 10
57.375
 20
100.42051270189224
 10
57.3461443451095
 20
100.43593637076636
 10
57.31634171618254
 20
100.44943976625565
 10
57.28571973265158
 20
100.46096506474757
 10
57.25440952255126
 20
100.47046291314454
 10
57.222545161008064
 20
100.47789264020163
 10
57.19026309611002
 20
100.48322243068692
 10
57.157701564615074
 20
100.48642946161931
 10
57.125
 20
100.48750000000001
 10
44.125
 20
100.48750000000001
 10
44.092298435384926
 20
100.48642946161931
 10
44.05973690388998
 20
100.48322243068692
 10
44.027454838991936
 20
100.47789264020163
 10
43.99559047744874
 20
100.47046291314454
 10
43.96428026734842
 20
100.46096506474757
 10
43.93365828381746
 20
100.44943976625565
 10
43.9038556548905
 20
100.43593637076636
 10
43.875
 20
100.42051270189224
 10
43.847214883490196
 20
100.40323480615129
 10
43.82061928549564
 20
100.38417667014564
 10
43.795327092449966
 20
100.3634199037395
 10
43.77144660940672
 20
100.34105339059329
 10
43.74908009626051
 20
100.31717290755005
 10
43.72832332985438
 20
100.29188071450437
 10
43.70926519384873
 20
100.26528511650982
 10
43.69198729810778
 20
100.23750000000001
 10
43.676563629233655
 20
100.2086443451095
 10
43.66306023374435
 20
100.17884171618256
 10
43.65153493525245
 20
100.1482197326516
 10
43.64203708685547
 20
100.11690952255127
 10
43.63460735979839
 20
100.08504516100808
 10
43.629277569313096
 20
100.05276309611004
 10
43.626070538380695
 20
100.02020156461508
 10
43.625
 20
99.98750000000001
 10
43.625
 20
86.98750000000001
 10
43.626070538380695
 20
86.95479843538494
 10
43.629277569313096
 20
86.92223690388998
 10
43.63460735979839
 20
86.88995483899194
 10
43.64203708685547
 20
86.85809047744875
 10
43.65153493525245
 20
86.82678026734843
 10
43.66306023374435
 20
86.79615828381746
 10
43.676563629233655
 20
86.76635565489052
 10
43.69198729810778
 20
86.73750000000001
 10
43.70926519384873
 20
86.70971488349021
 10
43.72832332985438
 20
86.68311928549565
 10
43.74908009626051
 20
86.65782709244998
 10
43.77144660940672
 20
86.63394660940673
 10
43.795327092449966
 20
86.61158009626052
 10
43.82061928549564
 20
86.59082332985439
 10
43.847214883490196
 20
86.57176519384873
 10
43.875
 20
86.55448729810779
 10
43.9038556548905
 20
86.53906362923367
 10
43.93365828381746
 20
86.52556023374437
  0
LWPOLYLINE
  5
47
330
17
100
AcDbEntity
  8
CUTOUTS
100
AcDbPolyline
 90
100
 70
1
 10
63.01428026734842
 20
86.51403493525245
 10
63.045590477448734
 20
86.50453708685548
 10
63.07745483899193
 20
86.49710735979839
 10
63.109736903889974
 20
86.4917775693131
 10
63.14229843538492
 20
86.48857053838071
 10
63.175
 20
86.48750000000001
 10
76.175
 20
86.48750000000001
 10
76.20770156461506
 20
86.48857053838071
 10
76.24026309611003
 20
86.4917775693131
 10
76.27254516100807
 20
86.49710735979839
 10
76.30440952255125
 20
86.50453708685548
 10
76.33571973265158
 20
86.51403493525245
 10
76.36634171618255
 20
86.52556023374437
 10
76.39614434510949
 20
86.53906362923367
 10
76.425
 20
86.55448729810779
 10
76.4527851165098
 20
86.57176519384873
 10
76.47938071450436
 20
86.59082332985439
 10
76.50467290755003
 20
86.61158009626052
 10
76.52855339059327
 20
86.63394660940673
 10
76.55091990373948
 20
86.65782709244998
 10
76.57167667014562
 20
86.68311928549565
 10
76.59073480615127
 20
86.70971488349021
 10
76.60801270189222
 20
86.73750000000001
 10
76.62343637076634
 20
86.76635565489052
 10
76.63693976625564
 20
86.79615828381746
 10
76.64846506474755
 20
86.82678026734843
 10
76.65796291314453
 20
86.85809047744875
 10
76.66539264020162
 20
86.88995483899194
 10
76.67072243068691
 20
86.92223690388998
 10
76.6739294616193
 20
86.95479843538494
 10
76.675
 20
86.98750000000001
 10
76.675
 20
99.98750000000001
 10
76.6739294616193
 20
100.02020156461508
 10
76.67072243068691
 20
100.05276309611004
 10
76.66539264020162
 20
100.08504516100808
 10
76.65796291314453
 20
100.11690952255127
 10
76.64846506474755
 20
100.1482197326516
 10
76.63693976625564
 20
100.17884171618256
 10
76.62343637076634
 20
100.2086443451095
 10
76.60801270189222
 20
100.23750000000001
 10
76.59073480615127
 20
100.26528511650982
 10
76.57167667014562
 20
100.29188071450437
 10
76.55091990373948
 20
100.31717290755005
 10
76.52855339059327
 20
100.34105339059329
 10
76.50467290755003
 20
100.3634199037395
 10
76.47938071450436
 20
100.38417667014564
 10
76.4527851165098
 20
100.40323480615129
 10
76.425
 20
100.42051270189224
 10
76.39614434510949
 20
100.43593637076636
 10
76.36634171618255
 20
100.44943976625565
 10
76.33571973265158
 20
100.46096506474757
 10
76.30440952255125
 20
100.47046291314454
 10
76.27254516100807
 20
100.47789264020163
 10
76.24026309611003
 20
100.48322243068692
 10
76.20770156461506
 20
100.48642946161931
 10
76.175
 20
100.48750000000001
 10
63.175
 20
100.48750000000001
 10
63.14229843538492
 20
100.48642946161931
 10
63.109736903889974
 20
100.48322243068692
 10
63.07745483899193
 20
100.47789264020163
 10
63.045590477448734
 20
100.47046291314454
 10
63.01428026734842
 20
100.46096506474757
 10
62.983658283817455
 20
100.44943976625565
 10
62.953855654890496
 20
100.43593637076636
 10
62.925
 20
100.42051270189224
 10
62.89721488349019
 20
100.40323480615129
 10
62.870619285495636
 20
100.38417667014564
 10
62.84532709244996
 20
100.3634199037395
 10
62.82144660940672
 20
100.34105339059329
 10
62.79908009626051
 20
100.31717290755005
 10
62.77832332985438
 20
100.29188071450437
 10
62.75926519384873
 20
100.26528511650982
 10
62.74198729810778
 20
100.23750000000001
 10
62.72656362923365
 20
100.2086443451095
 10
62.71306023374435
 20
100.17884171618256
 10
62.70153493525245
 20
100.1482197326516
 10
62.692037086855464
 20
100.11690952255127
 10
62.684607359798385
 20
100.08504516100808
 10
62.67927756931309
 20
100.05276309611004
 10
62.67607053838069
 20
100.02020156461508
 10
62.675
 20
99.98750000000001
 10
62.675
 20
86.98750000000001
 10
62.67607053838069
 20
86.95479843538494
 10
62.67927756931309
 20
86.92223690388998
 10
62.684607359798385
 20
86.88995483899194
 10
62.692037086855464
 20
86.85809047744875
 10
62.70153493525245
 20
86.82678026734843
 10
62.71306023374435
 20
86.79615828381746
 10
62.72656362923365
 20
86.76635565489052
 10
62.74198729810778
 20
86.73750000000001
 10
62.75926519384873
 20
86.70971488349021
 10
62.77832332985438
 20
86.68311928549565
 10
62.79908009626051
 20
86.65782709244998
 10
62.82144660940672
 20
86.63394660940673
 10
62.84532709244996
 20
86.61158009626052
 10
62.870619285495636
 20
86.59082332985439
 10
62.89721488349019
 20
86.57176519384873
 10
62.925
 20
86.55448729810779
 10
62.953855654890496
 20
86.53906362923367
 10
62.983658283817455
 20
86.52556023374437
  0
LWPOLYLINE
  5
48
330
17
100
AcDbEntity
  8
CUTOUTS
100
AcDbPolyline
 90
100
 70
1
 10
5.8955904774487395
 20
115.07953708685547
 10
5.927454838991936
 20
115.07210735979838
 10
5.959736903889975
 20
115.06677756931309
 10
5.992298435384929
 20
115.0635705383807
 10
6.025
 20
115.0625
 10
19.025
 20
115.0625
 10
19.05770156461507
 20
115.0635705383807
 10
19.090263096110025
 20
115.06677756931309
 10
19.122545161008063
 20
115.07210735979838
 10
19.15440952255126
 20
115.07953708685547
 10
19.18571973265158
 20
115.08903493525244
 10
19.216341716182544
 20
115.10056023374436
 10
19.2461443451095
 20
115.11406362923366
 10
19.275
 20
115.12948729810778
 10
19.3027851165098
 20
115.14676519384872
 10
19.32938071450436
 20
115.16582332985438
 10
19.354672907550032
 20
115.18658009626051
 10
19.37855339059327
 20
115.20894660940672
 10
19.40091990373949
 20
115.23282709244997
 10
19.421676670145615
 20
115.25811928549564
 10
19.440734806151273
 20
115.2847148834902
 10
19.45801270189222
 20
115.3125
 10
19.473436370766343
 20
115.3413556548905
 10
19.48693976625564
 20
115.37115828381745
 10
19.498465064747553
 20
115.40178026734841
 10
19.50796291314453
 20
115.43309047744874
 10
19.515392640201615
 20
115.46495483899193
 10
19.520722430686902
 20
115.49723690388997
 10
19.5239294616193
 20
115.52979843538493
 10
19.525
 20
115.5625
 10
19.525
 20
128.5625
 10
19.5239294616193
 20
128.59520156461508
 10
19.520722430686902
 20
128.62776309611002
 10
19.515392640201615
 20
128.66004516100807
 10
19.50796291314453
 20
128.69190952255127
 10
19.498465064747553
 20
128.7232197326516
 10
19.48693976625564
 20
128.75384171618254
 10
19.473436370766343
 20
128.7836443451095
 10
19.45801270189222
 20
128.8125
 10
19.440734806151273
 20
128.8402851165098
 10
19.421676670145615
 20
128.86688071450436
 10
19.40091990373949
 20
128.89217290755005
 10
19.37855339059327
 20
128.91605339059328
 10
19.354672907550032
 20
128.9384199037395
 10
19.32938071450436
 20
128.9591766701456
 10
19.3027851165098
 20
128.97823480615128
 10
19.275
 20
128.9955127018922
 10
19.2461443451095
 20
129.01093637076633
 10
19.216341716182544
 20
129.02443976625565
 10
19.18571973265158
 20
129.03596506474756
 10
19.15440952255126
 20
129.04546291314455
 10
19.122545161008063
 20
129.0528926402016
 10
19.090263096110025
 20
129.0582224306869
 10
19.05770156461507
 20
129.0614294616193
 10
19.025
 20
129.0625
 10
6.025
 20
129.0625
 10
5.992298435384929
 20
129.0614294616193
 10
5.959736903889975
 20
129.0582224306869
 10
5.927454838991936
 20
129.0528926402016
 10
5.89559047744874
 20
129.04546291314455
 10
5.86428026734842
 20
129.03596506474756
 10
5.8336582838174555
 20
129.02443976625565
 10
5.8038556548905
 20
129.01093637076633
 10
5.775
 20
128.9955127018922
 10
5.7472148834902
 20
128.97823480615128
 10
5.72061928549564
 20
128.9591766701456
 10
5.695327092449966
 20
128.9384199037395
 10
5.671446609406726
 20
128.91605339059328
 10
5.649080096260512
 20
128.89217290755005
 10
5.628323329854383
 20
128.86688071450436
 10
5.609265193848728
 20
128.8402851165098
 10
5.591987298107781
 20
128.8125
 10
5.5765636292336564
 20
128.7836443451095
 10
5.563060233744357
 20
128.75384171618254
 10
5.551534935252447
 20
128.7232197326516
 10
5.5420370868554665
 20
128.69190952255127
 10
5.534607359798385
 20
128.66004516100807
 10
5.529277569313095
 20
128.62776309611002
 10
5.526070538380699
 20
128.59520156461508
 10
5.525
 20
128.5625
 10
5.525
 20
115.5625
 10
5.526070538380699
 20
115.52979843538493
 10
5.529277569313095
 20
115.49723690388997
 10
5.534607359798385
 20
115.46495483899193
 10
5.5420370868554665
 20
115.43309047744874
 10
5.551534935252447
 20
115.40178026734841
 10
5.563060233744357
 20
115.37115828381745
 10
5.5765636292336564
 20
115.3413556548905
 10
5.591987298107781
 20
115.3125
 10
5.609265193848728
 20
115.2847148834902
 10
5.628323329854383
 20
115.25811928549564
 10
5.649080096260512
 20
115.23282709244997
 10
5.671446609406726
 20
115.20894660940672
 10
5.695327092449966
 20
115.18658009626051
 10
5.72061928549564
 20
115.16582332985438
 10
5.747214883490199
 20
115.14676519384872
 10
5.775
 20
115.12948729810778
 10
5.8038556548905
 20
115.11406362923366
 10
5.8336582838174555
 20
115.10056023374436
 10
5.86428026734842
 20
115.08903493525244
  0
LWPOLYLINE
  5
49
330
17
100
AcDbEntity
  8
CUTOUTS
100
AcDbPolyline
 90
100
 70
1
 10
43.96428026734842
 20
115.08903493525244
 10
43.99559047744874
 20
115.07953708685547
 10
44.027454838991936
 20
115.07210735979838
 10
44.05973690388998
 20
115.06677756931309
 10
44.092298435384926
 20
115.0635705383807
 10
44.125
 20
115.0625
 10
57.125
 20
115.0625
 10
57.157701564615074
 20
115.0635705383807
 10
57.19026309611002
 20
115.06677756931309
 10
57.222545161008064
 20
115.07210735979838
 10
57.25440952255126
 20
115.07953708685547
 10
57.28571973265158
 20
115.08903493525244
 10
57.31634171618254
 20
115.10056023374436
 10
57.3461443451095
 20
115.11406362923366
 10
57.375
 20
115.12948729810778
 10
57.402785116509804
 20
115.14676519384872
 10
57.42938071450436
 20
115.16582332985438
 10
57.454672907550034
 20
115.18658009626051
 10
57.47855339059328
 20
115.20894660940672
 10
57.50091990373949
 20
115.23282709244997
 10
57.52167667014562
 20
115.25811928549564
 10
57.54073480615127
 20
115.2847148834902
 10
57.55801270189222
 20
115.3125
 10
57.573436370766345
 20
115.3413556548905
 10
57.58693976625565
 20
115.37115828381745
 10
57.59846506474755
 20
115.40178026734841
 10
57.60796291314453
 20
115.43309047744874
 10
57.61539264020161
 20
115.46495483899193
 10
57.620722430686904
 20
115.49723690388997
 10
57.623929461619305
 20
115.52979843538493
 10
57.625
 20
115.5625
 10
57.625
 20
128.5625
 10
57.623929461619305
 20
128.59520156461508
 10
57.620722430686904
 20
128.62776309611002
 10
57.61539264020161
 20
128.66004516100807
 10
57.60796291314453
 20
128.69190952255127
 10
57.59846506474755
 20
128.7232197326516
 10
57.58693976625565
 20
128.75384171618254
 10
57.573436370766345
 20
128.7836443451095
 10
57.55801270189222
 20
128.8125
 10
57.54073480615127
 20
128.8402851165098
 10
57.52167667014562
 20
128.86688071450436
 10
57.50091990373949
 20
128.89217290755005
 10
57.47855339059328
 20
128.91605339059328
 10
57.454672907550034
 20
128.9384199037395
 10
57.42938071450436
 20
128.9591766701456
 10
57.402785116509804
 20
128.97823480615128
 10
57.375
 20
128.9955127018922
 10
57.3461443451095
 20
129.01093637076633
 10
57.31634171618254
 20
129.02443976625565
 10
57.28571973265158
 20
129.03596506474756
 10
57.25440952255126
 20
129.04546291314455
 10
57.222545161008064
 20
129.0528926402016
 10
57.19026309611002
 20
129.0582224306869
 10
57.157701564615074
 20
129.0614294616193
 10
57.125
 20
129.0625
 10
44.125
 20
129.0625
 10
44.092298435384926
 20
129.0614294616193
 10
44.05973690388998
 20
129.0582224306869
 10
44.027454838991936
 20
129.0528926402016
 10
43.99559047744874
 20
129.04546291314455
 10
43.96428026734842
 20
129.03596506474756
 10
43.93365828381746
 20
129.02443976625565
 10
43.9038556548905
 20
129.01093637076633
 10
43.875
 20
128.9955127018922
 10
43.847214883490196
 20
128.97823480615128
 10
43.82061928549564
 20
128.9591766701456
 10
43.795327092449966
 20
128.9384199037395
 10
43.77144660940672
 20
128.91605339059328
 10
43.74908009626051
 20
128.89217290755005
 10
43.72832332985438
 20
128.86688071450436
 10
43.70926519384873
 20
128.8402851165098
 10
43.69198729810778
 20
128.8125
 10
43.676563629233655
 20
128.7836443451095
 10
43.66306023374435
 20
128.75384171618254
 10
43.65153493525245
 20
128.7232197326516
 10
43.64203708685547
 20
128.69190952255127
 10
43.63460735979839
 20
128.66004516100807
 10
43.629277569313096
 20
128.62776309611002
 10
43.626070538380695
 20
128.59520156461508
 10
43.625
 20
128.5625
 10
43.625
 20
115.5625
 10
43.626070538380695
 20
115.52979843538493
 10
43.629277569313096
 20
115.49723690388997
 10
43.63460735979839
 20
115.46495483899193
 10
43.64203708685547
 20
115.43309047744874
 10
43.65153493525245
 20
115.40178026734841
 10
43.66306023374435
 20
115.37115828381745
 10
43.676563629233655
 20
115.3413556548905
 10
43.69198729810778
 20
115.3125
 10
43.70926519384873
 20
115.2847148834902
 10
43.72832332985438
 20
115.25811928549564
 10
43.74908009626051
 20
115.23282709244997
 10
43.77144660940672
 20
115.20894660940672
 10
43.795327092449966
 20
115.18658009626051
 10
43.82061928549564
 20
115.16582332985438
 10
43.847214883490196
 20
115.14676519384872
 10
43.875
 20
115.12948729810778
 10
43.9038556548905
 20
115.11406362923366
 10
43.93365828381746
 20
115.10056023374436
  0
LWPOLYLINE
  5
4A
330
17
100
AcDbEntity
  8
CUTOUTS
100
AcDbPolyline
 90
100
 70
1
 10
63.01428026734842
 20
115.08903493525244
 10
63.045590477448734
 20
115.07953708685547
 10
63.07745483899193
 20
115.07210735979838
 10
63.109736903889974
 20
115.06677756931309
 10
63.14229843538492
 20
115.0635705383807
 10
63.175
 20
115.0625
 10
76.175
 20
115.0625
 10
76.20770156461506
 20
115.0635705383807
 10
76.24026309611003
 20
115.06677756931309
 10
76.27254516100807
 20
115.07210735979838
 10
76.30440952255125
 20
115.07953708685547
 10
76.33571973265158
 20
115.08903493525244
 10
76.36634171618255
 20
115.10056023374436
 10
76.39614434510949
 20
115.11406362923366
 10
76.425
 20
115.12948729810778
 10
76.4527851165098
 20
115.14676519384872
 10
76.47938071450436
 20
115.16582332985438
 10
76.50467290755003
 20
115.18658009626051
 10
76.52855339059327
 20
115.20894660940672
 10
76.55091990373948
 20
115.23282709244997
 10
76.57167667014562
 20
115.25811928549564
 10
76.59073480615127
 20
115.2847148834902
 10
76.60801270189222
 20
115.3125
 10
76.62343637076634
 20
115.3413556548905
 10
76.63693976625564
 20
115.37115828381745
 10
76.64846506474755
 20
115.40178026734841
 10
76.65796291314453
 20
115.43309047744874
 10
76.66539264020162
 20
115.46495483899193
 10
76.67072243068691
 20
115.49723690388997
 10
76.6739294616193
 20
115.52979843538493
 10
76.675
 20
115.5625
 10
76.675
 20
128.5625
 10
76.6739294616193
 20
128.59520156461508
 10
76.67072243068691
 20
128.62776309611002
 10
76.66539264020162
 20
128.66004516100807
 10
76.65796291314453
 20
128.69190952255127
 10
76.64846506474755
 20
128.7232197326516
 10
76.63693976625564
 20
128.75384171618254
 10
76.62343637076634
 20
128.7836443451095
 10
76.60801270189222
 20
128.8125
 10
76.59073480615127
 20
128.8402851165098
 10
76.57167667014562
 20
128.86688071450436
 10
76.55091990373948
 20
128.89217290755005
 10
76.52855339059327
 20
128.91605339059328
 10
76.50467290755003
 20
128.9384199037395
 10
76.47938071450436
 20
128.9591766701456
 10
76.4527851165098
 20
128.97823480615128
 10
76.425
 20
128.9955127018922
 10
76.39614434510949
 20
129.01093637076633
 10
76.36634171618255
 20
129.02443976625565
 10
76.33571973265158
 20
129.03596506474756
 10
76.30440952255125
 20
129.04546291314455
 10
76.27254516100807
 20
129.0528926402016
 10
76.24026309611003
 20
129.0582224306869
 10
76.20770156461506
 20
129.0614294616193
 10
76.175
 20
129.0625
 10
63.175
 20
129.0625
 10
63.14229843538492
 20
129.0614294616193
 10
63.109736903889974
 20
129.0582224306869
 10
63.07745483899193
 20
129.0528926402016
 10
63.045590477448734
 20
129.04546291314455
 10
63.01428026734842
 20
129.03596506474756
 10
62.983658283817455
 20
129.02443976625565
 10
62.953855654890496
 20
129.01093637076633
 10
62.925
 20
128.9955127018922
 10
62.89721488349019
 20
128.97823480615128
 10
62.870619285495636
 20
128.9591766701456
 10
62.84532709244996
 20
128.9384199037395
 10
62.82144660940672
 20
128.91605339059328
 10
62.79908009626051
 20
128.89217290755005
 10
62.77832332985438
 20
128.86688071450436
 10
62.75926519384873
 20
128.8402851165098
 10
62.74198729810778
 20
128.8125
 10
62.72656362923365
 20
128.7836443451095
 10
62.71306023374435
 20
128.75384171618254
 10
62.70153493525245
 20
128.7232197326516
 10
62.692037086855464
 20
128.69190952255127
 10
62.684607359798385
 20
128.66004516100807
 10
62.67927756931309
 20
128.62776309611002
 10
62.67607053838069
 20
128.59520156461508
 10
62.675
 20
128.5625
 10
62.675
 20
115.5625
 10
62.67607053838069
 20
115.52979843538493
 10
62.67927756931309
 20
115.49723690388997
 10
62.684607359798385
 20
115.46495483899193
 10
62.692037086855464
 20
115.43309047744874
 10
62.70153493525245
 20
115.40178026734841
 10
62.71306023374435
 20
115.37115828381745
 10
62.72656362923365
 20
115.3413556548905
 10
62.74198729810778
 20
115.3125
 10
62.75926519384873
 20
115.2847148834902
 10
62.77832332985438
 20
115.25811928549564
 10
62.79908009626051
 20
115.23282709244997
 10
62.82144660940672
 20
115.20894660940672
 10
62.84532709244996
 20
115.18658009626051
 10
62.870619285495636
 20
115.16582332985438
 10
62.89721488349019
 20
115.14676519384872
 10
62.925
 20
115.12948729810778
 10
62.953855654890496
 20
115.11406362923366
 10
62.983658283817455
 20
115.10056023374436
  0
LWPOLYLINE
  5
4B
330
17
100
AcDbEntity
  8
FLEX
100
AcDbPolyline
 90
66
 70
1
 10
72.2828380420956
 20
132.91665275860902
 10
72.22961005941906
 20
132.9418277195068
 10
72.17417080635268
 20
132.96166420143933
 10
72.11705419320968
 20
132.97597116824195
 10
72.05881028419773
 20
132.98461083600333
 10
72.0
 20
132.9875
 10
44.0
 20
132.9875
 10
43.94118971580227
 20
132.98461083600333
 10
43.882945806790325
 20
132.97597116824195
 10
43.82582919364732
 20
132.96166420143933
 10
43.77038994058095
 20
132.9418277195068
 10
43.7171619579044
 20
132.91665275860902
 10
43.66665786018824
 20
132.88638176738155
 10
43.61936402950181
 20
132.85130627201767
 10
43.57573593128807
 20
132.81176406871194
 10
43.53619372798236
 20
132.7681359704982
 10
43.501118232618474
 20
132.72084213981177
 10
43.470847241390985
 20
132.6703380420956
 10
43.44567228049323
 20
132.61711005941908
 10
43.425835798560676
 20
132.5616708063527
 10
43.41152883175806
 20
132.50455419320969
 10
43.40288916399668
 20
132.44631028419775
 10
43.4
 20
132.38750000000002
 10
43.40288916399668
 20
132.32868971580228
 10
43.41152883175806
 20
132.27044580679035
 10
43.425835798560676
 20
132.21332919364733
 10
43.44567228049323
 20
132.15788994058096
 10
43.470847241390985
 20
132.10466195790443
 10
43.501118232618474
 20
132.05415786018827
 10
43.53619372798236
 20
132.00686402950183
 10
43.57573593128807
 20
131.9632359312881
 10
43.61936402950181
 20
131.92369372798237
 10
43.66665786018824
 20
131.88861823261848
 10
43.7171619579044
 20
131.85834724139102
 10
43.77038994058095
 20
131.83317228049324
 10
43.82582919364732
 20
131.8133357985607
 10
43.882945806790325
 20
131.79902883175808
 10
43.94118971580227
 20
131.7903891639967
 10
44.0
 20
131.78750000000002
 10
72.0
 20
131.78750000000002
 10
72.05881028419773
 20
131.7903891639967
 10
72.11705419320968
 20
131.79902883175808
 10
72.17417080635268
 20
131.8133357985607
 10
72.22961005941906
 20
131.83317228049324
 10
72.2828380420956
 20
131.85834724139102
 10
72.33334213981176
 20
131.88861823261848
 10
72.38063597049819
 20
131.92369372798237
 10
72.42426406871193
 20
131.9632359312881
 10
72.46380627201765
 20
132.00686402950183
 10
72.49888176738153
 20
132.05415786018827
 10
72.52915275860902
 20
132.10466195790443
 10
72.55432771950677
 20
132.15788994058096
 10
72.57416420143933
 20
132.21332919364733
 10
72.58847116824194
 20
132.27044580679035
 10
72.59711083600332
 20
132.32868971580228
 10
72.6
 20
132.38750000000002
 10
72.59711083600332
 20
132.44631028419775
 10
72.58847116824194
 20
132.50455419320969
 10
72.57416420143933
 20
132.5616708063527
 10
72.55432771950677
 20
132.61711005941908
 10
72.52915275860902
 20
132.6703380420956
 10
72.49888176738153
 20
132.72084213981177
 10
72.46380627201765
 20
132.7681359704982
 10
72.42426406871193
 20
132.81176406871194
 10
72.38063597049819
 20
132.85130627201767
 10
72.33334213981176
 20
132.88638176738155
  0
LWPOLYLINE
  5
4C
330
17
100
AcDbEntity
  8
FLEX
100
AcDbPolyline
 90
66
 70
1
 10
181.63959213981175
 20
2.6988817673815273
 10
181.5890880420956
 20
2.729152758609013
 10
181.53586005941906
 20
2.7543277195067724
 10
181.4804208063527
 20
2.7741642014393255
 10
181.42330419320967
 20
2.7884711682419385
 10
181.36506028419774
 20
2.797110836003318
 10
181.30625
 20
2.8000000000000003
 10
153.30625
 20
2.8000000000000003
 10
153.24743971580227
 20
2.797110836003318
 10
153.18919580679034
 20
2.7884711682419385
 10
153.13207919364731
 20
2.7741642014393255
 10
153.07663994058095
 20
2.7543277195067724
 10
153.02341195790441
 20
2.729152758609013
 10
152.97290786018826
 20
2.6988817673815273
 10
152.92561402950182
 20
2.6638062720176423
 10
152.88198593128809
 20
2.6242640687119287
 10
152.84244372798236
 20
2.5806359704981876
 10
152.80736823261847
 20
2.5333421398117615
 10
152.777097241391
 20
2.4828380420955987
 10
152.75192228049323
 20
2.429610059419054
 10
152.7320857985607
 20
2.3741708063526774
 10
152.71777883175807
 20
2.3170541932096773
 10
152.7091391639967
 20
2.258810284197737
 10
152.70625
 20
2.2
 10
152.7091391639967
 20
2.141189715802264
 10
152.71777883175807
 20
2.082945806790323
 10
152.7320857985607
 20
2.025829193647323
 10
152.75192228049323
 20
1.9703899405809464
 10
152.777097241391
 20
1.9171619579044017
 10
152.80736823261847
 20
1.866657860188239
 10
152.84244372798236
 20
1.819364029501813
 10
152.88198593128809
 20
1.7757359312880716
 10
152.92561402950182
 20
1.7361937279823583
 10
152.97290786018826
 20
1.701118232618473
 10
153.02341195790441
 20
1.6708472413909874
 10
153.07663994058095
 20
1.6456722804932284
 10
153.13207919364731
 20
1.6258357985606748
 10
153.18919580679034
 20
1.611528831758062
 10
153.24743971580227
 20
1.602889163996682
 10
153.30625
 20
1.6
 10
181.30625
 20
1.6
 10
181.36506028419774
 20
1.6028891639966822
 10
181.42330419320967
 20
1.6115288317580618
 10
181.4804208063527
 20
1.6258357985606748
 10
181.53586005941906
 20
1.645672280493228
 10
181.5890880420956
 20
1.6708472413909874
 10
181.63959213981175
 20
1.701118232618473
 10
181.6868859704982
 20
1.736193727982358
 10
181.73051406871193
 20
1.7757359312880716
 10
181.77005627201765
 20
1.819364029501813
 10
181.80513176738154
 20
1.866657860188239
 10
181.835402758609
 20
1.9171619579044015
 10
181.86057771950678
 20
1.9703899405809464
 10
181.88041420143932
 20
2.025829193647323
 10
181.89472116824194
 20
2.082945806790323
 10
181.90336083600332
 20
2.141189715802264
 10
181.90625
 20
2.2
 10
181.90336083600332
 20
2.2588102841977364
 10
181.89472116824194
 20
2.3170541932096773
 10
181.88041420143932
 20
2.3741708063526774
 10
181.86057771950678
 20
2.429610059419054
 10
181.835402758609
 20
2.4828380420955987
 10
181.80513176738154
 20
2.5333421398117615
 10
181.77005627201765
 20
2.5806359704981876
 10
181.73051406871193
 20
2.6242640687119287
 10
181.6868859704982
 20
2.6638062720176423
  0
LWPOLYLINE
  5
4D
330
17
100
AcDbEntity
  8
CUTOUTS
100
AcDbPolyline
 90
100
 70
1
 10
80.80803026734841
 20
9.314034935252442
 10
80.83934047744874
 20
9.30453708685546
 10
80.87120483899193
 20
9.297107359798378
 10
80.90348690388997
 20
9.291777569313089
 10
80.93604843538493
 20
9.288570538380693
 10
80.96875
 20
9.287499999999994
 10
86.96875
 20
9.287499999999994
 10
87.00145156461507
 20
9.288570538380693
 10
87.03401309611003
 20
9.291777569313089
 10
87.06629516100807
 20
9.297107359798378
 10
87.09815952255126
 20
9.30453708685546
 10
87.12946973265159
 20
9.314034935252442
 10
87.16009171618255
 20
9.325560233744351
 10
87.1898943451095
 20
9.33906362923365
 10
87.21875
 20
9.354487298107776
 10
87.2465351165098
 20
9.371765193848722
 10
87.27313071450436
 20
9.390823329854376
 10
87.29842290755003
 20
9.411580096260506
 10
87.32230339059328
 20
9.433946609406721
 10
87.34466990373949
 20
9.45782709244996
 10
87.36542667014562
 20
9.483119285495635
 10
87.38448480615128
 20
9.509714883490194
 10
87.40176270189222
 20
9.537499999999994
 10
87.41718637076634
 20
9.566355654890494
 10
87.43068976625564
 20
9.596158283817449
 10
87.44221506474756
 20
9.626780267348414
 10
87.45171291314453
 20
9.658090477448734
 10
87.45914264020162
 20
9.68995483899193
 10
87.46447243068691
 20
9.722236903889968
 10
87.4676794616193
 20
9.754798435384922
 10
87.46875
 20
9.787499999999994
 10
87.46875
 20
22.787499999999994
 10
87.4676794616193
 20
22.820201564615065
 10
87.46447243068691
 20
22.85276309611002
 10
87.45914264020162
 20
22.88504516100806
 10
87.45171291314453
 20
22.916909522551254
 10
87.44221506474756
 20
22.948219732651577
 10
87.43068976625564
 20
22.97884171618254
 10
87.41718637076634
 20
23.008644345109495
 10
87.40176270189222
 20
23.037499999999994
 10
87.38448480615128
 20
23.065285116509795
 10
87.36542667014562
 20
23.091880714504356
 10
87.34466990373949
 20
23.117172907550028
 10
87.32230339059328
 20
23.141053390593267
 10
87.29842290755003
 20
23.163419903739484
 10
87.27313071450436
 20
23.18417667014561
 10
87.2465351165098
 20
23.20323480615127
 10
87.21875
 20
23.220512701892215
 10
87.1898943451095
 20
23.23593637076634
 10
87.16009171618255
 20
23.249439766255637
 10
87.12946973265159
 20
23.26096506474755
 10
87.09815952255126
 20
23.270462913144527
 10
87.06629516100807
 20
23.27789264020161
 10
87.03401309611003
 20
23.283222430686898
 10
87.00145156461507
 20
23.286429461619296
 10
86.96875
 20
23.287499999999994
 10
80.96875
 20
23.287499999999994
 10
80.93604843538493
 20
23.286429461619296
 10
80.90348690388997
 20
23.283222430686898
 10
80.87120483899193
 20
23.27789264020161
 10
80.83934047744874
 20
23.270462913144527
 10
80.80803026734841
 20
23.26096506474755
 10
80.77740828381745
 20
23.249439766255637
 10
80.7476056548905
 20
23.23593637076634
 10
80.71875
 20
23.220512701892215
 10
80.6909648834902
 20
23.20323480615127
 10
80.66436928549564
 20
23.18417667014561
 10
80.63907709244997
 20
23.163419903739484
 10
80.61519660940672
 20
23.141053390593267
 10
80.59283009626051
 20
23.117172907550028
 10
80.57207332985438
 20
23.091880714504356
 10
80.55301519384872
 20
23.065285116509795
 10
80.53573729810778
 20
23.037499999999994
 10
80.52031362923366
 20
23.008644345109495
 10
80.50681023374436
 20
22.97884171618254
 10
80.49528493525244
 20
22.948219732651577
 10
80.48578708685547
 20
22.916909522551254
 10
80.47835735979838
 20
22.88504516100806
 10
80.47302756931309
 20
22.85276309611002
 10
80.4698205383807
 20
22.820201564615065
 10
80.46875
 20
22.787499999999994
 10
80.46875
 20
9.787499999999994
 10
80.4698205383807
 20
9.754798435384922
 10
80.47302756931309
 20
9.722236903889968
 10
80.47835735979838
 20
9.68995483899193
 10
80.48578708685547
 20
9.658090477448734
 10
80.49528493525244
 20
9.626780267348414
 10
80.50681023374436
 20
9.596158283817449
 10
80.52031362923366
 20
9.566355654890494
 10
80.53573729810778
 20
9.537499999999994
 10
80.55301519384872
 20
9.509714883490194
 10
80.57207332985438
 20
9.483119285495635
 10
80.59283009626051
 20
9.45782709244996
 10
80.61519660940672
 20
9.433946609406721
 10
80.63907709244997
 20
9.411580096260506
 10
80.66436928549564
 20
9.390823329854376
 10
80.6909648834902
 20
9.371765193848722
 10
80.71875
 20
9.354487298107776
 10
80.7476056548905
 20
9.33906362923365
 10
80.77740828381745
 20
9.325560233744351
  0
LWPOLYLINE
  5
4E
330
17
100
AcDbEntity
  8
CUTOUTS
100
AcDbPolyline
 90
100
 70
1
 10
127.33934047744874
 20
10.30453708685546
 10
127.37120483899193
 20
10.297107359798378
 10
127.40348690388997
 20
10.291777569313089
 10
127.43604843538493
 20
10.288570538380693
 10
127.46875
 20
10.287499999999994
 10
140.46875
 20
10.287499999999994
 10
140.50145156461508
 20
10.288570538380693
 10
140.53401309611002
 20
10.291777569313089
 10
140.56629516100807
 20
10.297107359798378
 10
140.59815952255127
 20
10.30453708685546
 10
140.6294697326516
 20
10.314034935252442
 10
140.66009171618254
 20
10.325560233744351
 10
140.6898943451095
 20
10.33906362923365
 10
140.71875
 20
10.354487298107776
 10
140.7465351165098
 20
10.371765193848722
 10
140.77313071450436
 20
10.390823329854376
 10
140.79842290755005
 20
10.411580096260506
 10
140.82230339059328
 20
10.433946609406721
 10
140.8446699037395
 20
10.45782709244996
 10
140.8654266701456
 20
10.483119285495635
 10
140.88448480615128
 20
10.509714883490194
 10
140.9017627018922
 20
10.537499999999994
 10
140.91718637076633
 20
10.566355654890494
 10
140.93068976625565
 20
10.596158283817449
 10
140.94221506474756
 20
10.626780267348414
 10
140.95171291314455
 20
10.658090477448734
 10
140.9591426402016
 20
10.68995483899193
 10
140.9644724306869
 20
10.722236903889968
 10
140.9676794616193
 20
10.754798435384922
 10
140.96875
 20
10.787499999999994
 10
140.96875
 20
23.787499999999994
 10
140.9676794616193
 20
23.820201564615065
 10
140.9644724306869
 20
23.85276309611002
 10
140.9591426402016
 20
23.88504516100806
 10
140.95171291314455
 20
23.916909522551254
 10
140.94221506474756
 20
23.948219732651577
 10
140.93068976625565
 20
23.97884171618254
 10
140.91718637076633
 20
24.008644345109495
 10
140.9017627018922
 20
24.037499999999994
 10
140.88448480615128
 20
24.065285116509795
 10
140.8654266701456
 20
24.091880714504356
 10
140.8446699037395
 20
24.117172907550028
 10
140.82230339059328
 20
24.141053390593267
 10
140.79842290755005
 20
24.163419903739484
 10
140.77313071450436
 20
24.18417667014561
 10
140.7465351165098
 20
24.20323480615127
 10
140.71875
 20
24.220512701892215
 10
140.6898943451095
 20
24.23593637076634
 10
140.66009171618254
 20
24.249439766255637
 10
140.6294697326516
 20
24.26096506474755
 10
140.59815952255127
 20
24.270462913144527
 10
140.56629516100807
 20
24.27789264020161
 10
140.53401309611002
 20
24.283222430686898
 10
140.50145156461508
 20
24.286429461619296
 10
140.46875
 20
24.287499999999994
 10
127.46875
 20
24.287499999999994
 10
127.43604843538493
 20
24.286429461619296
 10
127.40348690388997
 20
24.283222430686898
 10
127.37120483899193
 20
24.27789264020161
 10
127.33934047744874
 20
24.270462913144527
 10
127.30803026734841
 20
24.26096506474755
 10
127.27740828381745
 20
24.249439766255637
 10
127.2476056548905
 20
24.23593637076634
 10
127.21875
 20
24.220512701892215
 10
127.1909648834902
 20
24.20323480615127
 10
127.16436928549564
 20
24.18417667014561
 10
127.13907709244997
 20
24.163419903739484
 10
127.11519660940672
 20
24.141053390593267
 10
127.09283009626051
 20
24.117172907550028
 10
127.07207332985438
 20
24.091880714504356
 10
127.05301519384872
 20
24.065285116509795
 10
127.03573729810778
 20
24.037499999999994
 10
127.02031362923366
 20
24.008644345109495
 10
127.00681023374436
 20
23.97884171618254
 10
126.99528493525244
 20
23.948219732651577
 10
126.98578708685547
 20
23.916909522551254
 10
126.97835735979838
 20
23.88504516100806
 10
126.97302756931309
 20
23.85276309611002
 10
126.9698205383807
 20
23.820201564615065
 10
126.96875
 20
23.787499999999994
 10
126.96875
 20
10.787499999999994
 10
126.9698205383807
 20
10.754798435384922
 10
126.97302756931309
 20
10.722236903889968
 10
126.97835735979838
 20
10.68995483899193
 10
126.98578708685547
 20
10.658090477448734
 10
126.99528493525244
 20
10.626780267348414
 10
127.00681023374436
 20
10.596158283817449
 10
127.02031362923366
 20
10.566355654890494
 10
127.03573729810778
 20
10.537499999999994
 10
127.05301519384872
 20
10.509714883490194
 10
127.07207332985438
 20
10.483119285495635
 10
127.09283009626051
 20
10.45782709244996
 10
127.11519660940672
 20
10.433946609406721
 10
127.13907709244997
 20
10.411580096260506
 10
127.16436928549564
 20
10.390823329854376
 10
127.1909648834902
 20
10.371765193848722
 10
127.21875
 20
10.354487298107776
 10
127.2476056548905
 20
10.33906362923365
 10
127.27740828381745
 20
10.325560233744351
 10
127.30803026734841
 20
10.314034935252442
  0
LWPOLYLINE
  5
4F
330
17
100
AcDbEntity
  8
CUTOUTS
100
AcDbPolyline
 90
100
 70
1
 10
86.82678026734841
 20
29.36403493525245
 10
86.85809047744874
 20
29.354537086855473
 10
86.88995483899193
 20
29.34710735979839
 10
86.92223690388997
 20
29.341777569313102
 10
86.95479843538493
 20
29.338570538380704
 10
86.9875
 20
29.337500000000006
 10
99.9875
 20
29.337500000000006
 10
100.02020156461506
 20
29.338570538380704
 10
100.05276309611003
 20
29.341777569313102
 10
100.08504516100807
 20
29.34710735979839
 10
100.11690952255125
 20
29.354537086855473
 10
100.14821973265158
 20
29.36403493525245
 10
100.17884171618255
 20
29.375560233744363
 10
100.20864434510949
 20
29.38906362923366
 10
100.2375
 20
29.404487298107785
 10
100.2652851165098
 20
29.42176519384873
 10
100.29188071450436
 20
29.44082332985439
 10
100.31717290755003
 20
29.461580096260516
 10
100.34105339059327
 20
29.483946609406733
 10
100.36341990373948
 20
29.507827092449972
 10
100.38417667014562
 20
29.533119285495644
 10
100.40323480615127
 20
29.559714883490205
 10
100.42051270189222
 20
29.587500000000006
 10
100.43593637076634
 20
29.616355654890505
 10
100.44943976625564
 20
29.64615828381746
 10
100.46096506474755
 20
29.676780267348423
 10
100.47046291314453
 20
29.708090477448746
 10
100.47789264020162
 20
29.73995483899194
 10
100.48322243068691
 20
29.77223690388998
 10
100.4864294616193
 20
29.804798435384935
 10
100.4875
 20
29.837500000000006
 10
100.4875
 20
42.837500000000006
 10
100.4864294616193
 20
42.87020156461508
 10
100.48322243068691
 20
42.90276309611003
 10
100.47789264020162
 20
42.93504516100807
 10
100.47046291314453
 20
42.96690952255127
 10
100.46096506474755
 20
42.998219732651584
 10
100.44943976625564
 20
43.02884171618255
 10
100.43593637076634
 20
43.058644345109506
 10
100.42051270189222
 20
43.087500000000006
 10
100.40323480615127
 20
43.11528511650981
 10
100.38417667014562
 20
43.14188071450437
 10
100.36341990373948
 20
43.16717290755004
 10
100.34105339059327
 20
43.19105339059328
 10
100.31717290755003
 20
43.21341990373949
 10
100.29188071450436
 20
43.23417667014562
 10
100.2652851165098
 20
43.253234806151276
 10
100.2375
 20
43.27051270189222
 10
100.20864434510949
 20
43.28593637076635
 10
100.17884171618255
 20
43.29943976625565
 10
100.14821973265158
 20
43.310965064747556
 10
100.11690952255125
 20
43.32046291314454
 10
100.08504516100807
 20
43.32789264020162
 10
100.05276309611003
 20
43.33322243068691
 10
100.02020156461506
 20
43.33642946161931
 10
99.9875
 20
43.337500000000006
 10
86.9875
 20
43.337500000000006
 10
86.95479843538493
 20
43.33642946161931
 10
86.92223690388997
 20
43.33322243068691
 10
86.88995483899193
 20
43.32789264020162
 10
86.85809047744874
 20
43.32046291314454
 10
86.82678026734841
 20
43.310965064747556
 10
86.79615828381745
 20
43.29943976625565
 10
86.7663556548905
 20
43.28593637076635
 10
86.7375
 20
43.27051270189222
 10
86.7097148834902
 20
43.253234806151276
 10
86.68311928549564
 20
43.23417667014562
 10
86.65782709244996
 20
43.21341990373949
 10
86.63394660940672
 20
43.19105339059328
 10
86.61158009626051
 20
43.16717290755004
 10
86.59082332985437
 20
43.14188071450437
 10
86.57176519384872
 20
43.11528511650981
 10
86.55448729810777
 20
43.087500000000006
 10
86.53906362923365
 20
43.058644345109506
 10
86.52556023374436
 20
43.02884171618255
 10
86.51403493525244
 20
42.998219732651584
 10
86.50453708685546
 20
42.96690952255127
 10
86.49710735979838
 20
42.93504516100807
 10
86.49177756931309
 20
42.90276309611003
 10
86.4885705383807
 20
42.87020156461508
 10
86.4875
 20
42.837500000000006
 10
86.4875
 20
29.837500000000006
 10
86.4885705383807
 20
29.804798435384935
 10
86.49177756931309
 20
29.77223690388998
 10
86.49710735979838
 20
29.73995483899194
 10
86.50453708685546
 20
29.708090477448746
 10
86.51403493525244
 20
29.676780267348423
 10
86.52556023374436
 20
29.64615828381746
 10
86.53906362923365
 20
29.616355654890505
 10
86.55448729810777
 20
29.587500000000006
 10
86.57176519384872
 20
29.559714883490205
 10
86.59082332985437
 20
29.533119285495644
 10
86.61158009626051
 20
29.507827092449972
 10
86.63394660940672
 20
29.483946609406733
 10
86.65782709244996
 20
29.461580096260516
 10
86.68311928549564
 20
29.44082332985439
 10
86.7097148834902
 20
29.42176519384873
 10
86.7375
 20
29.404487298107785
 10
86.7663556548905
 20
29.38906362923366
 10
86.79615828381745
 20
29.375560233744363
  0
LWPOLYLINE
  5
50
330
17
100
AcDbEntity
  8
CUTOUTS
100
AcDbPolyline
 90
100
 70
1
 10
105.87678026734842
 20
29.36403493525245
 10
105.90809047744875
 20
29.354537086855473
 10
105.93995483899194
 20
29.34710735979839
 10
105.97223690388998
 20
29.341777569313102
 10
106.00479843538494
 20
29.338570538380704
 10
106.03750000000001
 20
29.337500000000006
 10
119.03750000000001
 20
29.337500000000006
 10
119.07020156461508
 20
29.338570538380704
 10
119.10276309611004
 20
29.341777569313102
 10
119.13504516100808
 20
29.34710735979839
 10
119.16690952255126
 20
29.354537086855473
 10
119.1982197326516
 20
29.36403493525245
 10
119.22884171618256
 20
29.375560233744363
 10
119.2586443451095
 20
29.38906362923366
 10
119.28750000000001
 20
29.404487298107785
 10
119.31528511650981
 20
29.42176519384873
 10
119.34188071450437
 20
29.44082332985439
 10
119.36717290755004
 20
29.461580096260516
 10
119.39105339059329
 20
29.483946609406733
 10
119.4134199037395
 20
29.507827092449972
 10
119.43417667014563
 20
29.533119285495644
 10
119.45323480615129
 20
29.559714883490205
 10
119.47051270189223
 20
29.587500000000006
 10
119.48593637076635
 20
29.616355654890505
 10
119.49943976625565
 20
29.64615828381746
 10
119.51096506474757
 20
29.676780267348423
 10
119.52046291314454
 20
29.708090477448746
 10
119.52789264020163
 20
29.73995483899194
 10
119.53322243068692
 20
29.77223690388998
 10
119.5364294616193
 20
29.804798435384935
 10
119.53750000000001
 20
29.837500000000006
 10
119.53750000000001
 20
42.837500000000006
 10
119.5364294616193
 20
42.87020156461508
 10
119.53322243068692
 20
42.90276309611003
 10
119.52789264020163
 20
42.93504516100807
 10
119.52046291314454
 20
42.96690952255127
 10
119.51096506474757
 20
42.998219732651584
 10
119.49943976625565
 20
43.02884171618255
 10
119.48593637076635
 20
43.058644345109506
 10
119.47051270189223
 20
43.087500000000006
 10
119.45323480615129
 20
43.11528511650981
 10
119.43417667014563
 20
43.14188071450437
 10
119.4134199037395
 20
43.16717290755004
 10
119.39105339059329
 20
43.19105339059328
 10
119.36717290755004
 20
43.21341990373949
 10
119.34188071450437
 20
43.23417667014562
 10
119.31528511650981
 20
43.253234806151276
 10
119.28750000000001
 20
43.27051270189222
 10
119.2586443451095
 20
43.28593637076635
 10
119.22884171618256
 20
43.29943976625565
 10
119.1982197326516
 20
43.310965064747556
 10
119.16690952255126
 20
43.32046291314454
 10
119.13504516100808
 20
43.32789264020162
 10
119.10276309611004
 20
43.33322243068691
 10
119.07020156461508
 20
43.33642946161931
 10
119.03750000000001
 20
43.337500000000006
 10
106.03750000000001
 20
43.337500000000006
 10
106.00479843538494
 20
43.33642946161931
 10
105.97223690388998
 20
43.33322243068691
 10
105.93995483899194
 20
43.32789264020162
 10
105.90809047744875
 20
43.32046291314454
 10
105.87678026734842
 20
43.310965064747556
 10
105.84615828381746
 20
43.29943976625565
 10
105.81635565489051
 20
43.28593637076635
 10
105.78750000000001
 20
43.27051270189222
 10
105.7597148834902
 20
43.253234806151276
 10
105.73311928549565
 20
43.23417667014562
 10
105.70782709244997
 20
43.21341990373949
 10
105.68394660940673
 20
43.19105339059328
 10
105.66158009626052
 20
43.16717290755004
 10
105.64082332985438
 20
43.14188071450437
 10
105.62176519384873
 20
43.11528511650981
 10
105.60448729810778
 20
43.087500000000006
 10
105.58906362923366
 20
43.058644345109506
 10
105.57556023374437
 20
43.02884171618255
 10
105.56403493525245
 20
42.998219732651584
 10
105.55453708685548
 20
42.96690952255127
 10
105.54710735979839
 20
42.93504516100807
 10
105.5417775693131
 20
42.90276309611003
 10
105.53857053838071
 20
42.87020156461508
 10
105.53750000000001
 20
42.837500000000006
 10
105.53750000000001
 20
29.837500000000006
 10
105.53857053838071
 20
29.804798435384935
 10
105.5417775693131
 20
29.77223690388998
 10
105.54710735979839
 20
29.73995483899194
 10
105.55453708685548
 20
29.708090477448746
 10
105.56403493525245
 20
29.676780267348423
 10
105.57556023374437
 20
29.64615828381746
 10
105.58906362923366
 20
29.616355654890505
 10
105.60448729810778
 20
29.587500000000006
 10
105.62176519384873
 20
29.559714883490205
 10
105.64082332985438
 20
29.533119285495644
 10
105.66158009626052
 20
29.507827092449972
 10
105.68394660940673
 20
29.483946609406733
 10
105.70782709244997
 20
29.461580096260516
 10
105.73311928549565
 20
29.44082332985439
 10
105.7597148834902
 20
29.42176519384873
 10
105.78750000000001
 20
29.404487298107785
 10
105.81635565489051
 20
29.38906362923366
 10
105.84615828381746
 20
29.375560233744363
  0
LWPOLYLINE
  5
51
330
17
100
AcDbEntity
  8
CUTOUTS
100
AcDbPolyline
 90
100
 70
1
 10
124.95809047744875
 20
29.354537086855473
 10
124.98995483899193
 20
29.34710735979839
 10
125.02223690388998
 20
29.341777569313102
 10
125.05479843538494
 20
29.338570538380704
 10
125.0875
 20
29.337500000000006
 10
138.0875
 20
29.337500000000006
 10
138.1202015646151
 20
29.338570538380704
 10
138.15276309611002
 20
29.341777569313102
 10
138.18504516100808
 20
29.34710735979839
 10
138.21690952255128
 20
29.354537086855473
 10
138.2482197326516
 20
29.36403493525245
 10
138.27884171618254
 20
29.375560233744363
 10
138.3086443451095
 20
29.38906362923366
 10
138.3375
 20
29.404487298107785
 10
138.3652851165098
 20
29.42176519384873
 10
138.39188071450437
 20
29.44082332985439
 10
138.41717290755005
 20
29.461580096260516
 10
138.44105339059328
 20
29.483946609406733
 10
138.4634199037395
 20
29.507827092449972
 10
138.48417667014562
 20
29.533119285495644
 10
138.50323480615128
 20
29.559714883490205
 10
138.52051270189222
 20
29.587500000000006
 10
138.53593637076634
 20
29.616355654890505
 10
138.54943976625566
 20
29.64615828381746
 10
138.56096506474756
 20
29.676780267348423
 10
138.57046291314455
 20
29.708090477448746
 10
138.5778926402016
 20
29.73995483899194
 10
138.5832224306869
 20
29.77223690388998
 10
138.5864294616193
 20
29.804798435384935
 10
138.5875
 20
29.837500000000006
 10
138.5875
 20
42.837500000000006
 10
138.5864294616193
 20
42.87020156461508
 10
138.5832224306869
 20
42.90276309611003
 10
138.5778926402016
 20
42.93504516100807
 10
138.57046291314455
 20
42.96690952255127
 10
138.56096506474756
 20
42.998219732651584
 10
138.54943976625566
 20
43.02884171618255
 10
138.53593637076634
 20
43.058644345109506
 10
138.52051270189222
 20
43.087500000000006
 10
138.50323480615128
 20
43.11528511650981
 10
138.48417667014562
 20
43.14188071450437
 10
138.4634199037395
 20
43.16717290755004
 10
138.44105339059328
 20
43.19105339059328
 10
138.41717290755005
 20
43.21341990373949
 10
138.39188071450437
 20
43.23417667014562
 10
138.3652851165098
 20
43.253234806151276
 10
138.3375
 20
43.27051270189222
 10
138.3086443451095
 20
43.28593637076635
 10
138.27884171618254
 20
43.29943976625565
 10
138.2482197326516
 20
43.310965064747556
 10
138.21690952255128
 20
43.32046291314454
 10
138.18504516100808
 20
43.32789264020162
 10
138.15276309611002
 20
43.33322243068691
 10
138.1202015646151
 20
43.33642946161931
 10
138.0875
 20
43.337500000000006
 10
125.0875
 20
43.337500000000006
 10
125.05479843538494
 20
43.33642946161931
 10
125.02223690388998
 20
43.33322243068691
 10
124.98995483899193
 20
43.32789264020162
 10
124.95809047744875
 20
43.32046291314454
 10
124.92678026734842
 20
43.310965064747556
 10
124.89615828381746
 20
43.29943976625565
 10
124.86635565489051
 20
43.28593637076635
 10
124.8375
 20
43.27051270189222
 10
124.8097148834902
 20
43.253234806151276
 10
124.78311928549564
 20
43.23417667014562
 10
124.75782709244997
 20
43.21341990373949
 10
124.73394660940673
 20
43.19105339059328
 10
124.71158009626052
 20
43.16717290755004
 10
124.69082332985438
 20
43.14188071450437
 10
124.67176519384873
 20
43.11528511650981
 10
124.65448729810778
 20
43.087500000000006
 10
124.63906362923366
 20
43.058644345109506
 10
124.62556023374437
 20
43.02884171618255
 10
124.61403493525245
 20
42.998219732651584
 10
124.60453708685547
 20
42.96690952255127
 10
124.59710735979839
 20
42.93504516100807
 10
124.5917775693131
 20
42.90276309611003
 10
124.58857053838071
 20
42.87020156461508
 10
124.5875
 20
42.837500000000006
 10
124.5875
 20
29.837500000000006
 10
124.58857053838071
 20
29.804798435384935
 10
124.5917775693131
 20
29.77223690388998
 10
124.59710735979839
 20
29.73995483899194
 10
124.60453708685547
 20
29.708090477448746
 10
124.61403493525245
 20
29.676780267348423
 10
124.62556023374437
 20
29.64615828381746
 10
124.63906362923366
 20
29.616355654890505
 10
124.65448729810778
 20
29.587500000000006
 10
124.67176519384873
 20
29.559714883490205
 10
124.69082332985438
 20
29.533119285495644
 10
124.71158009626052
 20
29.507827092449972
 10
124.73394660940673
 20
29.483946609406733
 10
124.75782709244997
 20
29.461580096260516
 10
124.78311928549564
 20
29.44082332985439
 10
124.8097148834902
 20
29.42176519384873
 10
124.8375
 20
29.404487298107785
 10
124.86635565489051
 20
29.38906362923366
 10
124.89615828381746
 20
29.375560233744363
 10
124.92678026734842
 20
29.36403493525245
  0
LWPOLYLINE
  5
52
330
17
100
AcDbEntity
  8
CUTOUTS
100
AcDbPolyline
 90
100
 70
1
 10
143.97678026734843
 20
29.36403493525245
 10
144.00809047744875
 20
29.354537086855473
 10
144.03995483899195
 20
29.34710735979839
 10
144.07223690389
 20
29.341777569313102
 10
144.10479843538494
 20
29.338570538380704
 10
144.13750000000002
 20
29.337500000000006
 10
157.13750000000002
 20
29.337500000000006
 10
157.1702015646151
 20
29.338570538380704
 10
157.20276309611003
 20
29.341777569313102
 10
157.2350451610081
 20
29.34710735979839
 10
157.2669095225513
 20
29.354537086855473
 10
157.2982197326516
 20
29.36403493525245
 10
157.32884171618255
 20
29.375560233744363
 10
157.35864434510952
 20
29.38906362923366
 10
157.38750000000002
 20
29.404487298107785
 10
157.4152851165098
 20
29.42176519384873
 10
157.44188071450438
 20
29.44082332985439
 10
157.46717290755007
 20
29.461580096260516
 10
157.4910533905933
 20
29.483946609406733
 10
157.5134199037395
 20
29.507827092449972
 10
157.53417667014563
 20
29.533119285495644
 10
157.5532348061513
 20
29.559714883490205
 10
157.57051270189223
 20
29.587500000000006
 10
157.58593637076635
 20
29.616355654890505
 10
157.59943976625567
 20
29.64615828381746
 10
157.61096506474757
 20
29.676780267348423
 10
157.62046291314456
 20
29.708090477448746
 10
157.62789264020162
 20
29.73995483899194
 10
157.6332224306869
 20
29.77223690388998
 10
157.63642946161931
 20
29.804798435384935
 10
157.63750000000002
 20
29.837500000000006
 10
157.63750000000002
 20
42.837500000000006
 10
157.63642946161931
 20
42.87020156461508
 10
157.6332224306869
 20
42.90276309611003
 10
157.62789264020162
 20
42.93504516100807
 10
157.62046291314456
 20
42.96690952255127
 10
157.61096506474757
 20
42.998219732651584
 10
157.59943976625567
 20
43.02884171618255
 10
157.58593637076635
 20
43.058644345109506
 10
157.57051270189223
 20
43.087500000000006
 10
157.5532348061513
 20
43.11528511650981
 10
157.53417667014563
 20
43.14188071450437
 10
157.5134199037395
 20
43.16717290755004
 10
157.4910533905933
 20
43.19105339059328
 10
157.46717290755007
 20
43.21341990373949
 10
157.44188071450438
 20
43.23417667014562
 10
157.4152851165098
 20
43.253234806151276
 10
157.38750000000002
 20
43.27051270189222
 10
157.35864434510952
 20
43.28593637076635
 10
157.32884171618255
 20
43.29943976625565
 10
157.2982197326516
 20
43.310965064747556
 10
157.2669095225513
 20
43.32046291314454
 10
157.2350451610081
 20
43.32789264020162
 10
157.20276309611003
 20
43.33322243068691
 10
157.1702015646151
 20
43.33642946161931
 10
157.13750000000002
 20
43.337500000000006
 10
144.13750000000002
 20
43.337500000000006
 10
144.10479843538494
 20
43.33642946161931
 10
144.07223690389
 20
43.33322243068691
 10
144.03995483899195
 20
43.32789264020162
 10
144.00809047744875
 20
43.32046291314454
 10
143.97678026734843
 20
43.310965064747556
 10
143.94615828381748
 20
43.29943976625565
 10
143.9163556548905
 20
43.28593637076635
 10
143.88750000000002
 20
43.27051270189222
 10
143.85971488349023
 20
43.253234806151276
 10
143.83311928549566
 20
43.23417667014562
 10
143.80782709244997
 20
43.21341990373949
 10
143.78394660940674
 20
43.19105339059328
 10
143.76158009626053
 20
43.16717290755004
 10
143.7408233298544
 20
43.14188071450437
 10
143.72176519384874
 20
43.11528511650981
 10
143.7044872981078
 20
43.087500000000006
 10
143.6890636292337
 20
43.058644345109506
 10
143.67556023374436
 20
43.02884171618255
 10
143.66403493525246
 20
42.998219732651584
 10
143.65453708685547
 20
42.96690952255127
 10
143.6471073597984
 20
42.93504516100807
 10
143.64177756931312
 20
42.90276309611003
 10
143.63857053838072
 20
42.87020156461508
 10
143.63750000000002
 20
42.837500000000006
 10
143.63750000000002
 20
29.837500000000006
 10
143.63857053838072
 20
29.804798435384935
 10
143.64177756931312
 20
29.77223690388998
 10
143.6471073597984
 20
29.73995483899194
 10
143.65453708685547
 20
29.708090477448746
 10
143.66403493525246
 20
29.676780267348423
 10
143.67556023374436
 20
29.64615828381746
 10
143.6890636292337
 20
29.616355654890505
 10
143.7044872981078
 20
29.587500000000006
 10
143.72176519384874
 20
29.559714883490205
 10
143.7408233298544
 20
29.533119285495644
 10
143.76158009626053
 20
29.507827092449972
 10
143.78394660940674
 20
29.483946609406733
 10
143.80782709244997
 20
29.461580096260516
 10
143.83311928549566
 20
29.44082332985439
 10
143.85971488349023
 20
29.42176519384873
 10
143.88750000000002
 20
29.404487298107785
 10
143.9163556548905
 20
29.38906362923366
 10
143.94615828381748
 20
29.375560233744363
  0
LWPOLYLINE
  5
53
330
17
100
AcDbEntity
  8
CUTOUTS
100
AcDbPolyline
 90
100
 70
1
 10
77.30178026734842
 20
48.41403493525245
 10
77.33309047744875
 20
48.40453708685547
 10
77.36495483899193
 20
48.39710735979839
 10
77.39723690388998
 20
48.3917775693131
 10
77.42979843538494
 20
48.3885705383807
 10
77.4625
 20
48.3875
 10
90.4625
 20
48.3875
 10
90.49520156461507
 20
48.3885705383807
 10
90.52776309611004
 20
48.3917775693131
 10
90.56004516100808
 20
48.39710735979839
 10
90.59190952255126
 20
48.40453708685547
 10
90.62321973265159
 20
48.41403493525245
 10
90.65384171618255
 20
48.425560233744356
 10
90.6836443451095
 20
48.43906362923366
 10
90.7125
 20
48.454487298107786
 10
90.74028511650981
 20
48.47176519384873
 10
90.76688071450437
 20
48.490823329854386
 10
90.79217290755004
 20
48.511580096260516
 10
90.81605339059328
 20
48.533946609406726
 10
90.83841990373949
 20
48.55782709244997
 10
90.85917667014563
 20
48.58311928549564
 10
90.87823480615128
 20
48.6097148834902
 10
90.89551270189223
 20
48.6375
 10
90.91093637076635
 20
48.6663556548905
 10
90.92443976625565
 20
48.69615828381746
 10
90.93596506474756
 20
48.726780267348424
 10
90.94546291314454
 20
48.75809047744874
 10
90.95289264020163
 20
48.78995483899194
 10
90.95822243068692
 20
48.82223690388998
 10
90.9614294616193
 20
48.85479843538493
 10
90.9625
 20
48.8875
 10
90.9625
 20
61.8875
 10
90.9614294616193
 20
61.92020156461508
 10
90.95822243068692
 20
61.952763096110026
 10
90.95289264020163
 20
61.98504516100807
 10
90.94546291314454
 20
62.016909522551266
 10
90.93596506474756
 20
62.04821973265158
 10
90.92443976625565
 20
62.078841716182545
 10
90.91093637076635
 20
62.108644345109504
 10
90.89551270189223
 20
62.1375
 10
90.87823480615128
 20
62.16528511650981
 10
90.85917667014563
 20
62.191880714504364
 10
90.83841990373949
 20
62.21717290755004
 10
90.81605339059328
 20
62.24105339059328
 10
90.79217290755004
 20
62.26341990373949
 10
90.76688071450437
 20
62.28417667014562
 10
90.74028511650981
 20
62.30323480615127
 10
90.7125
 20
62.32051270189222
 10
90.6836443451095
 20
62.33593637076635
 10
90.65384171618255
 20
62.34943976625565
 10
90.62321973265159
 20
62.36096506474755
 10
90.59190952255126
 20
62.370462913144536
 10
90.56004516100808
 20
62.377892640201615
 10
90.52776309611004
 20
62.38322243068691
 10
90.49520156461507
 20
62.38642946161931
 10
90.4625
 20
62.3875
 10
77.4625
 20
62.3875
 10
77.42979843538494
 20
62.38642946161931
 10
77.39723690388998
 20
62.38322243068691
 10
77.36495483899193
 20
62.377892640201615
 10
77.33309047744875
 20
62.370462913144536
 10
77.30178026734842
 20
62.36096506474755
 10
77.27115828381746
 20
62.34943976625565
 10
77.24135565489051
 20
62.33593637076635
 10
77.2125
 20
62.32051270189222
 10
77.1847148834902
 20
62.30323480615127
 10
77.15811928549564
 20
62.28417667014562
 10
77.13282709244997
 20
62.26341990373949
 10
77.10894660940673
 20
62.24105339059328
 10
77.08658009626052
 20
62.21717290755004
 10
77.06582332985438
 20
62.191880714504364
 10
77.04676519384873
 20
62.16528511650981
 10
77.02948729810778
 20
62.1375
 10
77.01406362923366
 20
62.108644345109504
 10
77.00056023374437
 20
62.078841716182545
 10
76.98903493525245
 20
62.04821973265158
 10
76.97953708685547
 20
62.016909522551266
 10
76.97210735979839
 20
61.98504516100807
 10
76.9667775693131
 20
61.952763096110026
 10
76.96357053838071
 20
61.92020156461508
 10
76.9625
 20
61.8875
 10
76.9625
 20
48.8875
 10
76.96357053838071
 20
48.85479843538493
 10
76.9667775693131
 20
48.82223690388998
 10
76.97210735979839
 20
48.78995483899194
 10
76.97953708685547
 20
48.75809047744874
 10
76.98903493525245
 20
48.726780267348424
 10
77.00056023374437
 20
48.69615828381746
 10
77.01406362923366
 20
48.6663556548905
 10
77.02948729810778
 20
48.6375
 10
77.04676519384873
 20
48.6097148834902
 10
77.06582332985438
 20
48.58311928549564
 10
77.08658009626052
 20
48.55782709244997
 10
77.10894660940673
 20
48.533946609406726
 10
77.13282709244997
 20
48.511580096260516
 10
77.15811928549564
 20
48.490823329854386
 10
77.1847148834902
 20
48.47176519384873
 10
77.2125
 20
48.454487298107786
 10
77.24135565489051
 20
48.43906362923366
 10
77.27115828381746
 20
48.425560233744356
  0
LWPOLYLINE
  5
54
330
17
100
AcDbEntity
  8
CUTOUTS
100
AcDbPolyline
 90
100
 70
1
 10
96.38309047744875
 20
48.40453708685547
 10
96.41495483899193
 20
48.39710735979839
 10
96.44723690388997
 20
48.3917775693131
 10
96.47979843538494
 20
48.3885705383807
 10
96.5125
 20
48.3875
 10
109.5125
 20
48.3875
 10
109.54520156461507
 20
48.3885705383807
 10
109.57776309611003
 20
48.3917775693131
 10
109.61004516100807
 20
48.39710735979839
 10
109.64190952255126
 20
48.40453708685547
 10
109.67321973265159
 20
48.41403493525245
 10
109.70384171618255
 20
48.425560233744356
 10
109.7336443451095
 20
48.43906362923366
 10
109.7625
 20
48.454487298107786
 10
109.7902851165098
 20
48.47176519384873
 10
109.81688071450436
 20
48.490823329854386
 10
109.84217290755004
 20
48.511580096260516
 10
109.86605339059328
 20
48.533946609406726
 10
109.88841990373949
 20
48.55782709244997
 10
109.90917667014563
 20
48.58311928549564
 10
109.92823480615128
 20
48.6097148834902
 10
109.94551270189223
 20
48.6375
 10
109.96093637076635
 20
48.6663556548905
 10
109.97443976625564
 20
48.69615828381746
 10
109.98596506474756
 20
48.726780267348424
 10
109.99546291314454
 20
48.75809047744874
 10
110.00289264020162
 20
48.78995483899194
 10
110.00822243068691
 20
48.82223690388998
 10
110.0114294616193
 20
48.85479843538493
 10
110.0125
 20
48.8875
 10
110.0125
 20
61.8875
 10
110.0114294616193
 20
61.92020156461508
 10
110.00822243068691
 20
61.952763096110026
 10
110.00289264020162
 20
61.98504516100807
 10
109.99546291314454
 20
62.016909522551266
 10
109.98596506474756
 20
62.04821973265158
 10
109.97443976625564
 20
62.078841716182545
 10
109.96093637076635
 20
62.108644345109504
 10
109.94551270189223
 20
62.1375
 10
109.92823480615128
 20
62.16528511650981
 10
109.90917667014563
 20
62.191880714504364
 10
109.88841990373949
 20
62.21717290755004
 10
109.86605339059328
 20
62.24105339059328
 10
109.84217290755004
 20
62.26341990373949
 10
109.81688071450436
 20
62.28417667014562
 10
109.7902851165098
 20
62.30323480615127
 10
109.7625
 20
62.32051270189222
 10
109.7336443451095
 20
62.33593637076635
 10
109.70384171618255
 20
62.34943976625565
 10
109.67321973265159
 20
62.36096506474755
 10
109.64190952255126
 20
62.370462913144536
 10
109.61004516100807
 20
62.377892640201615
 10
109.57776309611003
 20
62.38322243068691
 10
109.54520156461507
 20
62.38642946161931
 10
109.5125
 20
62.3875
 10
96.5125
 20
62.3875
 10
96.47979843538494
 20
62.38642946161931
 10
96.44723690388997
 20
62.38322243068691
 10
96.41495483899193
 20
62.377892640201615
 10
96.38309047744875
 20
62.370462913144536
 10
96.35178026734842
 20
62.36096506474755
 10
96.32115828381745
 20
62.34943976625565
 10
96.29135565489051
 20
62.33593637076635
 10
96.2625
 20
62.32051270189222
 10
96.2347148834902
 20
62.30323480615127
 10
96.20811928549564
 20
62.28417667014562
 10
96.18282709244997
 20
62.26341990373949
 10
96.15894660940673
 20
62.24105339059328
 10
96.13658009626052
 20
62.21717290755004
 10
96.11582332985438
 20
62.191880714504364
 10
96.09676519384873
 20
62.16528511650981
 10
96.07948729810778
 20
62.1375
 10
96.06406362923366
 20
62.108644345109504
 10
96.05056023374436
 20
62.078841716182545
 10
96.03903493525245
 20
62.04821973265158
 10
96.02953708685547
 20
62.016909522551266
 10
96.02210735979838
 20
61.98504516100807
 10
96.01677756931309
 20
61.952763096110026
 10
96.0135705383807
 20
61.92020156461508
 10
96.0125
 20
61.8875
 10
96.0125
 20
48.8875
 10
96.0135705383807
 20
48.85479843538493
 10
96.01677756931309
 20
48.82223690388998
 10
96.02210735979838
 20
48.78995483899194
 10
96.02953708685547
 20
48.75809047744874
 10
96.03903493525245
 20
48.726780267348424
 10
96.05056023374436
 20
48.69615828381746
 10
96.06406362923366
 20
48.6663556548905
 10
96.07948729810778
 20
48.6375
 10
96.09676519384873
 20
48.6097148834902
 10
96.11582332985438
 20
48.58311928549564
 10
96.13658009626052
 20
48.55782709244997
 10
96.15894660940673
 20
48.533946609406726
 10
96.18282709244997
 20
48.511580096260516
 10
96.20811928549564
 20
48.490823329854386
 10
96.2347148834902
 20
48.47176519384873
 10
96.2625
 20
48.454487298107786
 10
96.29135565489051
 20
48.43906362923366
 10
96.32115828381745
 20
48.425560233744356
 10
96.35178026734842
 20
48.41403493525245
  0
LWPOLYLINE
  5
55
330
17
100
AcDbEntity
  8
CUTOUTS
100
AcDbPolyline
 90
100
 70
1
 10
115.40178026734841
 20
48.41403493525245
 10
115.43309047744874
 20
48.40453708685547
 10
115.46495483899193
 20
48.39710735979839
 10
115.49723690388997
 20
48.3917775693131
 10
115.52979843538493
 20
48.3885705383807
 10
115.5625
 20
48.3875
 10
128.5625
 20
48.3875
 10
128.59520156461508
 20
48.3885705383807
 10
128.62776309611002
 20
48.3917775693131
 10
128.66004516100807
 20
48.39710735979839
 10
128.69190952255127
 20
48.40453708685547
 10
128.7232197326516
 20
48.41403493525245
 10
128.75384171618254
 20
48.425560233744356
 10
128.7836443451095
 20
48.43906362923366
 10
128.8125
 20
48.454487298107786
 10
128.8402851165098
 20
48.47176519384873
 10
128.86688071450436
 20
48.490823329854386
 10
128.89217290755005
 20
48.511580096260516
 10
128.91605339059328
 20
48.533946609406726
 10
128.9384199037395
 20
48.55782709244997
 10
128.9591766701456
 20
48.58311928549564
 10
128.97823480615128
 20
48.6097148834902
 10
128.9955127018922
 20
48.6375
 10
129.01093637076633
 20
48.6663556548905
 10
129.02443976625565
 20
48.69615828381746
 10
129.03596506474756
 20
48.726780267348424
 10
129.04546291314455
 20
48.75809047744874
 10
129.0528926402016
 20
48.78995483899194
 10
129.0582224306869
 20
48.82223690388998
 10
129.0614294616193
 20
48.85479843538493
 10
129.0625
 20
48.8875
 10
129.0625
 20
61.8875
 10
129.0614294616193
 20
61.92020156461508
 10
129.0582224306869
 20
61.952763096110026
 10
129.0528926402016
 20
61.98504516100807
 10
129.04546291314455
 20
62.016909522551266
 10
129.03596506474756
 20
62.04821973265158
 10
129.02443976625565
 20
62.078841716182545
 10
129.01093637076633
 20
62.108644345109504
 10
128.9955127018922
 20
62.1375
 10
128.97823480615128
 20
62.16528511650981
 10
128.9591766701456
 20
62.191880714504364
 10
128.9384199037395
 20
62.21717290755004
 10
128.91605339059328
 20
62.24105339059328
 10
128.89217290755005
 20
62.26341990373949
 10
128.86688071450436
 20
62.28417667014562
 10
128.8402851165098
 20
62.30323480615127
 10
128.8125
 20
62.32051270189222
 10
128.7836443451095
 20
62.33593637076635
 10
128.75384171618254
 20
62.34943976625565
 10
128.7232197326516
 20
62.36096506474755
 10
128.69190952255127
 20
62.370462913144536
 10
128.66004516100807
 20
62.377892640201615
 10
128.62776309611002
 20
62.38322243068691
 10
128.59520156461508
 20
62.38642946161931
 10
128.5625
 20
62.3875
 10
115.5625
 20
62.3875
 10
115.52979843538493
 20
62.38642946161931
 10
115.49723690388997
 20
62.38322243068691
 10
115.46495483899193
 20
62.377892640201615
 10
115.43309047744874
 20
62.370462913144536
 10
115.40178026734841
 20
62.36096506474755
 10
115.37115828381745
 20
62.34943976625565
 10
115.3413556548905
 20
62.33593637076635
 10
115.3125
 20
62.32051270189222
 10
115.2847148834902
 20
62.30323480615127
 10
115.25811928549564
 20
62.28417667014562
 10
115.23282709244997
 20
62.26341990373949
 10
115.20894660940672
 20
62.24105339059328
 10
115.18658009626051
 20
62.21717290755004
 10
115.16582332985438
 20
62.191880714504364
 10
115.14676519384872
 20
62.16528511650981
 10
115.12948729810778
 20
62.1375
 10
115.11406362923366
 20
62.108644345109504
 10
115.10056023374436
 20
62.078841716182545
 10
115.08903493525244
 20
62.04821973265158
 10
115.07953708685547
 20
62.016909522551266
 10
115.07210735979838
 20
61.98504516100807
 10
115.06677756931309
 20
61.952763096110026
 10
115.0635705383807
 20
61.92020156461508
 10
115.0625
 20
61.8875
 10
115.0625
 20
48.8875
 10
115.0635705383807
 20
48.85479843538493
 10
115.06677756931309
 20
48.82223690388998
 10
115.07210735979838
 20
48.78995483899194
 10
115.07953708685547
 20
48.75809047744874
 10
115.08903493525244
 20
48.726780267348424
 10
115.10056023374436
 20
48.69615828381746
 10
115.11406362923366
 20
48.6663556548905
 10
115.12948729810778
 20
48.6375
 10
115.14676519384872
 20
48.6097148834902
 10
115.16582332985438
 20
48.58311928549564
 10
115.18658009626051
 20
48.55782709244997
 10
115.20894660940672
 20
48.533946609406726
 10
115.23282709244997
 20
48.511580096260516
 10
115.25811928549564
 20
48.490823329854386
 10
115.2847148834902
 20
48.47176519384873
 10
115.3125
 20
48.454487298107786
 10
115.3413556548905
 20
48.43906362923366
 10
115.37115828381745
 20
48.425560233744356
  0
LWPOLYLINE
  5
56
330
17
100
AcDbEntity
  8
CUTOUTS
100
AcDbPolyline
 90
100
 70
1
 10
134.45178026734843
 20
48.41403493525245
 10
134.48309047744874
 20
48.40453708685547
 10
134.51495483899194
 20
48.39710735979839
 10
134.54723690389
 20
48.3917775693131
 10
134.57979843538493
 20
48.3885705383807
 10
134.6125
 20
48.3875
 10
147.6125
 20
48.3875
 10
147.6452015646151
 20
48.3885705383807
 10
147.67776309611003
 20
48.3917775693131
 10
147.71004516100808
 20
48.39710735979839
 10
147.74190952255128
 20
48.40453708685547
 10
147.7732197326516
 20
48.41403493525245
 10
147.80384171618255
 20
48.425560233744356
 10
147.83364434510952
 20
48.43906362923366
 10
147.8625
 20
48.454487298107786
 10
147.8902851165098
 20
48.47176519384873
 10
147.91688071450437
 20
48.490823329854386
 10
147.94217290755006
 20
48.511580096260516
 10
147.9660533905933
 20
48.533946609406726
 10
147.9884199037395
 20
48.55782709244997
 10
148.00917667014562
 20
48.58311928549564
 10
148.0282348061513
 20
48.6097148834902
 10
148.04551270189222
 20
48.6375
 10
148.06093637076634
 20
48.6663556548905
 10
148.07443976625567
 20
48.69615828381746
 10
148.08596506474757
 20
48.726780267348424
 10
148.09546291314456
 20
48.75809047744874
 10
148.10289264020162
 20
48.78995483899194
 10
148.1082224306869
 20
48.82223690388998
 10
148.1114294616193
 20
48.85479843538493
 10
148.1125
 20
48.8875
 10
148.1125
 20
61.8875
 10
148.1114294616193
 20
61.92020156461508
 10
148.1082224306869
 20
61.952763096110026
 10
148.10289264020162
 20
61.98504516100807
 10
148.09546291314456
 20
62.016909522551266
 10
148.08596506474757
 20
62.04821973265158
 10
148.07443976625567
 20
62.078841716182545
 10
148.06093637076634
 20
62.108644345109504
 10
148.04551270189222
 20
62.1375
 10
148.0282348061513
 20
62.16528511650981
 10
148.00917667014562
 20
62.191880714504364
 10
147.9884199037395
 20
62.21717290755004
 10
147.9660533905933
 20
62.24105339059328
 10
147.94217290755006
 20
62.26341990373949
 10
147.91688071450437
 20
62.28417667014562
 10
147.8902851165098
 20
62.30323480615127
 10
147.8625
 20
62.32051270189222
 10
147.83364434510952
 20
62.33593637076635
 10
147.80384171618255
 20
62.34943976625565
 10
147.7732197326516
 20
62.36096506474755
 10
147.74190952255128
 20
62.370462913144536
 10
147.71004516100808
 20
62.377892640201615
 10
147.67776309611003
 20
62.38322243068691
 10
147.6452015646151
 20
62.38642946161931
 10
147.6125
 20
62.3875
 10
134.6125
 20
62.3875
 10
134.57979843538493
 20
62.38642946161931
 10
134.54723690389
 20
62.38322243068691
 10
134.51495483899194
 20
62.377892640201615
 10
134.48309047744874
 20
62.370462913144536
 10
134.45178026734843
 20
62.36096506474755
 10
134.42115828381748
 20
62.34943976625565
 10
134.3913556548905
 20
62.33593637076635
 10
134.3625
 20
62.32051270189222
 10
134.33471488349022
 20
62.30323480615127
 10
134.30811928549565
 20
62.28417667014562
 10
134.28282709244996
 20
62.26341990373949
 10
134.25894660940673
 20
62.24105339059328
 10
134.23658009626052
 20
62.21717290755004
 10
134.2158233298544
 20
62.191880714504364
 10
134.19676519384873
 20
62.16528511650981
 10
134.1794872981078
 20
62.1375
 10
134.16406362923368
 20
62.108644345109504
 10
134.15056023374436
 20
62.078841716182545
 10
134.13903493525245
 20
62.04821973265158
 10
134.12953708685546
 20
62.016909522551266
 10
134.1221073597984
 20
61.98504516100807
 10
134.11677756931311
 20
61.952763096110026
 10
134.1135705383807
 20
61.92020156461508
 10
134.1125
 20
61.8875
 10
134.1125
 20
48.8875
 10
134.1135705383807
 20
48.85479843538493
 10
134.11677756931311
 20
48.82223690388998
 10
134.1221073597984
 20
48.78995483899194
 10
134.12953708685546
 20
48.75809047744874
 10
134.13903493525245
 20
48.726780267348424
 10
134.15056023374436
 20
48.69615828381746
 10
134.16406362923368
 20
48.6663556548905
 10
134.1794872981078
 20
48.6375
 10
134.19676519384873
 20
48.6097148834902
 10
134.2158233298544
 20
48.58311928549564
 10
134.23658009626052
 20
48.55782709244997
 10
134.25894660940673
 20
48.533946609406726
 10
134.28282709244996
 20
48.511580096260516
 10
134.30811928549565
 20
48.490823329854386
 10
134.33471488349022
 20
48.47176519384873
 10
134.3625
 20
48.454487298107786
 10
134.3913556548905
 20
48.43906362923366
 10
134.42115828381748
 20
48.425560233744356
  0
LWPOLYLINE
  5
57
330
17
100
AcDbEntity
  8
CUTOUTS
100
AcDbPolyline
 90
100
 70
1
 10
153.53309047744872
 20
48.40453708685547
 10
153.56495483899192
 20
48.39710735979839
 10
153.59723690388998
 20
48.3917775693131
 10
153.6297984353849
 20
48.3885705383807
 10
153.6625
 20
48.3875
 10
166.6625
 20
48.3875
 10
166.69520156461508
 20
48.3885705383807
 10
166.72776309611
 20
48.3917775693131
 10
166.76004516100807
 20
48.39710735979839
 10
166.79190952255126
 20
48.40453708685547
 10
166.82321973265158
 20
48.41403493525245
 10
166.85384171618253
 20
48.425560233744356
 10
166.8836443451095
 20
48.43906362923366
 10
166.9125
 20
48.454487298107786
 10
166.94028511650978
 20
48.47176519384873
 10
166.96688071450436
 20
48.490823329854386
 10
166.99217290755004
 20
48.511580096260516
 10
167.01605339059327
 20
48.533946609406726
 10
167.03841990373948
 20
48.55782709244997
 10
167.0591766701456
 20
48.58311928549564
 10
167.07823480615127
 20
48.6097148834902
 10
167.0955127018922
 20
48.6375
 10
167.11093637076632
 20
48.6663556548905
 10
167.12443976625565
 20
48.69615828381746
 10
167.13596506474755
 20
48.726780267348424
 10
167.14546291314454
 20
48.75809047744874
 10
167.1528926402016
 20
48.78995483899194
 10
167.1582224306869
 20
48.82223690388998
 10
167.1614294616193
 20
48.85479843538493
 10
167.1625
 20
48.8875
 10
167.1625
 20
61.8875
 10
167.1614294616193
 20
61.92020156461508
 10
167.1582224306869
 20
61.952763096110026
 10
167.1528926402016
 20
61.98504516100807
 10
167.14546291314454
 20
62.016909522551266
 10
167.13596506474755
 20
62.04821973265158
 10
167.12443976625565
 20
62.078841716182545
 10
167.11093637076632
 20
62.108644345109504
 10
167.0955127018922
 20
62.1375
 10
167.07823480615127
 20
62.16528511650981
 10
167.0591766701456
 20
62.191880714504364
 10
167.03841990373948
 20
62.21717290755004
 10
167.01605339059327
 20
62.24105339059328
 10
166.99217290755004
 20
62.26341990373949
 10
166.96688071450436
 20
62.28417667014562
 10
166.94028511650978
 20
62.30323480615127
 10
166.9125
 20
62.32051270189222
 10
166.8836443451095
 20
62.33593637076635
 10
166.85384171618253
 20
62.34943976625565
 10
166.82321973265158
 20
62.36096506474755
 10
166.79190952255126
 20
62.370462913144536
 10
166.76004516100807
 20
62.377892640201615
 10
166.72776309611
 20
62.38322243068691
 10
166.69520156461508
 20
62.38642946161931
 10
166.6625
 20
62.3875
 10
153.6625
 20
62.3875
 10
153.6297984353849
 20
62.38642946161931
 10
153.59723690388998
 20
62.38322243068691
 10
153.56495483899192
 20
62.377892640201615
 10
153.53309047744872
 20
62.370462913144536
 10
153.5017802673484
 20
62.36096506474755
 10
153.47115828381746
 20
62.34943976625565
 10
153.4413556548905
 20
62.33593637076635
 10
153.4125
 20
62.32051270189222
 10
153.3847148834902
 20
62.30323480615127
 10
153.35811928549563
 20
62.28417667014562
 10
153.33282709244995
 20
62.26341990373949
 10
153.30894660940672
 20
62.24105339059328
 10
153.2865800962605
 20
62.21717290755004
 10
153.26582332985438
 20
62.191880714504364
 10
153.24676519384872
 20
62.16528511650981
 10
153.22948729810778
 20
62.1375
 10
153.21406362923366
 20
62.108644345109504
 10
153.20056023374434
 20
62.078841716182545
 10
153.18903493525244
 20
62.04821973265158
 10
153.17953708685545
 20
62.016909522551266
 10
153.1721073597984
 20
61.98504516100807
 10
153.1667775693131
 20
61.952763096110026
 10
153.1635705383807
 20
61.92020156461508
 10
153.1625
 20
61.8875
 10
153.1625
 20
48.8875
 10
153.1635705383807
 20
48.85479843538493
 10
153.1667775693131
 20
48.82223690388998
 10
153.1721073597984
 20
48.78995483899194
 10
153.17953708685545
 20
48.75809047744874
 10
153.18903493525244
 20
48.726780267348424
 10
153.20056023374434
 20
48.69615828381746
 10
153.21406362923366
 20
48.6663556548905
 10
153.22948729810778
 20
48.6375
 10
153.24676519384872
 20
48.6097148834902
 10
153.26582332985438
 20
48.58311928549564
 10
153.2865800962605
 20
48.55782709244997
 10
153.30894660940672
 20
48.533946609406726
 10
153.33282709244995
 20
48.511580096260516
 10
153.35811928549563
 20
48.490823329854386
 10
153.3847148834902
 20
48.47176519384873
 10
153.4125
 20
48.454487298107786
 10
153.4413556548905
 20
48.43906362923366
 10
153.47115828381746
 20
48.425560233744356
 10
153.5017802673484
 20
48.41403493525245
  0
LWPOLYLINE
  5
58
330
17
100
AcDbEntity
  8
CUTOUTS
100
AcDbPolyline
 90
100
 70
1
 10
91.58928026734841
 20
67.46403493525244
 10
91.62059047744874
 20
67.45453708685547
 10
91.65245483899193
 20
67.44710735979838
 10
91.68473690388997
 20
67.44177756931309
 10
91.71729843538493
 20
67.4385705383807
 10
91.75
 20
67.4375
 10
104.75
 20
67.4375
 10
104.78270156461507
 20
67.4385705383807
 10
104.81526309611003
 20
67.44177756931309
 10
104.84754516100807
 20
67.44710735979838
 10
104.87940952255126
 20
67.45453708685547
 10
104.91071973265159
 20
67.46403493525244
 10
104.94134171618255
 20
67.47556023374436
 10
104.9711443451095
 20
67.48906362923366
 10
105.0
 20
67.50448729810778
 10
105.0277851165098
 20
67.52176519384872
 10
105.05438071450436
 20
67.54082332985438
 10
105.07967290755003
 20
67.56158009626051
 10
105.10355339059328
 20
67.58394660940672
 10
105.12591990373949
 20
67.60782709244997
 10
105.14667667014562
 20
67.63311928549564
 10
105.16573480615128
 20
67.6597148834902
 10
105.18301270189222
 20
67.6875
 10
105.19843637076634
 20
67.7163556548905
 10
105.21193976625564
 20
67.74615828381745
 10
105.22346506474756
 20
67.77678026734841
 10
105.23296291314453
 20
67.80809047744874
 10
105.24039264020162
 20
67.83995483899193
 10
105.24572243068691
 20
67.87223690388997
 10
105.2489294616193
 20
67.90479843538493
 10
105.25
 20
67.9375
 10
105.25
 20
80.9375
 10
105.2489294616193
 20
80.97020156461507
 10
105.24572243068691
 20
81.00276309611003
 10
105.24039264020162
 20
81.03504516100807
 10
105.23296291314453
 20
81.06690952255126
 10
105.22346506474756
 20
81.09821973265159
 10
105.21193976625564
 20
81.12884171618255
 10
105.19843637076634
 20
81.1586443451095
 10
105.18301270189222
 20
81.1875
 10
105.16573480615128
 20
81.2152851165098
 10
105.14667667014562
 20
81.24188071450436
 10
105.12591990373949
 20
81.26717290755003
 10
105.10355339059328
 20
81.29105339059328
 10
105.07967290755003
 20
81.31341990373949
 10
105.05438071450436
 20
81.33417667014562
 10
105.0277851165098
 20
81.35323480615128
 10
105.0
 20
81.37051270189222
 10
104.9711443451095
 20
81.38593637076634
 10
104.94134171618255
 20
81.39943976625564
 10
104.91071973265159
 20
81.41096506474756
 10
104.87940952255126
 20
81.42046291314453
 10
104.84754516100807
 20
81.42789264020162
 10
104.81526309611003
 20
81.43322243068691
 10
104.78270156461507
 20
81.4364294616193
 10
104.75
 20
81.4375
 10
91.75
 20
81.4375
 10
91.71729843538493
 20
81.4364294616193
 10
91.68473690388997
 20
81.43322243068691
 10
91.65245483899193
 20
81.42789264020162
 10
91.62059047744874
 20
81.42046291314453
 10
91.58928026734841
 20
81.41096506474756
 10
91.55865828381745
 20
81.39943976625564
 10
91.5288556548905
 20
81.38593637076634
 10
91.5
 20
81.37051270189222
 10
91.4722148834902
 20
81.35323480615128
 10
91.44561928549564
 20
81.33417667014562
 10
91.42032709244997
 20
81.31341990373949
 10
91.39644660940672
 20
81.29105339059328
 10
91.37408009626051
 20
81.26717290755003
 10
91.35332332985438
 20
81.24188071450436
 10
91.33426519384872
 20
81.2152851165098
 10
91.31698729810778
 20
81.1875
 10
91.30156362923366
 20
81.1586443451095
 10
91.28806023374436
 20
81.12884171618255
 10
91.27653493525244
 20
81.09821973265159
 10
91.26703708685547
 20
81.06690952255126
 10
91.25960735979838
 20
81.03504516100807
 10
91.25427756931309
 20
81.00276309611003
 10
91.2510705383807
 20
80.97020156461507
 10
91.25
 20
80.9375
 10
91.25
 20
67.9375
 10
91.2510705383807
 20
67.90479843538493
 10
91.25427756931309
 20
67.87223690388997
 10
91.25960735979838
 20
67.83995483899193
 10
91.26703708685547
 20
67.80809047744874
 10
91.27653493525244
 20
67.77678026734841
 10
91.28806023374436
 20
67.74615828381745
 10
91.30156362923366
 20
67.7163556548905
 10
91.31698729810778
 20
67.6875
 10
91.33426519384872
 20
67.6597148834902
 10
91.35332332985438
 20
67.63311928549564
 10
91.37408009626051
 20
67.60782709244997
 10
91.39644660940672
 20
67.58394660940672
 10
91.42032709244997
 20
67.56158009626051
 10
91.44561928549564
 20
67.54082332985438
 10
91.4722148834902
 20
67.52176519384872
 10
91.5
 20
67.50448729810778
 10
91.5288556548905
 20
67.48906362923366
 10
91.55865828381745
 20
67.47556023374436
  0
LWPOLYLINE
  5
59
330
17
100
AcDbEntity
  8
CUTOUTS
100
AcDbPolyline
 90
100
 70
1
 10
110.63928026734843
 20
67.46403493525244
 10
110.67059047744875
 20
67.45453708685547
 10
110.70245483899194
 20
67.44710735979838
 10
110.73473690388998
 20
67.44177756931309
 10
110.76729843538494
 20
67.4385705383807
 10
110.80000000000001
 20
67.4375
 10
123.80000000000001
 20
67.4375
 10
123.83270156461508
 20
67.4385705383807
 10
123.86526309611004
 20
67.44177756931309
 10
123.89754516100808
 20
67.44710735979838
 10
123.92940952255127
 20
67.45453708685547
 10
123.9607197326516
 20
67.46403493525244
 10
123.99134171618256
 20
67.47556023374436
 10
124.0211443451095
 20
67.48906362923366
 10
124.05000000000001
 20
67.50448729810778
 10
124.07778511650982
 20
67.52176519384872
 10
124.10438071450437
 20
67.54082332985438
 10
124.12967290755005
 20
67.56158009626051
 10
124.15355339059329
 20
67.58394660940672
 10
124.1759199037395
 20
67.60782709244997
 10
124.19667667014564
 20
67.63311928549564
 10
124.21573480615129
 20
67.6597148834902
 10
124.23301270189224
 20
67.6875
 10
124.24843637076636
 20
67.7163556548905
 10
124.26193976625565
 20
67.74615828381745
 10
124.27346506474757
 20
67.77678026734841
 10
124.28296291314454
 20
67.80809047744874
 10
124.29039264020163
 20
67.83995483899193
 10
124.29572243068692
 20
67.87223690388997
 10
124.29892946161931
 20
67.90479843538493
 10
124.30000000000001
 20
67.9375
 10
124.30000000000001
 20
80.9375
 10
124.29892946161931
 20
80.97020156461507
 10
124.29572243068692
 20
81.00276309611003
 10
124.29039264020163
 20
81.03504516100807
 10
124.28296291314454
 20
81.06690952255126
 10
124.27346506474757
 20
81.09821973265159
 10
124.26193976625565
 20
81.12884171618255
 10
124.24843637076636
 20
81.1586443451095
 10
124.23301270189224
 20
81.1875
 10
124.21573480615129
 20
81.2152851165098
 10
124.19667667014564
 20
81.24188071450436
 10
124.1759199037395
 20
81.26717290755003
 10
124.15355339059329
 20
81.29105339059328
 10
124.12967290755005
 20
81.31341990373949
 10
124.10438071450437
 20
81.33417667014562
 10
124.07778511650982
 20
81.35323480615128
 10
124.05000000000001
 20
81.37051270189222
 10
124.0211443451095
 20
81.38593637076634
 10
123.99134171618256
 20
81.39943976625564
 10
123.9607197326516
 20
81.41096506474756
 10
123.92940952255127
 20
81.42046291314453
 10
123.89754516100808
 20
81.42789264020162
 10
123.86526309611004
 20
81.43322243068691
 10
123.83270156461508
 20
81.4364294616193
 10
123.80000000000001
 20
81.4375
 10
110.80000000000001
 20
81.4375
 10
110.76729843538494
 20
81.4364294616193
 10
110.73473690388998
 20
81.43322243068691
 10
110.70245483899194
 20
81.42789264020162
 10
110.67059047744875
 20
81.42046291314453
 10
110.63928026734843
 20
81.41096506474756
 10
110.60865828381746
 20
81.39943976625564
 10
110.57885565489052
 20
81.38593637076634
 10
110.55000000000001
 20
81.37051270189222
 10
110.52221488349021
 20
81.35323480615128
 10
110.49561928549565
 20
81.33417667014562
 10
110.47032709244998
 20
81.31341990373949
 10
110.44644660940673
 20
81.29105339059328
 10
110.42408009626052
 20
81.26717290755003
 10
110.40332332985439
 20
81.24188071450436
 10
110.38426519384873
 20
81.2152851165098
 10
110.36698729810779
 20
81.1875
 10
110.35156362923367
 20
81.1586443451095
 10
110.33806023374437
 20
81.12884171618255
 10
110.32653493525245
 20
81.09821973265159
 10
110.31703708685548
 20
81.06690952255126
 10
110.30960735979839
 20
81.03504516100807
 10
110.3042775693131
 20
81.00276309611003
 10
110.30107053838071
 20
80.97020156461507
 10
110.30000000000001
 20
80.9375
 10
110.30000000000001
 20
67.9375
 10
110.30107053838071
 20
67.90479843538493
 10
110.3042775693131
 20
67.87223690388997
 10
110.30960735979839
 20
67.83995483899193
 10
110.31703708685548
 20
67.80809047744874
 10
110.32653493525245
 20
67.77678026734841
 10
110.33806023374437
 20
67.74615828381745
 10
110.35156362923367
 20
67.7163556548905
 10
110.36698729810779
 20
67.6875
 10
110.38426519384873
 20
67.6597148834902
 10
110.40332332985439
 20
67.63311928549564
 10
110.42408009626052
 20
67.60782709244997
 10
110.44644660940673
 20
67.58394660940672
 10
110.47032709244998
 20
67.56158009626051
 10
110.49561928549565
 20
67.54082332985438
 10
110.52221488349021
 20
67.52176519384872
 10
110.55000000000001
 20
67.50448729810778
 10
110.57885565489052
 20
67.48906362923366
 10
110.60865828381746
 20
67.47556023374436
  0
LWPOLYLINE
  5
5A
330
17
100
AcDbEntity
  8
CUTOUTS
100
AcDbPolyline
 90
100
 70
1
 10
129.72059047744872
 20
67.45453708685547
 10
129.75245483899192
 20
67.44710735979838
 10
129.78473690388998
 20
67.44177756931309
 10
129.8172984353849
 20
67.4385705383807
 10
129.85
 20
67.4375
 10
142.85
 20
67.4375
 10
142.88270156461508
 20
67.4385705383807
 10
142.91526309611
 20
67.44177756931309
 10
142.94754516100807
 20
67.44710735979838
 10
142.97940952255126
 20
67.45453708685547
 10
143.01071973265158
 20
67.46403493525244
 10
143.04134171618253
 20
67.47556023374436
 10
143.0711443451095
 20
67.48906362923366
 10
143.1
 20
67.50448729810778
 10
143.12778511650978
 20
67.52176519384872
 10
143.15438071450436
 20
67.54082332985438
 10
143.17967290755004
 20
67.56158009626051
 10
143.20355339059327
 20
67.58394660940672
 10
143.22591990373948
 20
67.60782709244997
 10
143.2466766701456
 20
67.63311928549564
 10
143.26573480615127
 20
67.6597148834902
 10
143.2830127018922
 20
67.6875
 10
143.29843637076632
 20
67.7163556548905
 10
143.31193976625565
 20
67.74615828381745
 10
143.32346506474755
 20
67.77678026734841
 10
143.33296291314454
 20
67.80809047744874
 10
143.3403926402016
 20
67.83995483899193
 10
143.3457224306869
 20
67.87223690388997
 10
143.3489294616193
 20
67.90479843538493
 10
143.35
 20
67.9375
 10
143.35
 20
80.9375
 10
143.3489294616193
 20
80.97020156461507
 10
143.3457224306869
 20
81.00276309611003
 10
143.3403926402016
 20
81.03504516100807
 10
143.33296291314454
 20
81.06690952255126
 10
143.32346506474755
 20
81.09821973265159
 10
143.31193976625565
 20
81.12884171618255
 10
143.29843637076632
 20
81.1586443451095
 10
143.2830127018922
 20
81.1875
 10
143.26573480615127
 20
81.2152851165098
 10
143.2466766701456
 20
81.24188071450436
 10
143.22591990373948
 20
81.26717290755003
 10
143.20355339059327
 20
81.29105339059328
 10
143.17967290755004
 20
81.31341990373949
 10
143.15438071450436
 20
81.33417667014562
 10
143.12778511650978
 20
81.35323480615128
 10
143.1
 20
81.37051270189222
 10
143.0711443451095
 20
81.38593637076634
 10
143.04134171618253
 20
81.39943976625564
 10
143.01071973265158
 20
81.41096506474756
 10
142.97940952255126
 20
81.42046291314453
 10
142.94754516100807
 20
81.42789264020162
 10
142.91526309611
 20
81.43322243068691
 10
142.88270156461508
 20
81.4364294616193
 10
142.85
 20
81.4375
 10
129.85
 20
81.4375
 10
129.8172984353849
 20
81.4364294616193
 10
129.78473690388998
 20
81.43322243068691
 10
129.75245483899192
 20
81.42789264020162
 10
129.72059047744872
 20
81.42046291314453
 10
129.6892802673484
 20
81.41096506474756
 10
129.65865828381746
 20
81.39943976625564
 10
129.6288556548905
 20
81.38593637076634
 10
129.6
 20
81.37051270189222
 10
129.5722148834902
 20
81.35323480615128
 10
129.54561928549563
 20
81.33417667014562
 10
129.52032709244995
 20
81.31341990373949
 10
129.49644660940672
 20
81.29105339059328
 10
129.4740800962605
 20
81.26717290755003
 10
129.45332332985438
 20
81.24188071450436
 10
129.43426519384872
 20
81.2152851165098
 10
129.41698729810778
 20
81.1875
 10
129.40156362923366
 20
81.1586443451095
 10
129.38806023374434
 20
81.12884171618255
 10
129.37653493525244
 20
81.09821973265159
 10
129.36703708685545
 20
81.06690952255126
 10
129.3596073597984
 20
81.03504516100807
 10
129.3542775693131
 20
81.00276309611003
 10
129.3510705383807
 20
80.97020156461507
 10
129.35
 20
80.9375
 10
129.35
 20
67.9375
 10
129.3510705383807
 20
67.90479843538493
 10
129.3542775693131
 20
67.87223690388997
 10
129.3596073597984
 20
67.83995483899193
 10
129.36703708685545
 20
67.80809047744874
 10
129.37653493525244
 20
67.77678026734841
 10
129.38806023374434
 20
67.74615828381745
 10
129.40156362923366
 20
67.7163556548905
 10
129.41698729810778
 20
67.6875
 10
129.43426519384872
 20
67.6597148834902
 10
129.45332332985438
 20
67.63311928549564
 10
129.4740800962605
 20
67.60782709244997
 10
129.49644660940672
 20
67.58394660940672
 10
129.52032709244995
 20
67.56158009626051
 10
129.54561928549563
 20
67.54082332985438
 10
129.5722148834902
 20
67.52176519384872
 10
129.6
 20
67.50448729810778
 10
129.6288556548905
 20
67.48906362923366
 10
129.65865828381746
 20
67.47556023374436
 10
129.6892802673484
 20
67.46403493525244
  0
LWPOLYLINE
  5
5B
330
17
100
AcDbEntity
  8
CUTOUTS
100
AcDbPolyline
 90
100
 70
1
 10
148.73928026734842
 20
67.46403493525244
 10
148.77059047744874
 20
67.45453708685547
 10
148.80245483899193
 20
67.44710735979838
 10
148.83473690389
 20
67.44177756931309
 10
148.86729843538492
 20
67.4385705383807
 10
148.9
 20
67.4375
 10
161.9
 20
67.4375
 10
161.9327015646151
 20
67.4385705383807
 10
161.96526309611002
 20
67.44177756931309
 10
161.99754516100808
 20
67.44710735979838
 10
162.02940952255128
 20
67.45453708685547
 10
162.0607197326516
 20
67.46403493525244
 10
162.09134171618254
 20
67.47556023374436
 10
162.1211443451095
 20
67.48906362923366
 10
162.15
 20
67.50448729810778
 10
162.1777851165098
 20
67.52176519384872
 10
162.20438071450437
 20
67.54082332985438
 10
162.22967290755005
 20
67.56158009626051
 10
162.25355339059328
 20
67.58394660940672
 10
162.2759199037395
 20
67.60782709244997
 10
162.29667667014562
 20
67.63311928549564
 10
162.31573480615128
 20
67.6597148834902
 10
162.33301270189222
 20
67.6875
 10
162.34843637076634
 20
67.7163556548905
 10
162.36193976625566
 20
67.74615828381745
 10
162.37346506474756
 20
67.77678026734841
 10
162.38296291314455
 20
67.80809047744874
 10
162.3903926402016
 20
67.83995483899193
 10
162.3957224306869
 20
67.87223690388997
 10
162.3989294616193
 20
67.90479843538493
 10
162.4
 20
67.9375
 10
162.4
 20
80.9375
 10
162.3989294616193
 20
80.97020156461507
 10
162.3957224306869
 20
81.00276309611003
 10
162.3903926402016
 20
81.03504516100807
 10
162.38296291314455
 20
81.06690952255126
 10
162.37346506474756
 20
81.09821973265159
 10
162.36193976625566
 20
81.12884171618255
 10
162.34843637076634
 20
81.1586443451095
 10
162.33301270189222
 20
81.1875
 10
162.31573480615128
 20
81.2152851165098
 10
162.29667667014562
 20
81.24188071450436
 10
162.2759199037395
 20
81.26717290755003
 10
162.25355339059328
 20
81.29105339059328
 10
162.22967290755005
 20
81.31341990373949
 10
162.20438071450437
 20
81.33417667014562
 10
162.1777851165098
 20
81.35323480615128
 10
162.15
 20
81.37051270189222
 10
162.1211443451095
 20
81.38593637076634
 10
162.09134171618254
 20
81.39943976625564
 10
162.0607197326516
 20
81.41096506474756
 10
162.02940952255128
 20
81.42046291314453
 10
161.99754516100808
 20
81.42789264020162
 10
161.96526309611002
 20
81.43322243068691
 10
161.9327015646151
 20
81.4364294616193
 10
161.9
 20
81.4375
 10
148.9
 20
81.4375
 10
148.86729843538492
 20
81.4364294616193
 10
148.83473690389
 20
81.43322243068691
 10
148.80245483899193
 20
81.42789264020162
 10
148.77059047744874
 20
81.42046291314453
 10
148.73928026734842
 20
81.41096506474756
 10
148.70865828381747
 20
81.39943976625564
 10
148.6788556548905
 20
81.38593637076634
 10
148.65
 20
81.37051270189222
 10
148.62221488349022
 20
81.35323480615128
 10
148.59561928549564
 20
81.33417667014562
 10
148.57032709244996
 20
81.31341990373949
 10
148.54644660940673
 20
81.29105339059328
 10
148.52408009626052
 20
81.26717290755003
 10
148.5033233298544
 20
81.24188071450436
 10
148.48426519384873
 20
81.2152851165098
 10
148.4669872981078
 20
81.1875
 10
148.45156362923368
 20
81.1586443451095
 10
148.43806023374435
 20
81.12884171618255
 10
148.42653493525245
 20
81.09821973265159
 10
148.41703708685546
 20
81.06690952255126
 10
148.4096073597984
 20
81.03504516100807
 10
148.4042775693131
 20
81.00276309611003
 10
148.4010705383807
 20
80.97020156461507
 10
148.4
 20
80.9375
 10
148.4
 20
67.9375
 10
148.4010705383807
 20
67.90479843538493
 10
148.4042775693131
 20
67.87223690388997
 10
148.4096073597984
 20
67.83995483899193
 10
148.41703708685546
 20
67.80809047744874
 10
148.42653493525245
 20
67.77678026734841
 10
148.43806023374435
 20
67.74615828381745
 10
148.45156362923368
 20
67.7163556548905
 10
148.4669872981078
 20
67.6875
 10
148.48426519384873
 20
67.6597148834902
 10
148.5033233298544
 20
67.63311928549564
 10
148.52408009626052
 20
67.60782709244997
 10
148.54644660940673
 20
67.58394660940672
 10
148.57032709244996
 20
67.56158009626051
 10
148.59561928549564
 20
67.54082332985438
 10
148.62221488349022
 20
67.52176519384872
 10
148.65
 20
67.50448729810778
 10
148.6788556548905
 20
67.48906362923366
 10
148.70865828381747
 20
67.47556023374436
  0
LWPOLYLINE
  5
5C
330
17
100
AcDbEntity
  8
CUTOUTS
100
AcDbPolyline
 90
100
 70
1
 10
82.06428026734842
 20
86.51403493525245
 10
82.09559047744875
 20
86.50453708685548
 10
82.12745483899194
 20
86.49710735979839
 10
82.15973690388998
 20
86.4917775693131
 10
82.19229843538494
 20
86.48857053838071
 10
82.22500000000001
 20
86.48750000000001
 10
95.22500000000001
 20
86.48750000000001
 10
95.25770156461508
 20
86.48857053838071
 10
95.29026309611004
 20
86.4917775693131
 10
95.32254516100808
 20
86.49710735979839
 10
95.35440952255126
 20
86.50453708685548
 10
95.3857197326516
 20
86.51403493525245
 10
95.41634171618256
 20
86.52556023374437
 10
95.4461443451095
 20
86.53906362923367
 10
95.47500000000001
 20
86.55448729810779
 10
95.50278511650981
 20
86.57176519384873
 10
95.52938071450437
 20
86.59082332985439
 10
95.55467290755004
 20
86.61158009626052
 10
95.57855339059329
 20
86.63394660940673
 10
95.6009199037395
 20
86.65782709244998
 10
95.62167667014563
 20
86.68311928549565
 10
95.64073480615129
 20
86.70971488349021
 10
95.65801270189223
 20
86.73750000000001
 10
95.67343637076635
 20
86.76635565489052
 10
95.68693976625565
 20
86.79615828381746
 10
95.69846506474757
 20
86.82678026734843
 10
95.70796291314454
 20
86.85809047744875
 10
95.71539264020163
 20
86.88995483899194
 10
95.72072243068692
 20
86.92223690388998
 10
95.7239294616193
 20
86.95479843538494
 10
95.72500000000001
 20
86.98750000000001
 10
95.72500000000001
 20
99.98750000000001
 10
95.7239294616193
 20
100.02020156461508
 10
95.72072243068692
 20
100.05276309611004
 10
95.71539264020163
 20
100.08504516100808
 10
95.70796291314454
 20
100.11690952255127
 10
95.69846506474757
 20
100.1482197326516
 10
95.68693976625565
 20
100.17884171618256
 10
95.67343637076635
 20
100.2086443451095
 10
95.65801270189223
 20
100.23750000000001
 10
95.64073480615129
 20
100.26528511650982
 10
95.62167667014563
 20
100.29188071450437
 10
95.6009199037395
 20
100.31717290755005
 10
95.57855339059329
 20
100.34105339059329
 10
95.55467290755004
 20
100.3634199037395
 10
95.52938071450437
 20
100.38417667014564
 10
95.50278511650981
 20
100.40323480615129
 10
95.47500000000001
 20
100.42051270189224
 10
95.4461443451095
 20
100.43593637076636
 10
95.41634171618256
 20
100.44943976625565
 10
95.3857197326516
 20
100.46096506474757
 10
95.35440952255126
 20
100.47046291314454
 10
95.32254516100808
 20
100.47789264020163
 10
95.29026309611004
 20
100.48322243068692
 10
95.25770156461508
 20
100.48642946161931
 10
95.22500000000001
 20
100.48750000000001
 10
82.22500000000001
 20
100.48750000000001
 10
82.19229843538494
 20
100.48642946161931
 10
82.15973690388998
 20
100.48322243068692
 10
82.12745483899194
 20
100.47789264020163
 10
82.09559047744875
 20
100.47046291314454
 10
82.06428026734842
 20
100.46096506474757
 10
82.03365828381746
 20
100.44943976625565
 10
82.00385565489051
 20
100.43593637076636
 10
81.97500000000001
 20
100.42051270189224
 10
81.9472148834902
 20
100.40323480615129
 10
81.92061928549565
 20
100.38417667014564
 10
81.89532709244997
 20
100.3634199037395
 10
81.87144660940673
 20
100.34105339059329
 10
81.84908009626052
 20
100.31717290755005
 10
81.82832332985438
 20
100.29188071450437
 10
81.80926519384873
 20
100.26528511650982
 10
81.79198729810778
 20
100.23750000000001
 10
81.77656362923366
 20
100.2086443451095
 10
81.76306023374437
 20
100.17884171618256
 10
81.75153493525245
 20
100.1482197326516
 10
81.74203708685548
 20
100.11690952255127
 10
81.73460735979839
 20
100.08504516100808
 10
81.7292775693131
 20
100.05276309611004
 10
81.72607053838071
 20
100.02020156461508
 10
81.72500000000001
 20
99.98750000000001
 10
81.72500000000001
 20
86.98750000000001
 10
81.72607053838071
 20
86.95479843538494
 10
81.7292775693131
 20
86.92223690388998
 10
81.73460735979839
 20
86.88995483899194
 10
81.74203708685548
 20
86.85809047744875
 10
81.75153493525245
 20
86.82678026734843
 10
81.76306023374437
 20
86.79615828381746
 10
81.77656362923366
 20
86.76635565489052
 10
81.79198729810778
 20
86.73750000000001
 10
81.80926519384873
 20
86.70971488349021
 10
81.82832332985438
 20
86.68311928549565
 10
81.84908009626052
 20
86.65782709244998
 10
81.87144660940673
 20
86.63394660940673
 10
81.89532709244997
 20
86.61158009626052
 10
81.92061928549565
 20
86.59082332985439
 10
81.9472148834902
 20
86.57176519384873
 10
81.97500000000001
 20
86.55448729810779
 10
82.00385565489051
 20
86.53906362923367
 10
82.03365828381746
 20
86.52556023374437
  0
LWPOLYLINE
  5
5D
330
17
100
AcDbEntity
  8
CUTOUTS
100
AcDbPolyline
 90
100
 70
1
 10
101.14559047744875
 20
86.50453708685548
 10
101.17745483899193
 20
86.49710735979839
 10
101.20973690388998
 20
86.4917775693131
 10
101.24229843538494
 20
86.48857053838071
 10
101.275
 20
86.48750000000001
 10
114.275
 20
86.48750000000001
 10
114.30770156461507
 20
86.48857053838071
 10
114.34026309611004
 20
86.4917775693131
 10
114.37254516100808
 20
86.49710735979839
 10
114.40440952255126
 20
86.50453708685548
 10
114.43571973265159
 20
86.51403493525245
 10
114.46634171618255
 20
86.52556023374437
 10
114.4961443451095
 20
86.53906362923367
 10
114.525
 20
86.55448729810779
 10
114.55278511650981
 20
86.57176519384873
 10
114.57938071450437
 20
86.59082332985439
 10
114.60467290755004
 20
86.61158009626052
 10
114.62855339059328
 20
86.63394660940673
 10
114.65091990373949
 20
86.65782709244998
 10
114.67167667014563
 20
86.68311928549565
 10
114.69073480615128
 20
86.70971488349021
 10
114.70801270189223
 20
86.73750000000001
 10
114.72343637076635
 20
86.76635565489052
 10
114.73693976625565
 20
86.79615828381746
 10
114.74846506474756
 20
86.82678026734843
 10
114.75796291314454
 20
86.85809047744875
 10
114.76539264020163
 20
86.88995483899194
 10
114.77072243068692
 20
86.92223690388998
 10
114.7739294616193
 20
86.95479843538494
 10
114.775
 20
86.98750000000001
 10
114.775
 20
99.98750000000001
 10
114.7739294616193
 20
100.02020156461508
 10
114.77072243068692
 20
100.05276309611004
 10
114.76539264020163
 20
100.08504516100808
 10
114.75796291314454
 20
100.11690952255127
 10
114.74846506474756
 20
100.1482197326516
 10
114.73693976625565
 20
100.17884171618256
 10
114.72343637076635
 20
100.2086443451095
 10
114.70801270189223
 20
100.23750000000001
 10
114.69073480615128
 20
100.26528511650982
 10
114.67167667014563
 20
100.29188071450437
 10
114.65091990373949
 20
100.31717290755005
 10
114.62855339059328
 20
100.34105339059329
 10
114.60467290755004
 20
100.3634199037395
 10
114.57938071450437
 20
100.38417667014564
 10
114.55278511650981
 20
100.40323480615129
 10
114.525
 20
100.42051270189224
 10
114.4961443451095
 20
100.43593637076636
 10
114.46634171618255
 20
100.44943976625565
 10
114.43571973265159
 20
100.46096506474757
 10
114.40440952255126
 20
100.47046291314454
 10
114.37254516100808
 20
100.47789264020163
 10
114.34026309611004
 20
100.48322243068692
 10
114.30770156461507
 20
100.48642946161931
 10
114.275
 20
100.48750000000001
 10
101.275
 20
100.48750000000001
 10
101.24229843538494
 20
100.48642946161931
 10
101.20973690388998
 20
100.48322243068692
 10
101.17745483899193
 20
100.47789264020163
 10
101.14559047744875
 20
100.47046291314454
 10
101.11428026734842
 20
100.46096506474757
 10
101.08365828381746
 20
100.44943976625565
 10
101.05385565489051
 20
100.43593637076636
 10
101.025
 20
100.42051270189224
 10
100.9972148834902
 20
100.40323480615129
 10
100.97061928549564
 20
100.38417667014564
 10
100.94532709244997
 20
100.3634199037395
 10
100.92144660940673
 20
100.34105339059329
 10
100.89908009626052
 20
100.31717290755005
 10
100.87832332985438
 20
100.29188071450437
 10
100.85926519384873
 20
100.26528511650982
 10
100.84198729810778
 20
100.23750000000001
 10
100.82656362923366
 20
100.2086443451095
 10
100.81306023374437
 20
100.17884171618256
 10
100.80153493525245
 20
100.1482197326516
 10
100.79203708685547
 20
100.11690952255127
 10
100.78460735979839
 20
100.08504516100808
 10
100.7792775693131
 20
100.05276309611004
 10
100.77607053838071
 20
100.02020156461508
 10
100.775
 20
99.98750000000001
 10
100.775
 20
86.98750000000001
 10
100.77607053838071
 20
86.95479843538494
 10
100.7792775693131
 20
86.92223690388998
 10
100.78460735979839
 20
86.88995483899194
 10
100.79203708685547
 20
86.85809047744875
 10
100.80153493525245
 20
86.82678026734843
 10
100.81306023374437
 20
86.79615828381746
 10
100.82656362923366
 20
86.76635565489052
 10
100.84198729810778
 20
86.73750000000001
 10
100.85926519384873
 20
86.70971488349021
 10
100.87832332985438
 20
86.68311928549565
 10
100.89908009626052
 20
86.65782709244998
 10
100.92144660940673
 20
86.63394660940673
 10
100.94532709244997
 20
86.61158009626052
 10
100.97061928549564
 20
86.59082332985439
 10
100.9972148834902
 20
86.57176519384873
 10
101.025
 20
86.55448729810779
 10
101.05385565489051
 20
86.53906362923367
 10
101.08365828381746
 20
86.52556023374437
 10
101.11428026734842
 20
86.51403493525245
  0
LWPOLYLINE
  5
5E
330
17
100
AcDbEntity
  8
CUTOUTS
100
AcDbPolyline
 90
100
 70
1
 10
120.16428026734842
 20
86.51403493525245
 10
120.19559047744875
 20
86.50453708685548
 10
120.22745483899193
 20
86.49710735979839
 10
120.25973690388997
 20
86.4917775693131
 10
120.29229843538494
 20
86.48857053838071
 10
120.325
 20
86.48750000000001
 10
133.325
 20
86.48750000000001
 10
133.35770156461507
 20
86.48857053838071
 10
133.39026309611
 20
86.4917775693131
 10
133.42254516100806
 20
86.49710735979839
 10
133.45440952255126
 20
86.50453708685548
 10
133.48571973265157
 20
86.51403493525245
 10
133.51634171618252
 20
86.52556023374437
 10
133.5461443451095
 20
86.53906362923367
 10
133.575
 20
86.55448729810779
 10
133.60278511650978
 20
86.57176519384873
 10
133.62938071450435
 20
86.59082332985439
 10
133.65467290755004
 20
86.61158009626052
 10
133.67855339059327
 20
86.63394660940673
 10
133.70091990373948
 20
86.65782709244998
 10
133.7216766701456
 20
86.68311928549565
 10
133.74073480615127
 20
86.70971488349021
 10
133.7580127018922
 20
86.73750000000001
 10
133.77343637076632
 20
86.76635565489052
 10
133.78693976625564
 20
86.79615828381746
 10
133.79846506474755
 20
86.82678026734843
 10
133.80796291314454
 20
86.85809047744875
 10
133.8153926402016
 20
86.88995483899194
 10
133.82072243068689
 20
86.92223690388998
 10
133.8239294616193
 20
86.95479843538494
 10
133.825
 20
86.98750000000001
 10
133.825
 20
99.98750000000001
 10
133.8239294616193
 20
100.02020156461508
 10
133.82072243068689
 20
100.05276309611004
 10
133.8153926402016
 20
100.08504516100808
 10
133.80796291314454
 20
100.11690952255127
 10
133.79846506474755
 20
100.1482197326516
 10
133.78693976625564
 20
100.17884171618256
 10
133.77343637076632
 20
100.2086443451095
 10
133.7580127018922
 20
100.23750000000001
 10
133.74073480615127
 20
100.26528511650982
 10
133.7216766701456
 20
100.29188071450437
 10
133.70091990373948
 20
100.31717290755005
 10
133.67855339059327
 20
100.34105339059329
 10
133.65467290755004
 20
100.3634199037395
 10
133.62938071450435
 20
100.38417667014564
 10
133.60278511650978
 20
100.40323480615129
 10
133.575
 20
100.42051270189224
 10
133.5461443451095
 20
100.43593637076636
 10
133.51634171618252
 20
100.44943976625565
 10
133.48571973265157
 20
100.46096506474757
 10
133.45440952255126
 20
100.47046291314454
 10
133.42254516100806
 20
100.47789264020163
 10
133.39026309611
 20
100.48322243068692
 10
133.35770156461507
 20
100.48642946161931
 10
133.325
 20
100.48750000000001
 10
120.325
 20
100.48750000000001
 10
120.29229843538494
 20
100.48642946161931
 10
120.25973690388997
 20
100.48322243068692
 10
120.22745483899193
 20
100.47789264020163
 10
120.19559047744875
 20
100.47046291314454
 10
120.16428026734842
 20
100.46096506474757
 10
120.13365828381745
 20
100.44943976625565
 10
120.10385565489051
 20
100.43593637076636
 10
120.075
 20
100.42051270189224
 10
120.0472148834902
 20
100.40323480615129
 10
120.02061928549564
 20
100.38417667014564
 10
119.99532709244997
 20
100.3634199037395
 10
119.97144660940673
 20
100.34105339059329
 10
119.94908009626052
 20
100.31717290755005
 10
119.92832332985438
 20
100.29188071450437
 10
119.90926519384873
 20
100.26528511650982
 10
119.89198729810778
 20
100.23750000000001
 10
119.87656362923366
 20
100.2086443451095
 10
119.86306023374436
 20
100.17884171618256
 10
119.85153493525245
 20
100.1482197326516
 10
119.84203708685547
 20
100.11690952255127
 10
119.83460735979838
 20
100.08504516100808
 10
119.82927756931309
 20
100.05276309611004
 10
119.8260705383807
 20
100.02020156461508
 10
119.825
 20
99.98750000000001
 10
119.825
 20
86.98750000000001
 10
119.8260705383807
 20
86.95479843538494
 10
119.82927756931309
 20
86.92223690388998
 10
119.83460735979838
 20
86.88995483899194
 10
119.84203708685547
 20
86.85809047744875
 10
119.85153493525245
 20
86.82678026734843
 10
119.86306023374436
 20
86.79615828381746
 10
119.87656362923366
 20
86.76635565489052
 10
119.89198729810778
 20
86.73750000000001
 10
119.90926519384873
 20
86.70971488349021
 10
119.92832332985438
 20
86.68311928549565
 10
119.94908009626052
 20
86.65782709244998
 10
119.97144660940673
 20
86.63394660940673
 10
119.99532709244997
 20
86.61158009626052
 10
120.02061928549564
 20
86.59082332985439
 10
120.0472148834902
 20
86.57176519384873
 10
120.075
 20
86.55448729810779
 10
120.10385565489051
 20
86.53906362923367
 10
120.13365828381745
 20
86.52556023374437
  0
LWPOLYLINE
  5
5F
330
17
100
AcDbEntity
  8
CUTOUTS
100
AcDbPolyline
 90
100
 70
1
 10
139.2142802673484
 20
86.51403493525245
 10
139.24559047744873
 20
86.50453708685548
 10
139.27745483899193
 20
86.49710735979839
 10
139.30973690388998
 20
86.4917775693131
 10
139.34229843538492
 20
86.48857053838071
 10
139.375
 20
86.48750000000001
 10
152.375
 20
86.48750000000001
 10
152.40770156461508
 20
86.48857053838071
 10
152.44026309611002
 20
86.4917775693131
 10
152.47254516100807
 20
86.49710735979839
 10
152.50440952255127
 20
86.50453708685548
 10
152.5357197326516
 20
86.51403493525245
 10
152.56634171618254
 20
86.52556023374437
 10
152.5961443451095
 20
86.53906362923367
 10
152.625
 20
86.55448729810779
 10
152.6527851165098
 20
86.57176519384873
 10
152.67938071450436
 20
86.59082332985439
 10
152.70467290755005
 20
86.61158009626052
 10
152.72855339059328
 20
86.63394660940673
 10
152.7509199037395
 20
86.65782709244998
 10
152.7716766701456
 20
86.68311928549565
 10
152.79073480615128
 20
86.70971488349021
 10
152.8080127018922
 20
86.73750000000001
 10
152.82343637076633
 20
86.76635565489052
 10
152.83693976625565
 20
86.79615828381746
 10
152.84846506474756
 20
86.82678026734843
 10
152.85796291314455
 20
86.85809047744875
 10
152.8653926402016
 20
86.88995483899194
 10
152.8707224306869
 20
86.92223690388998
 10
152.8739294616193
 20
86.95479843538494
 10
152.875
 20
86.98750000000001
 10
152.875
 20
99.98750000000001
 10
152.8739294616193
 20
100.02020156461508
 10
152.8707224306869
 20
100.05276309611004
 10
152.8653926402016
 20
100.08504516100808
 10
152.85796291314455
 20
100.11690952255127
 10
152.84846506474756
 20
100.1482197326516
 10
152.83693976625565
 20
100.17884171618256
 10
152.82343637076633
 20
100.2086443451095
 10
152.8080127018922
 20
100.23750000000001
 10
152.79073480615128
 20
100.26528511650982
 10
152.7716766701456
 20
100.29188071450437
 10
152.7509199037395
 20
100.31717290755005
 10
152.72855339059328
 20
100.34105339059329
 10
152.70467290755005
 20
100.3634199037395
 10
152.67938071450436
 20
100.38417667014564
 10
152.6527851165098
 20
100.40323480615129
 10
152.625
 20
100.42051270189224
 10
152.5961443451095
 20
100.43593637076636
 10
152.56634171618254
 20
100.44943976625565
 10
152.5357197326516
 20
100.46096506474757
 10
152.50440952255127
 20
100.47046291314454
 10
152.47254516100807
 20
100.47789264020163
 10
152.44026309611002
 20
100.48322243068692
 10
152.40770156461508
 20
100.48642946161931
 10
152.375
 20
100.48750000000001
 10
139.375
 20
100.48750000000001
 10
139.34229843538492
 20
100.48642946161931
 10
139.30973690388998
 20
100.48322243068692
 10
139.27745483899193
 20
100.47789264020163
 10
139.24559047744873
 20
100.47046291314454
 10
139.2142802673484
 20
100.46096506474757
 10
139.18365828381746
 20
100.44943976625565
 10
139.1538556548905
 20
100.43593637076636
 10
139.125
 20
100.42051270189224
 10
139.0972148834902
 20
100.40323480615129
 10
139.07061928549564
 20
100.38417667014564
 10
139.04532709244995
 20
100.3634199037395
 10
139.02144660940672
 20
100.34105339059329
 10
138.9990800962605
 20
100.31717290755005
 10
138.9783233298544
 20
100.29188071450437
 10
138.95926519384872
 20
100.26528511650982
 10
138.9419872981078
 20
100.23750000000001
 10
138.92656362923367
 20
100.2086443451095
 10
138.91306023374435
 20
100.17884171618256
 10
138.90153493525244
 20
100.1482197326516
 10
138.89203708685545
 20
100.11690952255127
 10
138.8846073597984
 20
100.08504516100808
 10
138.8792775693131
 20
100.05276309611004
 10
138.8760705383807
 20
100.02020156461508
 10
138.875
 20
99.98750000000001
 10
138.875
 20
86.98750000000001
 10
138.8760705383807
 20
86.95479843538494
 10
138.8792775693131
 20
86.92223690388998
 10
138.8846073597984
 20
86.88995483899194
 10
138.89203708685545
 20
86.85809047744875
 10
138.90153493525244
 20
86.82678026734843
 10
138.91306023374435
 20
86.79615828381746
 10
138.92656362923367
 20
86.76635565489052
 10
138.9419872981078
 20
86.73750000000001
 10
138.95926519384872
 20
86.70971488349021
 10
138.9783233298544
 20
86.68311928549565
 10
138.9990800962605
 20
86.65782709244998
 10
139.02144660940672
 20
86.63394660940673
 10
139.04532709244995
 20
86.61158009626052
 10
139.07061928549564
 20
86.59082332985439
 10
139.0972148834902
 20
86.57176519384873
 10
139.125
 20
86.55448729810779
 10
139.1538556548905
 20
86.53906362923367
 10
139.18365828381746
 20
86.52556023374437
  0
LWPOLYLINE
  5
60
330
17
100
AcDbEntity
  8
CUTOUTS
100
AcDbPolyline
 90
100
 70
1
 10
158.26428026734843
 20
86.51403493525245
 10
158.29559047744874
 20
86.50453708685548
 10
158.32745483899194
 20
86.49710735979839
 10
158.35973690389
 20
86.4917775693131
 10
158.39229843538493
 20
86.48857053838071
 10
158.425
 20
86.48750000000001
 10
171.425
 20
86.48750000000001
 10
171.4577015646151
 20
86.48857053838071
 10
171.49026309611003
 20
86.4917775693131
 10
171.52254516100808
 20
86.49710735979839
 10
171.55440952255128
 20
86.50453708685548
 10
171.5857197326516
 20
86.51403493525245
 10
171.61634171618255
 20
86.52556023374437
 10
171.64614434510952
 20
86.53906362923367
 10
171.675
 20
86.55448729810779
 10
171.7027851165098
 20
86.57176519384873
 10
171.72938071450437
 20
86.59082332985439
 10
171.75467290755006
 20
86.61158009626052
 10
171.7785533905933
 20
86.63394660940673
 10
171.8009199037395
 20
86.65782709244998
 10
171.82167667014562
 20
86.68311928549565
 10
171.8407348061513
 20
86.70971488349021
 10
171.85801270189222
 20
86.73750000000001
 10
171.87343637076634
 20
86.76635565489052
 10
171.88693976625567
 20
86.79615828381746
 10
171.89846506474757
 20
86.82678026734843
 10
171.90796291314456
 20
86.85809047744875
 10
171.91539264020162
 20
86.88995483899194
 10
171.9207224306869
 20
86.92223690388998
 10
171.9239294616193
 20
86.95479843538494
 10
171.925
 20
86.98750000000001
 10
171.925
 20
99.98750000000001
 10
171.9239294616193
 20
100.02020156461508
 10
171.9207224306869
 20
100.05276309611004
 10
171.91539264020162
 20
100.08504516100808
 10
171.90796291314456
 20
100.11690952255127
 10
171.89846506474757
 20
100.1482197326516
 10
171.88693976625567
 20
100.17884171618256
 10
171.87343637076634
 20
100.2086443451095
 10
171.85801270189222
 20
100.23750000000001
 10
171.8407348061513
 20
100.26528511650982
 10
171.82167667014562
 20
100.29188071450437
 10
171.8009199037395
 20
100.31717290755005
 10
171.7785533905933
 20
100.34105339059329
 10
171.75467290755006
 20
100.3634199037395
 10
171.72938071450437
 20
100.38417667014564
 10
171.7027851165098
 20
100.40323480615129
 10
171.675
 20
100.42051270189224
 10
171.64614434510952
 20
100.43593637076636
 10
171.61634171618255
 20
100.44943976625565
 10
171.5857197326516
 20
100.46096506474757
 10
171.55440952255128
 20
100.47046291314454
 10
171.52254516100808
 20
100.47789264020163
 10
171.49026309611003
 20
100.48322243068692
 10
171.4577015646151
 20
100.48642946161931
 10
171.425
 20
100.48750000000001
 10
158.425
 20
100.48750000000001
 10
158.39229843538493
 20
100.48642946161931
 10
158.35973690389
 20
100.48322243068692
 10
158.32745483899194
 20
100.47789264020163
 10
158.29559047744874
 20
100.47046291314454
 10
158.26428026734843
 20
100.46096506474757
 10
158.23365828381748
 20
100.44943976625565
 10
158.2038556548905
 20
100.43593637076636
 10
158.175
 20
100.42051270189224
 10
158.14721488349022
 20
100.40323480615129
 10
158.12061928549565
 20
100.38417667014564
 10
158.09532709244996
 20
100.3634199037395
 10
158.07144660940673
 20
100.34105339059329
 10
158.04908009626052
 20
100.31717290755005
 10
158.0283233298544
 20
100.29188071450437
 10
158.00926519384873
 20
100.26528511650982
 10
157.9919872981078
 20
100.23750000000001
 10
157.97656362923368
 20
100.2086443451095
 10
157.96306023374436
 20
100.17884171618256
 10
157.95153493525245
 20
100.1482197326516
 10
157.94203708685546
 20
100.11690952255127
 10
157.9346073597984
 20
100.08504516100808
 10
157.92927756931311
 20
100.05276309611004
 10
157.9260705383807
 20
100.02020156461508
 10
157.925
 20
99.98750000000001
 10
157.925
 20
86.98750000000001
 10
157.9260705383807
 20
86.95479843538494
 10
157.92927756931311
 20
86.92223690388998
 10
157.9346073597984
 20
86.88995483899194
 10
157.94203708685546
 20
86.85809047744875
 10
157.95153493525245
 20
86.82678026734843
 10
157.96306023374436
 20
86.79615828381746
 10
157.97656362923368
 20
86.76635565489052
 10
157.9919872981078
 20
86.73750000000001
 10
158.00926519384873
 20
86.70971488349021
 10
158.0283233298544
 20
86.68311928549565
 10
158.04908009626052
 20
86.65782709244998
 10
158.07144660940673
 20
86.63394660940673
 10
158.09532709244996
 20
86.61158009626052
 10
158.12061928549565
 20
86.59082332985439
 10
158.14721488349022
 20
86.57176519384873
 10
158.175
 20
86.55448729810779
 10
158.2038556548905
 20
86.53906362923367
 10
158.23365828381748
 20
86.52556023374437
  0
LWPOLYLINE
  5
61
330
17
100
AcDbEntity
  8
CUTOUTS
100
AcDbPolyline
 90
100
 70
1
 10
82.06428026734842
 20
115.08903493525244
 10
82.09559047744875
 20
115.07953708685547
 10
82.12745483899194
 20
115.07210735979838
 10
82.15973690388998
 20
115.06677756931309
 10
82.19229843538494
 20
115.0635705383807
 10
82.22500000000001
 20
115.0625
 10
95.22500000000001
 20
115.0625
 10
95.25770156461508
 20
115.0635705383807
 10
95.29026309611004
 20
115.06677756931309
 10
95.32254516100808
 20
115.07210735979838
 10
95.35440952255126
 20
115.07953708685547
 10
95.3857197326516
 20
115.08903493525244
 10
95.41634171618256
 20
115.10056023374436
 10
95.4461443451095
 20
115.11406362923366
 10
95.47500000000001
 20
115.12948729810778
 10
95.50278511650981
 20
115.14676519384872
 10
95.52938071450437
 20
115.16582332985438
 10
95.55467290755004
 20
115.18658009626051
 10
95.57855339059329
 20
115.20894660940672
 10
95.6009199037395
 20
115.23282709244997
 10
95.62167667014563
 20
115.25811928549564
 10
95.64073480615129
 20
115.2847148834902
 10
95.65801270189223
 20
115.3125
 10
95.67343637076635
 20
115.3413556548905
 10
95.68693976625565
 20
115.37115828381745
 10
95.69846506474757
 20
115.40178026734841
 10
95.70796291314454
 20
115.43309047744874
 10
95.71539264020163
 20
115.46495483899193
 10
95.72072243068692
 20
115.49723690388997
 10
95.7239294616193
 20
115.52979843538493
 10
95.72500000000001
 20
115.5625
 10
95.72500000000001
 20
128.5625
 10
95.7239294616193
 20
128.59520156461508
 10
95.72072243068692
 20
128.62776309611002
 10
95.71539264020163
 20
128.66004516100807
 10
95.70796291314454
 20
128.69190952255127
 10
95.69846506474757
 20
128.7232197326516
 10
95.68693976625565
 20
128.75384171618254
 10
95.67343637076635
 20
128.7836443451095
 10
95.65801270189223
 20
128.8125
 10
95.64073480615129
 20
128.8402851165098
 10
95.62167667014563
 20
128.86688071450436
 10
95.6009199037395
 20
128.89217290755005
 10
95.57855339059329
 20
128.91605339059328
 10
95.55467290755004
 20
128.9384199037395
 10
95.52938071450437
 20
128.9591766701456
 10
95.50278511650981
 20
128.97823480615128
 10
95.47500000000001
 20
128.9955127018922
 10
95.4461443451095
 20
129.01093637076633
 10
95.41634171618256
 20
129.02443976625565
 10
95.3857197326516
 20
129.03596506474756
 10
95.35440952255126
 20
129.04546291314455
 10
95.32254516100808
 20
129.0528926402016
 10
95.29026309611004
 20
129.0582224306869
 10
95.25770156461508
 20
129.0614294616193
 10
95.22500000000001
 20
129.0625
 10
82.22500000000001
 20
129.0625
 10
82.19229843538494
 20
129.0614294616193
 10
82.15973690388998
 20
129.0582224306869
 10
82.12745483899194
 20
129.0528926402016
 10
82.09559047744875
 20
129.04546291314455
 10
82.06428026734842
 20
129.03596506474756
 10
82.03365828381746
 20
129.02443976625565
 10
82.00385565489051
 20
129.01093637076633
 10
81.97500000000001
 20
128.9955127018922
 10
81.9472148834902
 20
128.97823480615128
 10
81.92061928549565
 20
128.9591766701456
 10
81.89532709244997
 20
128.9384199037395
 10
81.87144660940673
 20
128.91605339059328
 10
81.84908009626052
 20
128.89217290755005
 10
81.82832332985438
 20
128.86688071450436
 10
81.80926519384873
 20
128.8402851165098
 10
81.79198729810778
 20
128.8125
 10
81.77656362923366
 20
128.7836443451095
 10
81.76306023374437
 20
128.75384171618254
 10
81.75153493525245
 20
128.7232197326516
 10
81.74203708685548
 20
128.69190952255127
 10
81.73460735979839
 20
128.66004516100807
 10
81.7292775693131
 20
128.62776309611002
 10
81.72607053838071
 20
128.59520156461508
 10
81.72500000000001
 20
128.5625
 10
81.72500000000001
 20
115.5625
 10
81.72607053838071
 20
115.52979843538493
 10
81.7292775693131
 20
115.49723690388997
 10
81.73460735979839
 20
115.46495483899193
 10
81.74203708685548
 20
115.43309047744874
 10
81.75153493525245
 20
115.40178026734841
 10
81.76306023374437
 20
115.37115828381745
 10
81.77656362923366
 20
115.3413556548905
 10
81.79198729810778
 20
115.3125
 10
81.80926519384873
 20
115.2847148834902
 10
81.82832332985438
 20
115.25811928549564
 10
81.84908009626052
 20
115.23282709244997
 10
81.87144660940673
 20
115.20894660940672
 10
81.89532709244997
 20
115.18658009626051
 10
81.92061928549565
 20
115.16582332985438
 10
81.9472148834902
 20
115.14676519384872
 10
81.97500000000001
 20
115.12948729810778
 10
82.00385565489051
 20
115.11406362923366
 10
82.03365828381746
 20
115.10056023374436
  0
LWPOLYLINE
  5
62
330
17
100
AcDbEntity
  8
CUTOUTS
100
AcDbPolyline
 90
100
 70
1
 10
101.11428026734842
 20
115.08903493525244
 10
101.14559047744875
 20
115.07953708685547
 10
101.17745483899193
 20
115.07210735979838
 10
101.20973690388998
 20
115.06677756931309
 10
101.24229843538494
 20
115.0635705383807
 10
101.275
 20
115.0625
 10
114.275
 20
115.0625
 10
114.30770156461507
 20
115.0635705383807
 10
114.34026309611004
 20
115.06677756931309
 10
114.37254516100808
 20
115.07210735979838
 10
114.40440952255126
 20
115.07953708685547
 10
114.43571973265159
 20
115.08903493525244
 10
114.46634171618255
 20
115.10056023374436
 10
114.4961443451095
 20
115.11406362923366
 10
114.525
 20
115.12948729810778
 10
114.55278511650981
 20
115.14676519384872
 10
114.57938071450437
 20
115.16582332985438
 10
114.60467290755004
 20
115.18658009626051
 10
114.62855339059328
 20
115.20894660940672
 10
114.65091990373949
 20
115.23282709244997
 10
114.67167667014563
 20
115.25811928549564
 10
114.69073480615128
 20
115.2847148834902
 10
114.70801270189223
 20
115.3125
 10
114.72343637076635
 20
115.3413556548905
 10
114.73693976625565
 20
115.37115828381745
 10
114.74846506474756
 20
115.40178026734841
 10
114.75796291314454
 20
115.43309047744874
 10
114.76539264020163
 20
115.46495483899193
 10
114.77072243068692
 20
115.49723690388997
 10
114.7739294616193
 20
115.52979843538493
 10
114.775
 20
115.5625
 10
114.775
 20
128.5625
 10
114.7739294616193
 20
128.59520156461508
 10
114.77072243068692
 20
128.62776309611002
 10
114.76539264020163
 20
128.66004516100807
 10
114.75796291314454
 20
128.69190952255127
 10
114.74846506474756
 20
128.7232197326516
 10
114.73693976625565
 20
128.75384171618254
 10
114.72343637076635
 20
128.7836443451095
 10
114.70801270189223
 20
128.8125
 10
114.69073480615128
 20
128.8402851165098
 10
114.67167667014563
 20
128.86688071450436
 10
114.65091990373949
 20
128.89217290755005
 10
114.62855339059328
 20
128.91605339059328
 10
114.60467290755004
 20
128.9384199037395
 10
114.57938071450437
 20
128.9591766701456
 10
114.55278511650981
 20
128.97823480615128
 10
114.525
 20
128.9955127018922
 10
114.4961443451095
 20
129.01093637076633
 10
114.46634171618255
 20
129.02443976625565
 10
114.43571973265159
 20
129.03596506474756
 10
114.40440952255126
 20
129.04546291314455
 10
114.37254516100808
 20
129.0528926402016
 10
114.34026309611004
 20
129.0582224306869
 10
114.30770156461507
 20
129.0614294616193
 10
114.275
 20
129.0625
 10
101.275
 20
129.0625
 10
101.24229843538494
 20
129.0614294616193
 10
101.20973690388998
 20
129.0582224306869
 10
101.17745483899193
 20
129.0528926402016
 10
101.14559047744875
 20
129.04546291314455
 10
101.11428026734842
 20
129.03596506474756
 10
101.08365828381746
 20
129.02443976625565
 10
101.05385565489051
 20
129.01093637076633
 10
101.025
 20
128.9955127018922
 10
100.9972148834902
 20
128.97823480615128
 10
100.97061928549564
 20
128.9591766701456
 10
100.94532709244997
 20
128.9384199037395
 10
100.92144660940673
 20
128.91605339059328
 10
100.89908009626052
 20
128.89217290755005
 10
100.87832332985438
 20
128.86688071450436
 10
100.85926519384873
 20
128.8402851165098
 10
100.84198729810778
 20
128.8125
 10
100.82656362923366
 20
128.7836443451095
 10
100.81306023374437
 20
128.75384171618254
 10
100.80153493525245
 20
128.7232197326516
 10
100.79203708685547
 20
128.69190952255127
 10
100.78460735979839
 20
128.66004516100807
 10
100.7792775693131
 20
128.62776309611002
 10
100.77607053838071
 20
128.59520156461508
 10
100.775
 20
128.5625
 10
100.775
 20
115.5625
 10
100.77607053838071
 20
115.52979843538493
 10
100.7792775693131
 20
115.49723690388997
 10
100.78460735979839
 20
115.46495483899193
 10
100.79203708685547
 20
115.43309047744874
 10
100.80153493525245
 20
115.40178026734841
 10
100.81306023374437
 20
115.37115828381745
 10
100.82656362923366
 20
115.3413556548905
 10
100.84198729810778
 20
115.3125
 10
100.85926519384873
 20
115.2847148834902
 10
100.87832332985438
 20
115.25811928549564
 10
100.89908009626052
 20
115.23282709244997
 10
100.92144660940673
 20
115.20894660940672
 10
100.94532709244997
 20
115.18658009626051
 10
100.97061928549564
 20
115.16582332985438
 10
100.9972148834902
 20
115.14676519384872
 10
101.025
 20
115.12948729810778
 10
101.05385565489051
 20
115.11406362923366
 10
101.08365828381746
 20
115.10056023374436
  0
LWPOLYLINE
  5
63
330
17
100
AcDbEntity
  8
CUTOUTS
100
AcDbPolyline
 90
100
 70
1
 10
124.92678026734842
 20
115.08903493525244
 10
124.95809047744875
 20
115.07953708685547
 10
124.98995483899193
 20
115.07210735979838
 10
125.02223690388998
 20
115.06677756931309
 10
125.05479843538494
 20
115.0635705383807
 10
125.0875
 20
115.0625
 10
138.0875
 20
115.0625
 10
138.1202015646151
 20
115.0635705383807
 10
138.15276309611002
 20
115.06677756931309
 10
138.18504516100808
 20
115.07210735979838
 10
138.21690952255128
 20
115.07953708685547
 10
138.2482197326516
 20
115.08903493525244
 10
138.27884171618254
 20
115.10056023374436
 10
138.3086443451095
 20
115.11406362923366
 10
138.3375
 20
115.12948729810778
 10
138.3652851165098
 20
115.14676519384872
 10
138.39188071450437
 20
115.16582332985438
 10
138.41717290755005
 20
115.18658009626051
 10
138.44105339059328
 20
115.20894660940672
 10
138.4634199037395
 20
115.23282709244997
 10
138.48417667014562
 20
115.25811928549564
 10
138.50323480615128
 20
115.2847148834902
 10
138.52051270189222
 20
115.3125
 10
138.53593637076634
 20
115.3413556548905
 10
138.54943976625566
 20
115.37115828381745
 10
138.56096506474756
 20
115.40178026734841
 10
138.57046291314455
 20
115.43309047744874
 10
138.5778926402016
 20
115.46495483899193
 10
138.5832224306869
 20
115.49723690388997
 10
138.5864294616193
 20
115.52979843538493
 10
138.5875
 20
115.5625
 10
138.5875
 20
128.5625
 10
138.5864294616193
 20
128.59520156461508
 10
138.5832224306869
 20
128.62776309611002
 10
138.5778926402016
 20
128.66004516100807
 10
138.57046291314455
 20
128.69190952255127
 10
138.56096506474756
 20
128.7232197326516
 10
138.54943976625566
 20
128.75384171618254
 10
138.53593637076634
 20
128.7836443451095
 10
138.52051270189222
 20
128.8125
 10
138.50323480615128
 20
128.8402851165098
 10
138.48417667014562
 20
128.86688071450436
 10
138.4634199037395
 20
128.89217290755005
 10
138.44105339059328
 20
128.91605339059328
 10
138.41717290755005
 20
128.9384199037395
 10
138.39188071450437
 20
128.9591766701456
 10
138.3652851165098
 20
128.97823480615128
 10
138.3375
 20
128.9955127018922
 10
138.3086443451095
 20
129.01093637076633
 10
138.27884171618254
 20
129.02443976625565
 10
138.2482197326516
 20
129.03596506474756
 10
138.21690952255128
 20
129.04546291314455
 10
138.18504516100808
 20
129.0528926402016
 10
138.15276309611002
 20
129.0582224306869
 10
138.1202015646151
 20
129.0614294616193
 10
138.0875
 20
129.0625
 10
125.0875
 20
129.0625
 10
125.05479843538494
 20
129.0614294616193
 10
125.02223690388998
 20
129.0582224306869
 10
124.98995483899193
 20
129.0528926402016
 10
124.95809047744875
 20
129.04546291314455
 10
124.92678026734842
 20
129.03596506474756
 10
124.89615828381746
 20
129.02443976625565
 10
124.86635565489051
 20
129.01093637076633
 10
124.8375
 20
128.9955127018922
 10
124.8097148834902
 20
128.97823480615128
 10
124.78311928549564
 20
128.9591766701456
 10
124.75782709244997
 20
128.9384199037395
 10
124.73394660940673
 20
128.91605339059328
 10
124.71158009626052
 20
128.89217290755005
 10
124.69082332985438
 20
128.86688071450436
 10
124.67176519384873
 20
128.8402851165098
 10
124.65448729810778
 20
128.8125
 10
124.63906362923366
 20
128.7836443451095
 10
124.62556023374437
 20
128.75384171618254
 10
124.61403493525245
 20
128.7232197326516
 10
124.60453708685547
 20
128.69190952255127
 10
124.59710735979839
 20
128.66004516100807
 10
124.5917775693131
 20
128.62776309611002
 10
124.58857053838071
 20
128.59520156461508
 10
124.5875
 20
128.5625
 10
124.5875
 20
115.5625
 10
124.58857053838071
 20
115.52979843538493
 10
124.5917775693131
 20
115.49723690388997
 10
124.59710735979839
 20
115.46495483899193
 10
124.60453708685547
 20
115.43309047744874
 10
124.61403493525245
 20
115.40178026734841
 10
124.62556023374437
 20
115.37115828381745
 10
124.63906362923366
 20
115.3413556548905
 10
124.65448729810778
 20
115.3125
 10
124.67176519384873
 20
115.2847148834902
 10
124.69082332985438
 20
115.25811928549564
 10
124.71158009626052
 20
115.23282709244997
 10
124.73394660940673
 20
115.20894660940672
 10
124.75782709244997
 20
115.18658009626051
 10
124.78311928549564
 20
115.16582332985438
 10
124.8097148834902
 20
115.14676519384872
 10
124.8375
 20
115.12948729810778
 10
124.86635565489051
 20
115.11406362923366
 10
124.89615828381746
 20
115.10056023374436
  0
LWPOLYLINE
  5
64
330
17
100
AcDbEntity
  8
CUTOUTS
100
AcDbPolyline
 90
100
 70
1
 10
144.00809047744875
 20
115.07953708685547
 10
144.03995483899195
 20
115.07210735979838
 10
144.07223690389
 20
115.06677756931309
 10
144.10479843538494
 20
115.0635705383807
 10
144.13750000000002
 20
115.0625
 10
157.13750000000002
 20
115.0625
 10
157.1702015646151
 20
115.0635705383807
 10
157.20276309611003
 20
115.06677756931309
 10
157.2350451610081
 20
115.07210735979838
 10
157.2669095225513
 20
115.07953708685547
 10
157.2982197326516
 20
115.08903493525244
 10
157.32884171618255
 20
115.10056023374436
 10
157.35864434510952
 20
115.11406362923366
 10
157.38750000000002
 20
115.12948729810778
 10
157.4152851165098
 20
115.14676519384872
 10
157.44188071450438
 20
115.16582332985438
 10
157.46717290755007
 20
115.18658009626051
 10
157.4910533905933
 20
115.20894660940672
 10
157.5134199037395
 20
115.23282709244997
 10
157.53417667014563
 20
115.25811928549564
 10
157.5532348061513
 20
115.2847148834902
 10
157.57051270189223
 20
115.3125
 10
157.58593637076635
 20
115.3413556548905
 10
157.59943976625567
 20
115.37115828381745
 10
157.61096506474757
 20
115.40178026734841
 10
157.62046291314456
 20
115.43309047744874
 10
157.62789264020162
 20
115.46495483899193
 10
157.6332224306869
 20
115.49723690388997
 10
157.63642946161931
 20
115.52979843538493
 10
157.63750000000002
 20
115.5625
 10
157.63750000000002
 20
128.5625
 10
157.63642946161931
 20
128.59520156461508
 10
157.6332224306869
 20
128.62776309611002
 10
157.62789264020162
 20
128.66004516100807
 10
157.62046291314456
 20
128.69190952255127
 10
157.61096506474757
 20
128.7232197326516
 10
157.59943976625567
 20
128.75384171618254
 10
157.58593637076635
 20
128.7836443451095
 10
157.57051270189223
 20
128.8125
 10
157.5532348061513
 20
128.8402851165098
 10
157.53417667014563
 20
128.86688071450436
 10
157.5134199037395
 20
128.89217290755005
 10
157.4910533905933
 20
128.91605339059328
 10
157.46717290755007
 20
128.9384199037395
 10
157.44188071450438
 20
128.9591766701456
 10
157.4152851165098
 20
128.97823480615128
 10
157.38750000000002
 20
128.9955127018922
 10
157.35864434510952
 20
129.01093637076633
 10
157.32884171618255
 20
129.02443976625565
 10
157.2982197326516
 20
129.03596506474756
 10
157.2669095225513
 20
129.04546291314455
 10
157.2350451610081
 20
129.0528926402016
 10
157.20276309611003
 20
129.0582224306869
 10
157.1702015646151
 20
129.0614294616193
 10
157.13750000000002
 20
129.0625
 10
144.13750000000002
 20
129.0625
 10
144.10479843538494
 20
129.0614294616193
 10
144.07223690389
 20
129.0582224306869
 10
144.03995483899195
 20
129.0528926402016
 10
144.00809047744875
 20
129.04546291314455
 10
143.97678026734843
 20
129.03596506474756
 10
143.94615828381748
 20
129.02443976625565
 10
143.9163556548905
 20
129.01093637076633
 10
143.88750000000002
 20
128.9955127018922
 10
143.85971488349023
 20
128.97823480615128
 10
143.83311928549566
 20
128.9591766701456
 10
143.80782709244997
 20
128.9384199037395
 10
143.78394660940674
 20
128.91605339059328
 10
143.76158009626053
 20
128.89217290755005
 10
143.7408233298544
 20
128.86688071450436
 10
143.72176519384874
 20
128.8402851165098
 10
143.7044872981078
 20
128.8125
 10
143.6890636292337
 20
128.7836443451095
 10
143.67556023374436
 20
128.75384171618254
 10
143.66403493525246
 20
128.7232197326516
 10
143.65453708685547
 20
128.69190952255127
 10
143.6471073597984
 20
128.66004516100807
 10
143.64177756931312
 20
128.62776309611002
 10
143.63857053838072
 20
128.59520156461508
 10
143.63750000000002
 20
128.5625
 10
143.63750000000002
 20
115.5625
 10
143.63857053838072
 20
115.52979843538493
 10
143.64177756931312
 20
115.49723690388997
 10
143.6471073597984
 20
115.46495483899193
 10
143.65453708685547
 20
115.43309047744874
 10
143.66403493525246
 20
115.40178026734841
 10
143.67556023374436
 20
115.37115828381745
 10
143.6890636292337
 20
115.3413556548905
 10
143.7044872981078
 20
115.3125
 10
143.72176519384874
 20
115.2847148834902
 10
143.7408233298544
 20
115.25811928549564
 10
143.76158009626053
 20
115.23282709244997
 10
143.78394660940674
 20
115.20894660940672
 10
143.80782709244997
 20
115.18658009626051
 10
143.83311928549566
 20
115.16582332985438
 10
143.85971488349023
 20
115.14676519384872
 10
143.88750000000002
 20
115.12948729810778
 10
143.9163556548905
 20
115.11406362923366
 10
143.94615828381748
 20
115.10056023374436
 10
143.97678026734843
 20
115.08903493525244
  0
LWPOLYLINE
  5
65
330
17
100
AcDbEntity
  8
CUTOUTS
100
AcDbPolyline
 90
100
 70
1
 10
180.8080302673484
 20
9.314034935252442
 10
180.83934047744873
 20
9.30453708685546
 10
180.87120483899193
 20
9.297107359798378
 10
180.90348690388998
 20
9.291777569313089
 10
180.93604843538492
 20
9.288570538380693
 10
180.96875
 20
9.287499999999994
 10
186.96875
 20
9.287499999999994
 10
187.00145156461508
 20
9.288570538380693
 10
187.03401309611002
 20
9.291777569313089
 10
187.06629516100807
 20
9.297107359798378
 10
187.09815952255127
 20
9.30453708685546
 10
187.1294697326516
 20
9.314034935252442
 10
187.16009171618254
 20
9.325560233744351
 10
187.1898943451095
 20
9.33906362923365
 10
187.21875
 20
9.354487298107776
 10
187.2465351165098
 20
9.371765193848722
 10
187.27313071450436
 20
9.390823329854376
 10
187.29842290755005
 20
9.411580096260506
 10
187.32230339059328
 20
9.433946609406721
 10
187.3446699037395
 20
9.45782709244996
 10
187.3654266701456
 20
9.483119285495635
 10
187.38448480615128
 20
9.509714883490194
 10
187.4017627018922
 20
9.537499999999994
 10
187.41718637076633
 20
9.566355654890494
 10
187.43068976625565
 20
9.596158283817449
 10
187.44221506474756
 20
9.626780267348414
 10
187.45171291314455
 20
9.658090477448734
 10
187.4591426402016
 20
9.68995483899193
 10
187.4644724306869
 20
9.722236903889968
 10
187.4676794616193
 20
9.754798435384922
 10
187.46875
 20
9.787499999999994
 10
187.46875
 20
22.787499999999994
 10
187.4676794616193
 20
22.820201564615065
 10
187.4644724306869
 20
22.85276309611002
 10
187.4591426402016
 20
22.88504516100806
 10
187.45171291314455
 20
22.916909522551254
 10
187.44221506474756
 20
22.948219732651577
 10
187.43068976625565
 20
22.97884171618254
 10
187.41718637076633
 20
23.008644345109495
 10
187.4017627018922
 20
23.037499999999994
 10
187.38448480615128
 20
23.065285116509795
 10
187.3654266701456
 20
23.091880714504356
 10
187.3446699037395
 20
23.117172907550028
 10
187.32230339059328
 20
23.141053390593267
 10
187.29842290755005
 20
23.163419903739484
 10
187.27313071450436
 20
23.18417667014561
 10
187.2465351165098
 20
23.20323480615127
 10
187.21875
 20
23.220512701892215
 10
187.1898943451095
 20
23.23593637076634
 10
187.16009171618254
 20
23.249439766255637
 10
187.1294697326516
 20
23.26096506474755
 10
187.09815952255127
 20
23.270462913144527
 10
187.06629516100807
 20
23.27789264020161
 10
187.03401309611002
 20
23.283222430686898
 10
187.00145156461508
 20
23.286429461619296
 10
186.96875
 20
23.287499999999994
 10
180.96875
 20
23.287499999999994
 10
180.93604843538492
 20
23.286429461619296
 10
180.90348690388998
 20
23.283222430686898
 10
180.87120483899193
 20
23.27789264020161
 10
180.83934047744873
 20
23.270462913144527
 10
180.8080302673484
 20
23.26096506474755
 10
180.77740828381746
 20
23.249439766255637
 10
180.7476056548905
 20
23.23593637076634
 10
180.71875
 20
23.220512701892215
 10
180.6909648834902
 20
23.20323480615127
 10
180.66436928549564
 20
23.18417667014561
 10
180.63907709244995
 20
23.163419903739484
 10
180.61519660940672
 20
23.141053390593267
 10
180.5928300962605
 20
23.117172907550028
 10
180.5720733298544
 20
23.091880714504356
 10
180.55301519384872
 20
23.065285116509795
 10
180.5357372981078
 20
23.037499999999994
 10
180.52031362923367
 20
23.008644345109495
 10
180.50681023374435
 20
22.97884171618254
 10
180.49528493525244
 20
22.948219732651577
 10
180.48578708685545
 20
22.916909522551254
 10
180.4783573597984
 20
22.88504516100806
 10
180.4730275693131
 20
22.85276309611002
 10
180.4698205383807
 20
22.820201564615065
 10
180.46875
 20
22.787499999999994
 10
180.46875
 20
9.787499999999994
 10
180.4698205383807
 20
9.754798435384922
 10
180.4730275693131
 20
9.722236903889968
 10
180.4783573597984
 20
9.68995483899193
 10
180.48578708685545
 20
9.658090477448734
 10
180.49528493525244
 20
9.626780267348414
 10
180.50681023374435
 20
9.596158283817449
 10
180.52031362923367
 20
9.566355654890494
 10
180.5357372981078
 20
9.537499999999994
 10
180.55301519384872
 20
9.509714883490194
 10
180.5720733298544
 20
9.483119285495635
 10
180.5928300962605
 20
9.45782709244996
 10
180.61519660940672
 20
9.433946609406721
 10
180.63907709244995
 20
9.411580096260506
 10
180.66436928549564
 20
9.390823329854376
 10
180.6909648834902
 20
9.371765193848722
 10
180.71875
 20
9.354487298107776
 10
180.7476056548905
 20
9.33906362923365
 10
180.77740828381746
 20
9.325560233744351
  0
LWPOLYLINE
  5
66
330
17
100
AcDbEntity
  8
CUTOUTS
100
AcDbPolyline
 90
100
 70
1
 10
196.36428026734842
 20
10.314034935252442
 10
196.39559047744874
 20
10.30453708685546
 10
196.42745483899193
 20
10.297107359798378
 10
196.45973690389
 20
10.291777569313089
 10
196.49229843538492
 20
10.288570538380693
 10
196.525
 20
10.287499999999994
 10
209.525
 20
10.287499999999994
 10
209.5577015646151
 20
10.288570538380693
 10
209.59026309611002
 20
10.291777569313089
 10
209.62254516100808
 20
10.297107359798378
 10
209.65440952255128
 20
10.30453708685546
 10
209.6857197326516
 20
10.314034935252442
 10
209.71634171618254
 20
10.325560233744351
 10
209.7461443451095
 20
10.33906362923365
 10
209.775
 20
10.354487298107776
 10
209.8027851165098
 20
10.371765193848722
 10
209.82938071450437
 20
10.390823329854376
 10
209.85467290755005
 20
10.411580096260506
 10
209.87855339059328
 20
10.433946609406721
 10
209.9009199037395
 20
10.45782709244996
 10
209.92167667014562
 20
10.483119285495635
 10
209.94073480615128
 20
10.509714883490194
 10
209.95801270189222
 20
10.537499999999994
 10
209.97343637076634
 20
10.566355654890494
 10
209.98693976625566
 20
10.596158283817449
 10
209.99846506474756
 20
10.626780267348414
 10
210.00796291314455
 20
10.658090477448734
 10
210.0153926402016
 20
10.68995483899193
 10
210.0207224306869
 20
10.722236903889968
 10
210.0239294616193
 20
10.754798435384922
 10
210.025
 20
10.787499999999994
 10
210.025
 20
23.787499999999994
 10
210.0239294616193
 20
23.820201564615065
 10
210.0207224306869
 20
23.85276309611002
 10
210.0153926402016
 20
23.88504516100806
 10
210.00796291314455
 20
23.916909522551254
 10
209.99846506474756
 20
23.948219732651577
 10
209.98693976625566
 20
23.97884171618254
 10
209.97343637076634
 20
24.008644345109495
 10
209.95801270189222
 20
24.037499999999994
 10
209.94073480615128
 20
24.065285116509795
 10
209.92167667014562
 20
24.091880714504356
 10
209.9009199037395
 20
24.117172907550028
 10
209.87855339059328
 20
24.141053390593267
 10
209.85467290755005
 20
24.163419903739484
 10
209.82938071450437
 20
24.18417667014561
 10
209.8027851165098
 20
24.20323480615127
 10
209.775
 20
24.220512701892215
 10
209.7461443451095
 20
24.23593637076634
 10
209.71634171618254
 20
24.249439766255637
 10
209.6857197326516
 20
24.26096506474755
 10
209.65440952255128
 20
24.270462913144527
 10
209.62254516100808
 20
24.27789264020161
 10
209.59026309611002
 20
24.283222430686898
 10
209.5577015646151
 20
24.286429461619296
 10
209.525
 20
24.287499999999994
 10
196.525
 20
24.287499999999994
 10
196.49229843538492
 20
24.286429461619296
 10
196.45973690389
 20
24.283222430686898
 10
196.42745483899193
 20
24.27789264020161
 10
196.39559047744874
 20
24.270462913144527
 10
196.36428026734842
 20
24.26096506474755
 10
196.33365828381747
 20
24.249439766255637
 10
196.3038556548905
 20
24.23593637076634
 10
196.275
 20
24.220512701892215
 10
196.24721488349022
 20
24.20323480615127
 10
196.22061928549564
 20
24.18417667014561
 10
196.19532709244996
 20
24.163419903739484
 10
196.17144660940673
 20
24.141053390593267
 10
196.14908009626052
 20
24.117172907550028
 10
196.1283233298544
 20
24.091880714504356
 10
196.10926519384873
 20
24.065285116509795
 10
196.0919872981078
 20
24.037499999999994
 10
196.07656362923368
 20
24.008644345109495
 10
196.06306023374435
 20
23.97884171618254
 10
196.05153493525245
 20
23.948219732651577
 10
196.04203708685546
 20
23.916909522551254
 10
196.0346073597984
 20
23.88504516100806
 10
196.0292775693131
 20
23.85276309611002
 10
196.0260705383807
 20
23.820201564615065
 10
196.025
 20
23.787499999999994
 10
196.025
 20
10.787499999999994
 10
196.0260705383807
 20
10.754798435384922
 10
196.0292775693131
 20
10.722236903889968
 10
196.0346073597984
 20
10.68995483899193
 10
196.04203708685546
 20
10.658090477448734
 10
196.05153493525245
 20
10.626780267348414
 10
196.06306023374435
 20
10.596158283817449
 10
196.07656362923368
 20
10.566355654890494
 10
196.0919872981078
 20
10.537499999999994
 10
196.10926519384873
 20
10.509714883490194
 10
196.1283233298544
 20
10.483119285495635
 10
196.14908009626052
 20
10.45782709244996
 10
196.17144660940673
 20
10.433946609406721
 10
196.19532709244996
 20
10.411580096260506
 10
196.22061928549564
 20
10.390823329854376
 10
196.24721488349022
 20
10.371765193848722
 10
196.275
 20
10.354487298107776
 10
196.3038556548905
 20
10.33906362923365
 10
196.33365828381747
 20
10.325560233744351
  0
LWPOLYLINE
  5
67
330
17
100
AcDbEntity
  8
CUTOUTS
100
AcDbPolyline
 90
100
 70
1
 10
215.44559047744875
 20
10.30453708685546
 10
215.47745483899195
 20
10.297107359798378
 10
215.50973690389
 20
10.291777569313089
 10
215.54229843538494
 20
10.288570538380693
 10
215.57500000000002
 20
10.287499999999994
 10
228.57500000000002
 20
10.287499999999994
 10
228.6077015646151
 20
10.288570538380693
 10
228.64026309611003
 20
10.291777569313089
 10
228.6725451610081
 20
10.297107359798378
 10
228.7044095225513
 20
10.30453708685546
 10
228.7357197326516
 20
10.314034935252442
 10
228.76634171618255
 20
10.325560233744351
 10
228.79614434510952
 20
10.33906362923365
 10
228.82500000000002
 20
10.354487298107776
 10
228.8527851165098
 20
10.371765193848722
 10
228.87938071450438
 20
10.390823329854376
 10
228.90467290755007
 20
10.411580096260506
 10
228.9285533905933
 20
10.433946609406721
 10
228.9509199037395
 20
10.45782709244996
 10
228.97167667014563
 20
10.483119285495635
 10
228.9907348061513
 20
10.509714883490194
 10
229.00801270189223
 20
10.537499999999994
 10
229.02343637076635
 20
10.566355654890494
 10
229.03693976625567
 20
10.596158283817449
 10
229.04846506474757
 20
10.626780267348414
 10
229.05796291314456
 20
10.658090477448734
 10
229.06539264020162
 20
10.68995483899193
 10
229.0707224306869
 20
10.722236903889968
 10
229.07392946161931
 20
10.754798435384922
 10
229.07500000000002
 20
10.787499999999994
 10
229.07500000000002
 20
23.787499999999994
 10
229.07392946161931
 20
23.820201564615065
 10
229.0707224306869
 20
23.85276309611002
 10
229.06539264020162
 20
23.88504516100806
 10
229.05796291314456
 20
23.916909522551254
 10
229.04846506474757
 20
23.948219732651577
 10
229.03693976625567
 20
23.97884171618254
 10
229.02343637076635
 20
24.008644345109495
 10
229.00801270189223
 20
24.037499999999994
 10
228.9907348061513
 20
24.065285116509795
 10
228.97167667014563
 20
24.091880714504356
 10
228.9509199037395
 20
24.117172907550028
 10
228.9285533905933
 20
24.141053390593267
 10
228.90467290755007
 20
24.163419903739484
 10
228.87938071450438
 20
24.18417667014561
 10
228.8527851165098
 20
24.20323480615127
 10
228.82500000000002
 20
24.220512701892215
 10
228.79614434510952
 20
24.23593637076634
 10
228.76634171618255
 20
24.249439766255637
 10
228.7357197326516
 20
24.26096506474755
 10
228.7044095225513
 20
24.270462913144527
 10
228.6725451610081
 20
24.27789264020161
 10
228.64026309611003
 20
24.283222430686898
 10
228.6077015646151
 20
24.286429461619296
 10
228.57500000000002
 20
24.287499999999994
 10
215.57500000000002
 20
24.287499999999994
 10
215.54229843538494
 20
24.286429461619296
 10
215.50973690389
 20
24.283222430686898
 10
215.47745483899195
 20
24.27789264020161
 10
215.44559047744875
 20
24.270462913144527
 10
215.41428026734843
 20
24.26096506474755
 10
215.38365828381748
 20
24.249439766255637
 10
215.3538556548905
 20
24.23593637076634
 10
215.32500000000002
 20
24.220512701892215
 10
215.29721488349023
 20
24.20323480615127
 10
215.27061928549566
 20
24.18417667014561
 10
215.24532709244997
 20
24.163419903739484
 10
215.22144660940674
 20
24.141053390593267
 10
215.19908009626053
 20
24.117172907550028
 10
215.1783233298544
 20
24.091880714504356
 10
215.15926519384874
 20
24.065285116509795
 10
215.1419872981078
 20
24.037499999999994
 10
215.1265636292337
 20
24.008644345109495
 10
215.11306023374436
 20
23.97884171618254
 10
215.10153493525246
 20
23.948219732651577
 10
215.09203708685547
 20
23.916909522551254
 10
215.0846073597984
 20
23.88504516100806
 10
215.07927756931312
 20
23.85276309611002
 10
215.07607053838072
 20
23.820201564615065
 10
215.07500000000002
 20
23.787499999999994
 10
215.07500000000002
 20
10.787499999999994
 10
215.07607053838072
 20
10.754798435384922
 10
215.07927756931312
 20
10.722236903889968
 10
215.0846073597984
 20
10.68995483899193
 10
215.09203708685547
 20
10.658090477448734
 10
215.10153493525246
 20
10.626780267348414
 10
215.11306023374436
 20
10.596158283817449
 10
215.1265636292337
 20
10.566355654890494
 10
215.1419872981078
 20
10.537499999999994
 10
215.15926519384874
 20
10.509714883490194
 10
215.1783233298544
 20
10.483119285495635
 10
215.19908009626053
 20
10.45782709244996
 10
215.22144660940674
 20
10.433946609406721
 10
215.24532709244997
 20
10.411580096260506
 10
215.27061928549566
 20
10.390823329854376
 10
215.29721488349023
 20
10.371765193848722
 10
215.32500000000002
 20
10.354487298107776
 10
215.3538556548905
 20
10.33906362923365
 10
215.38365828381748
 20
10.325560233744351
 10
215.41428026734843
 20
10.314034935252442
  0
LWPOLYLINE
  5
68
330
17
100
AcDbEntity
  8
CUTOUTS
100
AcDbPolyline
 90
100
 70
1
 10
234.4642802673484
 20
10.314034935252442
 10
234.49559047744873
 20
10.30453708685546
 10
234.52745483899193
 20
10.297107359798378
 10
234.55973690388998
 20
10.291777569313089
 10
234.59229843538492
 20
10.288570538380693
 10
234.625
 20
10.287499999999994
 10
247.625
 20
10.287499999999994
 10
247.65770156461508
 20
10.288570538380693
 10
247.69026309611002
 20
10.291777569313089
 10
247.72254516100807
 20
10.297107359798378
 10
247.75440952255127
 20
10.30453708685546
 10
247.7857197326516
 20
10.314034935252442
 10
247.81634171618254
 20
10.325560233744351
 10
247.8461443451095
 20
10.33906362923365
 10
247.875
 20
10.354487298107776
 10
247.9027851165098
 20
10.371765193848722
 10
247.92938071450436
 20
10.390823329854376
 10
247.95467290755005
 20
10.411580096260506
 10
247.97855339059328
 20
10.433946609406721
 10
248.0009199037395
 20
10.45782709244996
 10
248.0216766701456
 20
10.483119285495635
 10
248.04073480615128
 20
10.509714883490194
 10
248.0580127018922
 20
10.537499999999994
 10
248.07343637076633
 20
10.566355654890494
 10
248.08693976625565
 20
10.596158283817449
 10
248.09846506474756
 20
10.626780267348414
 10
248.10796291314455
 20
10.658090477448734
 10
248.1153926402016
 20
10.68995483899193
 10
248.1207224306869
 20
10.722236903889968
 10
248.1239294616193
 20
10.754798435384922
 10
248.125
 20
10.787499999999994
 10
248.125
 20
23.787499999999994
 10
248.1239294616193
 20
23.820201564615065
 10
248.1207224306869
 20
23.85276309611002
 10
248.1153926402016
 20
23.88504516100806
 10
248.10796291314455
 20
23.916909522551254
 10
248.09846506474756
 20
23.948219732651577
 10
248.08693976625565
 20
23.97884171618254
 10
248.07343637076633
 20
24.008644345109495
 10
248.0580127018922
 20
24.037499999999994
 10
248.04073480615128
 20
24.065285116509795
 10
248.0216766701456
 20
24.091880714504356
 10
248.0009199037395
 20
24.117172907550028
 10
247.97855339059328
 20
24.141053390593267
 10
247.95467290755005
 20
24.163419903739484
 10
247.92938071450436
 20
24.18417667014561
 10
247.9027851165098
 20
24.20323480615127
 10
247.875
 20
24.220512701892215
 10
247.8461443451095
 20
24.23593637076634
 10
247.81634171618254
 20
24.249439766255637
 10
247.7857197326516
 20
24.26096506474755
 10
247.75440952255127
 20
24.270462913144527
 10
247.72254516100807
 20
24.27789264020161
 10
247.69026309611002
 20
24.283222430686898
 10
247.65770156461508
 20
24.286429461619296
 10
247.625
 20
24.287499999999994
 10
234.625
 20
24.287499999999994
 10
234.59229843538492
 20
24.286429461619296
 10
234.55973690388998
 20
24.283222430686898
 10
234.52745483899193
 20
24.27789264020161
 10
234.49559047744873
 20
24.270462913144527
 10
234.4642802673484
 20
24.26096506474755
 10
234.43365828381746
 20
24.249439766255637
 10
234.4038556548905
 20
24.23593637076634
 10
234.375
 20
24.220512701892215
 10
234.3472148834902
 20
24.20323480615127
 10
234.32061928549564
 20
24.18417667014561
 10
234.29532709244995
 20
24.163419903739484
 10
234.27144660940672
 20
24.141053390593267
 10
234.2490800962605
 20
24.117172907550028
 10
234.2283233298544
 20
24.091880714504356
 10
234.20926519384872
 20
24.065285116509795
 10
234.1919872981078
 20
24.037499999999994
 10
234.17656362923367
 20
24.008644345109495
 10
234.16306023374435
 20
23.97884171618254
 10
234.15153493525244
 20
23.948219732651577
 10
234.14203708685545
 20
23.916909522551254
 10
234.1346073597984
 20
23.88504516100806
 10
234.1292775693131
 20
23.85276309611002
 10
234.1260705383807
 20
23.820201564615065
 10
234.125
 20
23.787499999999994
 10
234.125
 20
10.787499999999994
 10
234.1260705383807
 20
10.754798435384922
 10
234.1292775693131
 20
10.722236903889968
 10
234.1346073597984
 20
10.68995483899193
 10
234.14203708685545
 20
10.658090477448734
 10
234.15153493525244
 20
10.626780267348414
 10
234.16306023374435
 20
10.596158283817449
 10
234.17656362923367
 20
10.566355654890494
 10
234.1919872981078
 20
10.537499999999994
 10
234.20926519384872
 20
10.509714883490194
 10
234.2283233298544
 20
10.483119285495635
 10
234.2490800962605
 20
10.45782709244996
 10
234.27144660940672
 20
10.433946609406721
 10
234.29532709244995
 20
10.411580096260506
 10
234.32061928549564
 20
10.390823329854376
 10
234.3472148834902
 20
10.371765193848722
 10
234.375
 20
10.354487298107776
 10
234.4038556548905
 20
10.33906362923365
 10
234.43365828381746
 20
10.325560233744351
  0
LWPOLYLINE
  5
69
330
17
100
AcDbEntity
  8
CUTOUTS
100
AcDbPolyline
 90
100
 70
1
 10
163.0267802673484
 20
29.36403493525245
 10
163.05809047744873
 20
29.354537086855473
 10
163.08995483899193
 20
29.34710735979839
 10
163.12223690388998
 20
29.341777569313102
 10
163.15479843538492
 20
29.338570538380704
 10
163.1875
 20
29.337500000000006
 10
176.1875
 20
29.337500000000006
 10
176.22020156461508
 20
29.338570538380704
 10
176.25276309611002
 20
29.341777569313102
 10
176.28504516100807
 20
29.34710735979839
 10
176.31690952255127
 20
29.354537086855473
 10
176.3482197326516
 20
29.36403493525245
 10
176.37884171618254
 20
29.375560233744363
 10
176.4086443451095
 20
29.38906362923366
 10
176.4375
 20
29.404487298107785
 10
176.4652851165098
 20
29.42176519384873
 10
176.49188071450436
 20
29.44082332985439
 10
176.51717290755005
 20
29.461580096260516
 10
176.54105339059328
 20
29.483946609406733
 10
176.5634199037395
 20
29.507827092449972
 10
176.5841766701456
 20
29.533119285495644
 10
176.60323480615128
 20
29.559714883490205
 10
176.6205127018922
 20
29.587500000000006
 10
176.63593637076633
 20
29.616355654890505
 10
176.64943976625565
 20
29.64615828381746
 10
176.66096506474756
 20
29.676780267348423
 10
176.67046291314455
 20
29.708090477448746
 10
176.6778926402016
 20
29.73995483899194
 10
176.6832224306869
 20
29.77223690388998
 10
176.6864294616193
 20
29.804798435384935
 10
176.6875
 20
29.837500000000006
 10
176.6875
 20
42.837500000000006
 10
176.6864294616193
 20
42.87020156461508
 10
176.6832224306869
 20
42.90276309611003
 10
176.6778926402016
 20
42.93504516100807
 10
176.67046291314455
 20
42.96690952255127
 10
176.66096506474756
 20
42.998219732651584
 10
176.64943976625565
 20
43.02884171618255
 10
176.63593637076633
 20
43.058644345109506
 10
176.6205127018922
 20
43.087500000000006
 10
176.60323480615128
 20
43.11528511650981
 10
176.5841766701456
 20
43.14188071450437
 10
176.5634199037395
 20
43.16717290755004
 10
176.54105339059328
 20
43.19105339059328
 10
176.51717290755005
 20
43.21341990373949
 10
176.49188071450436
 20
43.23417667014562
 10
176.4652851165098
 20
43.253234806151276
 10
176.4375
 20
43.27051270189222
 10
176.4086443451095
 20
43.28593637076635
 10
176.37884171618254
 20
43.29943976625565
 10
176.3482197326516
 20
43.310965064747556
 10
176.31690952255127
 20
43.32046291314454
 10
176.28504516100807
 20
43.32789264020162
 10
176.25276309611002
 20
43.33322243068691
 10
176.22020156461508
 20
43.33642946161931
 10
176.1875
 20
43.337500000000006
 10
163.1875
 20
43.337500000000006
 10
163.15479843538492
 20
43.33642946161931
 10
163.12223690388998
 20
43.33322243068691
 10
163.08995483899193
 20
43.32789264020162
 10
163.05809047744873
 20
43.32046291314454
 10
163.0267802673484
 20
43.310965064747556
 10
162.99615828381746
 20
43.29943976625565
 10
162.9663556548905
 20
43.28593637076635
 10
162.9375
 20
43.27051270189222
 10
162.9097148834902
 20
43.253234806151276
 10
162.88311928549564
 20
43.23417667014562
 10
162.85782709244995
 20
43.21341990373949
 10
162.83394660940672
 20
43.19105339059328
 10
162.8115800962605
 20
43.16717290755004
 10
162.7908233298544
 20
43.14188071450437
 10
162.77176519384872
 20
43.11528511650981
 10
162.7544872981078
 20
43.087500000000006
 10
162.73906362923367
 20
43.058644345109506
 10
162.72556023374435
 20
43.02884171618255
 10
162.71403493525244
 20
42.998219732651584
 10
162.70453708685545
 20
42.96690952255127
 10
162.6971073597984
 20
42.93504516100807
 10
162.6917775693131
 20
42.90276309611003
 10
162.6885705383807
 20
42.87020156461508
 10
162.6875
 20
42.837500000000006
 10
162.6875
 20
29.837500000000006
 10
162.6885705383807
 20
29.804798435384935
 10
162.6917775693131
 20
29.77223690388998
 10
162.6971073597984
 20
29.73995483899194
 10
162.70453708685545
 20
29.708090477448746
 10
162.71403493525244
 20
29.676780267348423
 10
162.72556023374435
 20
29.64615828381746
 10
162.73906362923367
 20
29.616355654890505
 10
162.7544872981078
 20
29.587500000000006
 10
162.77176519384872
 20
29.559714883490205
 10
162.7908233298544
 20
29.533119285495644
 10
162.8115800962605
 20
29.507827092449972
 10
162.83394660940672
 20
29.483946609406733
 10
162.85782709244995
 20
29.461580096260516
 10
162.88311928549564
 20
29.44082332985439
 10
162.9097148834902
 20
29.42176519384873
 10
162.9375
 20
29.404487298107785
 10
162.9663556548905
 20
29.38906362923366
 10
162.99615828381746
 20
29.375560233744363
  0
LWPOLYLINE
  5
6A
330
17
100
AcDbEntity
  8
CUTOUTS
100
AcDbPolyline
 90
100
 70
1
 10
182.10809047744874
 20
29.354537086855473
 10
182.13995483899194
 20
29.34710735979839
 10
182.17223690389
 20
29.341777569313102
 10
182.20479843538493
 20
29.338570538380704
 10
182.2375
 20
29.337500000000006
 10
195.2375
 20
29.337500000000006
 10
195.2702015646151
 20
29.338570538380704
 10
195.30276309611003
 20
29.341777569313102
 10
195.33504516100808
 20
29.34710735979839
 10
195.36690952255128
 20
29.354537086855473
 10
195.3982197326516
 20
29.36403493525245
 10
195.42884171618255
 20
29.375560233744363
 10
195.45864434510952
 20
29.38906362923366
 10
195.4875
 20
29.404487298107785
 10
195.5152851165098
 20
29.42176519384873
 10
195.54188071450437
 20
29.44082332985439
 10
195.56717290755006
 20
29.461580096260516
 10
195.5910533905933
 20
29.483946609406733
 10
195.6134199037395
 20
29.507827092449972
 10
195.63417667014562
 20
29.533119285495644
 10
195.6532348061513
 20
29.559714883490205
 10
195.67051270189222
 20
29.587500000000006
 10
195.68593637076634
 20
29.616355654890505
 10
195.69943976625567
 20
29.64615828381746
 10
195.71096506474757
 20
29.676780267348423
 10
195.72046291314456
 20
29.708090477448746
 10
195.72789264020162
 20
29.73995483899194
 10
195.7332224306869
 20
29.77223690388998
 10
195.7364294616193
 20
29.804798435384935
 10
195.7375
 20
29.837500000000006
 10
195.7375
 20
42.837500000000006
 10
195.7364294616193
 20
42.87020156461508
 10
195.7332224306869
 20
42.90276309611003
 10
195.72789264020162
 20
42.93504516100807
 10
195.72046291314456
 20
42.96690952255127
 10
195.71096506474757
 20
42.998219732651584
 10
195.69943976625567
 20
43.02884171618255
 10
195.68593637076634
 20
43.058644345109506
 10
195.67051270189222
 20
43.087500000000006
 10
195.6532348061513
 20
43.11528511650981
 10
195.63417667014562
 20
43.14188071450437
 10
195.6134199037395
 20
43.16717290755004
 10
195.5910533905933
 20
43.19105339059328
 10
195.56717290755006
 20
43.21341990373949
 10
195.54188071450437
 20
43.23417667014562
 10
195.5152851165098
 20
43.253234806151276
 10
195.4875
 20
43.27051270189222
 10
195.45864434510952
 20
43.28593637076635
 10
195.42884171618255
 20
43.29943976625565
 10
195.3982197326516
 20
43.310965064747556
 10
195.36690952255128
 20
43.32046291314454
 10
195.33504516100808
 20
43.32789264020162
 10
195.30276309611003
 20
43.33322243068691
 10
195.2702015646151
 20
43.33642946161931
 10
195.2375
 20
43.337500000000006
 10
182.2375
 20
43.337500000000006
 10
182.20479843538493
 20
43.33642946161931
 10
182.17223690389
 20
43.33322243068691
 10
182.13995483899194
 20
43.32789264020162
 10
182.10809047744874
 20
43.32046291314454
 10
182.07678026734843
 20
43.310965064747556
 10
182.04615828381748
 20
43.29943976625565
 10
182.0163556548905
 20
43.28593637076635
 10
181.9875
 20
43.27051270189222
 10
181.95971488349022
 20
43.253234806151276
 10
181.93311928549565
 20
43.23417667014562
 10
181.90782709244996
 20
43.21341990373949
 10
181.88394660940673
 20
43.19105339059328
 10
181.86158009626052
 20
43.16717290755004
 10
181.8408233298544
 20
43.14188071450437
 10
181.82176519384873
 20
43.11528511650981
 10
181.8044872981078
 20
43.087500000000006
 10
181.78906362923368
 20
43.058644345109506
 10
181.77556023374436
 20
43.02884171618255
 10
181.76403493525245
 20
42.998219732651584
 10
181.75453708685546
 20
42.96690952255127
 10
181.7471073597984
 20
42.93504516100807
 10
181.74177756931311
 20
42.90276309611003
 10
181.7385705383807
 20
42.87020156461508
 10
181.7375
 20
42.837500000000006
 10
181.7375
 20
29.837500000000006
 10
181.7385705383807
 20
29.804798435384935
 10
181.74177756931311
 20
29.77223690388998
 10
181.7471073597984
 20
29.73995483899194
 10
181.75453708685546
 20
29.708090477448746
 10
181.76403493525245
 20
29.676780267348423
 10
181.77556023374436
 20
29.64615828381746
 10
181.78906362923368
 20
29.616355654890505
 10
181.8044872981078
 20
29.587500000000006
 10
181.82176519384873
 20
29.559714883490205
 10
181.8408233298544
 20
29.533119285495644
 10
181.86158009626052
 20
29.507827092449972
 10
181.88394660940673
 20
29.483946609406733
 10
181.90782709244996
 20
29.461580096260516
 10
181.93311928549565
 20
29.44082332985439
 10
181.95971488349022
 20
29.42176519384873
 10
181.9875
 20
29.404487298107785
 10
182.0163556548905
 20
29.38906362923366
 10
182.04615828381748
 20
29.375560233744363
 10
182.07678026734843
 20
29.36403493525245
  0
LWPOLYLINE
  5
6B
330
17
100
AcDbEntity
  8
CUTOUTS
100
AcDbPolyline
 90
100
 70
1
 10
201.1267802673484
 20
29.36403493525245
 10
201.15809047744872
 20
29.354537086855473
 10
201.18995483899192
 20
29.34710735979839
 10
201.22223690388998
 20
29.341777569313102
 10
201.2547984353849
 20
29.338570538380704
 10
201.2875
 20
29.337500000000006
 10
214.2875
 20
29.337500000000006
 10
214.32020156461508
 20
29.338570538380704
 10
214.35276309611
 20
29.341777569313102
 10
214.38504516100807
 20
29.34710735979839
 10
214.41690952255126
 20
29.354537086855473
 10
214.44821973265158
 20
29.36403493525245
 10
214.47884171618253
 20
29.375560233744363
 10
214.5086443451095
 20
29.38906362923366
 10
214.5375
 20
29.404487298107785
 10
214.56528511650978
 20
29.42176519384873
 10
214.59188071450436
 20
29.44082332985439
 10
214.61717290755004
 20
29.461580096260516
 10
214.64105339059327
 20
29.483946609406733
 10
214.66341990373948
 20
29.507827092449972
 10
214.6841766701456
 20
29.533119285495644
 10
214.70323480615127
 20
29.559714883490205
 10
214.7205127018922
 20
29.587500000000006
 10
214.73593637076632
 20
29.616355654890505
 10
214.74943976625565
 20
29.64615828381746
 10
214.76096506474755
 20
29.676780267348423
 10
214.77046291314454
 20
29.708090477448746
 10
214.7778926402016
 20
29.73995483899194
 10
214.7832224306869
 20
29.77223690388998
 10
214.7864294616193
 20
29.804798435384935
 10
214.7875
 20
29.837500000000006
 10
214.7875
 20
42.837500000000006
 10
214.7864294616193
 20
42.87020156461508
 10
214.7832224306869
 20
42.90276309611003
 10
214.7778926402016
 20
42.93504516100807
 10
214.77046291314454
 20
42.96690952255127
 10
214.76096506474755
 20
42.998219732651584
 10
214.74943976625565
 20
43.02884171618255
 10
214.73593637076632
 20
43.058644345109506
 10
214.7205127018922
 20
43.087500000000006
 10
214.70323480615127
 20
43.11528511650981
 10
214.6841766701456
 20
43.14188071450437
 10
214.66341990373948
 20
43.16717290755004
 10
214.64105339059327
 20
43.19105339059328
 10
214.61717290755004
 20
43.21341990373949
 10
214.59188071450436
 20
43.23417667014562
 10
214.56528511650978
 20
43.253234806151276
 10
214.5375
 20
43.27051270189222
 10
214.5086443451095
 20
43.28593637076635
 10
214.47884171618253
 20
43.29943976625565
 10
214.44821973265158
 20
43.310965064747556
 10
214.41690952255126
 20
43.32046291314454
 10
214.38504516100807
 20
43.32789264020162
 10
214.35276309611
 20
43.33322243068691
 10
214.32020156461508
 20
43.33642946161931
 10
214.2875
 20
43.337500000000006
 10
201.2875
 20
43.337500000000006
 10
201.2547984353849
 20
43.33642946161931
 10
201.22223690388998
 20
43.33322243068691
 10
201.18995483899192
 20
43.32789264020162
 10
201.15809047744872
 20
43.32046291314454
 10
201.1267802673484
 20
43.310965064747556
 10
201.09615828381746
 20
43.29943976625565
 10
201.0663556548905
 20
43.28593637076635
 10
201.0375
 20
43.27051270189222
 10
201.0097148834902
 20
43.253234806151276
 10
200.98311928549563
 20
43.23417667014562
 10
200.95782709244995
 20
43.21341990373949
 10
200.93394660940672
 20
43.19105339059328
 10
200.9115800962605
 20
43.16717290755004
 10
200.89082332985438
 20
43.14188071450437
 10
200.87176519384872
 20
43.11528511650981
 10
200.85448729810778
 20
43.087500000000006
 10
200.83906362923366
 20
43.058644345109506
 10
200.82556023374434
 20
43.02884171618255
 10
200.81403493525244
 20
42.998219732651584
 10
200.80453708685545
 20
42.96690952255127
 10
200.7971073597984
 20
42.93504516100807
 10
200.7917775693131
 20
42.90276309611003
 10
200.7885705383807
 20
42.87020156461508
 10
200.7875
 20
42.837500000000006
 10
200.7875
 20
29.837500000000006
 10
200.7885705383807
 20
29.804798435384935
 10
200.7917775693131
 20
29.77223690388998
 10
200.7971073597984
 20
29.73995483899194
 10
200.80453708685545
 20
29.708090477448746
 10
200.81403493525244
 20
29.676780267348423
 10
200.82556023374434
 20
29.64615828381746
 10
200.83906362923366
 20
29.616355654890505
 10
200.85448729810778
 20
29.587500000000006
 10
200.87176519384872
 20
29.559714883490205
 10
200.89082332985438
 20
29.533119285495644
 10
200.9115800962605
 20
29.507827092449972
 10
200.93394660940672
 20
29.483946609406733
 10
200.95782709244995
 20
29.461580096260516
 10
200.98311928549563
 20
29.44082332985439
 10
201.0097148834902
 20
29.42176519384873
 10
201.0375
 20
29.404487298107785
 10
201.0663556548905
 20
29.38906362923366
 10
201.09615828381746
 20
29.375560233744363
  0
LWPOLYLINE
  5
6C
330
17
100
AcDbEntity
  8
CUTOUTS
100
AcDbPolyline
 90
100
 70
1
 10
220.17678026734842
 20
29.36403493525245
 10
220.20809047744874
 20
29.354537086855473
 10
220.23995483899193
 20
29.34710735979839
 10
220.27223690389
 20
29.341777569313102
 10
220.30479843538492
 20
29.338570538380704
 10
220.3375
 20
29.337500000000006
 10
233.3375
 20
29.337500000000006
 10
233.3702015646151
 20
29.338570538380704
 10
233.40276309611002
 20
29.341777569313102
 10
233.43504516100808
 20
29.34710735979839
 10
233.46690952255128
 20
29.354537086855473
 10
233.4982197326516
 20
29.36403493525245
 10
233.52884171618254
 20
29.375560233744363
 10
233.5586443451095
 20
29.38906362923366
 10
233.5875
 20
29.404487298107785
 10
233.6152851165098
 20
29.42176519384873
 10
233.64188071450437
 20
29.44082332985439
 10
233.66717290755005
 20
29.461580096260516
 10
233.69105339059328
 20
29.483946609406733
 10
233.7134199037395
 20
29.507827092449972
 10
233.73417667014562
 20
29.533119285495644
 10
233.75323480615128
 20
29.559714883490205
 10
233.77051270189222
 20
29.587500000000006
 10
233.78593637076634
 20
29.616355654890505
 10
233.79943976625566
 20
29.64615828381746
 10
233.81096506474756
 20
29.676780267348423
 10
233.82046291314455
 20
29.708090477448746
 10
233.8278926402016
 20
29.73995483899194
 10
233.8332224306869
 20
29.77223690388998
 10
233.8364294616193
 20
29.804798435384935
 10
233.8375
 20
29.837500000000006
 10
233.8375
 20
42.837500000000006
 10
233.8364294616193
 20
42.87020156461508
 10
233.8332224306869
 20
42.90276309611003
 10
233.8278926402016
 20
42.93504516100807
 10
233.82046291314455
 20
42.96690952255127
 10
233.81096506474756
 20
42.998219732651584
 10
233.79943976625566
 20
43.02884171618255
 10
233.78593637076634
 20
43.058644345109506
 10
233.77051270189222
 20
43.087500000000006
 10
233.75323480615128
 20
43.11528511650981
 10
233.73417667014562
 20
43.14188071450437
 10
233.7134199037395
 20
43.16717290755004
 10
233.69105339059328
 20
43.19105339059328
 10
233.66717290755005
 20
43.21341990373949
 10
233.64188071450437
 20
43.23417667014562
 10
233.6152851165098
 20
43.253234806151276
 10
233.5875
 20
43.27051270189222
 10
233.5586443451095
 20
43.28593637076635
 10
233.52884171618254
 20
43.29943976625565
 10
233.4982197326516
 20
43.310965064747556
 10
233.46690952255128
 20
43.32046291314454
 10
233.43504516100808
 20
43.32789264020162
 10
233.40276309611002
 20
43.33322243068691
 10
233.3702015646151
 20
43.33642946161931
 10
233.3375
 20
43.337500000000006
 10
220.3375
 20
43.337500000000006
 10
220.30479843538492
 20
43.33642946161931
 10
220.27223690389
 20
43.33322243068691
 10
220.23995483899193
 20
43.32789264020162
 10
220.20809047744874
 20
43.32046291314454
 10
220.17678026734842
 20
43.310965064747556
 10
220.14615828381747
 20
43.29943976625565
 10
220.1163556548905
 20
43.28593637076635
 10
220.0875
 20
43.27051270189222
 10
220.05971488349022
 20
43.253234806151276
 10
220.03311928549564
 20
43.23417667014562
 10
220.00782709244996
 20
43.21341990373949
 10
219.98394660940673
 20
43.19105339059328
 10
219.96158009626052
 20
43.16717290755004
 10
219.9408233298544
 20
43.14188071450437
 10
219.92176519384873
 20
43.11528511650981
 10
219.9044872981078
 20
43.087500000000006
 10
219.88906362923368
 20
43.058644345109506
 10
219.87556023374435
 20
43.02884171618255
 10
219.86403493525245
 20
42.998219732651584
 10
219.85453708685546
 20
42.96690952255127
 10
219.8471073597984
 20
42.93504516100807
 10
219.8417775693131
 20
42.90276309611003
 10
219.8385705383807
 20
42.87020156461508
 10
219.8375
 20
42.837500000000006
 10
219.8375
 20
29.837500000000006
 10
219.8385705383807
 20
29.804798435384935
 10
219.8417775693131
 20
29.77223690388998
 10
219.8471073597984
 20
29.73995483899194
 10
219.85453708685546
 20
29.708090477448746
 10
219.86403493525245
 20
29.676780267348423
 10
219.87556023374435
 20
29.64615828381746
 10
219.88906362923368
 20
29.616355654890505
 10
219.9044872981078
 20
29.587500000000006
 10
219.92176519384873
 20
29.559714883490205
 10
219.9408233298544
 20
29.533119285495644
 10
219.96158009626052
 20
29.507827092449972
 10
219.98394660940673
 20
29.483946609406733
 10
220.00782709244996
 20
29.461580096260516
 10
220.03311928549564
 20
29.44082332985439
 10
220.05971488349022
 20
29.42176519384873
 10
220.0875
 20
29.404487298107785
 10
220.1163556548905
 20
29.38906362923366
 10
220.14615828381747
 20
29.375560233744363
  0
LWPOLYLINE
  5
6D
330
17
100
AcDbEntity
  8
CUTOUTS
100
AcDbPolyline
 90
100
 70
1
 10
172.58309047744874
 20
48.40453708685547
 10
172.61495483899193
 20
48.39710735979839
 10
172.64723690389
 20
48.3917775693131
 10
172.67979843538492
 20
48.3885705383807
 10
172.7125
 20
48.3875
 10
185.7125
 20
48.3875
 10
185.7452015646151
 20
48.3885705383807
 10
185.77776309611002
 20
48.3917775693131
 10
185.81004516100808
 20
48.39710735979839
 10
185.84190952255128
 20
48.40453708685547
 10
185.8732197326516
 20
48.41403493525245
 10
185.90384171618254
 20
48.425560233744356
 10
185.9336443451095
 20
48.43906362923366
 10
185.9625
 20
48.454487298107786
 10
185.9902851165098
 20
48.47176519384873
 10
186.01688071450437
 20
48.490823329854386
 10
186.04217290755005
 20
48.511580096260516
 10
186.06605339059328
 20
48.533946609406726
 10
186.0884199037395
 20
48.55782709244997
 10
186.10917667014562
 20
48.58311928549564
 10
186.12823480615128
 20
48.6097148834902
 10
186.14551270189222
 20
48.6375
 10
186.16093637076634
 20
48.6663556548905
 10
186.17443976625566
 20
48.69615828381746
 10
186.18596506474756
 20
48.726780267348424
 10
186.19546291314455
 20
48.75809047744874
 10
186.2028926402016
 20
48.78995483899194
 10
186.2082224306869
 20
48.82223690388998
 10
186.2114294616193
 20
48.85479843538493
 10
186.2125
 20
48.8875
 10
186.2125
 20
61.8875
 10
186.2114294616193
 20
61.92020156461508
 10
186.2082224306869
 20
61.952763096110026
 10
186.2028926402016
 20
61.98504516100807
 10
186.19546291314455
 20
62.016909522551266
 10
186.18596506474756
 20
62.04821973265158
 10
186.17443976625566
 20
62.078841716182545
 10
186.16093637076634
 20
62.108644345109504
 10
186.14551270189222
 20
62.1375
 10
186.12823480615128
 20
62.16528511650981
 10
186.10917667014562
 20
62.191880714504364
 10
186.0884199037395
 20
62.21717290755004
 10
186.06605339059328
 20
62.24105339059328
 10
186.04217290755005
 20
62.26341990373949
 10
186.01688071450437
 20
62.28417667014562
 10
185.9902851165098
 20
62.30323480615127
 10
185.9625
 20
62.32051270189222
 10
185.9336443451095
 20
62.33593637076635
 10
185.90384171618254
 20
62.34943976625565
 10
185.8732197326516
 20
62.36096506474755
 10
185.84190952255128
 20
62.370462913144536
 10
185.81004516100808
 20
62.377892640201615
 10
185.77776309611002
 20
62.38322243068691
 10
185.7452015646151
 20
62.38642946161931
 10
185.7125
 20
62.3875
 10
172.7125
 20
62.3875
 10
172.67979843538492
 20
62.38642946161931
 10
172.64723690389
 20
62.38322243068691
 10
172.61495483899193
 20
62.377892640201615
 10
172.58309047744874
 20
62.370462913144536
 10
172.55178026734842
 20
62.36096506474755
 10
172.52115828381747
 20
62.34943976625565
 10
172.4913556548905
 20
62.33593637076635
 10
172.4625
 20
62.32051270189222
 10
172.43471488349022
 20
62.30323480615127
 10
172.40811928549564
 20
62.28417667014562
 10
172.38282709244996
 20
62.26341990373949
 10
172.35894660940673
 20
62.24105339059328
 10
172.33658009626052
 20
62.21717290755004
 10
172.3158233298544
 20
62.191880714504364
 10
172.29676519384873
 20
62.16528511650981
 10
172.2794872981078
 20
62.1375
 10
172.26406362923368
 20
62.108644345109504
 10
172.25056023374435
 20
62.078841716182545
 10
172.23903493525245
 20
62.04821973265158
 10
172.22953708685546
 20
62.016909522551266
 10
172.2221073597984
 20
61.98504516100807
 10
172.2167775693131
 20
61.952763096110026
 10
172.2135705383807
 20
61.92020156461508
 10
172.2125
 20
61.8875
 10
172.2125
 20
48.8875
 10
172.2135705383807
 20
48.85479843538493
 10
172.2167775693131
 20
48.82223690388998
 10
172.2221073597984
 20
48.78995483899194
 10
172.22953708685546
 20
48.75809047744874
 10
172.23903493525245
 20
48.726780267348424
 10
172.25056023374435
 20
48.69615828381746
 10
172.26406362923368
 20
48.6663556548905
 10
172.2794872981078
 20
48.6375
 10
172.29676519384873
 20
48.6097148834902
 10
172.3158233298544
 20
48.58311928549564
 10
172.33658009626052
 20
48.55782709244997
 10
172.35894660940673
 20
48.533946609406726
 10
172.38282709244996
 20
48.511580096260516
 10
172.40811928549564
 20
48.490823329854386
 10
172.43471488349022
 20
48.47176519384873
 10
172.4625
 20
48.454487298107786
 10
172.4913556548905
 20
48.43906362923366
 10
172.52115828381747
 20
48.425560233744356
 10
172.55178026734842
 20
48.41403493525245
  0
LWPOLYLINE
  5
6E
330
17
100
AcDbEntity
  8
CUTOUTS
100
AcDbPolyline
 90
100
 70
1
 10
191.60178026734843
 20
48.41403493525245
 10
191.63309047744875
 20
48.40453708685547
 10
191.66495483899195
 20
48.39710735979839
 10
191.69723690389
 20
48.3917775693131
 10
191.72979843538494
 20
48.3885705383807
 10
191.76250000000002
 20
48.3875
 10
204.76250000000002
 20
48.3875
 10
204.7952015646151
 20
48.3885705383807
 10
204.82776309611003
 20
48.3917775693131
 10
204.8600451610081
 20
48.39710735979839
 10
204.8919095225513
 20
48.40453708685547
 10
204.9232197326516
 20
48.41403493525245
 10
204.95384171618255
 20
48.425560233744356
 10
204.98364434510952
 20
48.43906362923366
 10
205.01250000000002
 20
48.454487298107786
 10
205.0402851165098
 20
48.47176519384873
 10
205.06688071450438
 20
48.490823329854386
 10
205.09217290755007
 20
48.511580096260516
 10
205.1160533905933
 20
48.533946609406726
 10
205.1384199037395
 20
48.55782709244997
 10
205.15917667014563
 20
48.58311928549564
 10
205.1782348061513
 20
48.6097148834902
 10
205.19551270189223
 20
48.6375
 10
205.21093637076635
 20
48.6663556548905
 10
205.22443976625567
 20
48.69615828381746
 10
205.23596506474757
 20
48.726780267348424
 10
205.24546291314456
 20
48.75809047744874
 10
205.25289264020162
 20
48.78995483899194
 10
205.2582224306869
 20
48.82223690388998
 10
205.26142946161931
 20
48.85479843538493
 10
205.26250000000002
 20
48.8875
 10
205.26250000000002
 20
61.8875
 10
205.26142946161931
 20
61.92020156461508
 10
205.2582224306869
 20
61.952763096110026
 10
205.25289264020162
 20
61.98504516100807
 10
205.24546291314456
 20
62.016909522551266
 10
205.23596506474757
 20
62.04821973265158
 10
205.22443976625567
 20
62.078841716182545
 10
205.21093637076635
 20
62.108644345109504
 10
205.19551270189223
 20
62.1375
 10
205.1782348061513
 20
62.16528511650981
 10
205.15917667014563
 20
62.191880714504364
 10
205.1384199037395
 20
62.21717290755004
 10
205.1160533905933
 20
62.24105339059328
 10
205.09217290755007
 20
62.26341990373949
 10
205.06688071450438
 20
62.28417667014562
 10
205.0402851165098
 20
62.30323480615127
 10
205.01250000000002
 20
62.32051270189222
 10
204.98364434510952
 20
62.33593637076635
 10
204.95384171618255
 20
62.34943976625565
 10
204.9232197326516
 20
62.36096506474755
 10
204.8919095225513
 20
62.370462913144536
 10
204.8600451610081
 20
62.377892640201615
 10
204.82776309611003
 20
62.38322243068691
 10
204.7952015646151
 20
62.38642946161931
 10
204.76250000000002
 20
62.3875
 10
191.76250000000002
 20
62.3875
 10
191.72979843538494
 20
62.38642946161931
 10
191.69723690389
 20
62.38322243068691
 10
191.66495483899195
 20
62.377892640201615
 10
191.63309047744875
 20
62.370462913144536
 10
191.60178026734843
 20
62.36096506474755
 10
191.57115828381748
 20
62.34943976625565
 10
191.5413556548905
 20
62.33593637076635
 10
191.51250000000002
 20
62.32051270189222
 10
191.48471488349023
 20
62.30323480615127
 10
191.45811928549566
 20
62.28417667014562
 10
191.43282709244997
 20
62.26341990373949
 10
191.40894660940674
 20
62.24105339059328
 10
191.38658009626053
 20
62.21717290755004
 10
191.3658233298544
 20
62.191880714504364
 10
191.34676519384874
 20
62.16528511650981
 10
191.3294872981078
 20
62.1375
 10
191.3140636292337
 20
62.108644345109504
 10
191.30056023374436
 20
62.078841716182545
 10
191.28903493525246
 20
62.04821973265158
 10
191.27953708685547
 20
62.016909522551266
 10
191.2721073597984
 20
61.98504516100807
 10
191.26677756931312
 20
61.952763096110026
 10
191.26357053838072
 20
61.92020156461508
 10
191.26250000000002
 20
61.8875
 10
191.26250000000002
 20
48.8875
 10
191.26357053838072
 20
48.85479843538493
 10
191.26677756931312
 20
48.82223690388998
 10
191.2721073597984
 20
48.78995483899194
 10
191.27953708685547
 20
48.75809047744874
 10
191.28903493525246
 20
48.726780267348424
 10
191.30056023374436
 20
48.69615828381746
 10
191.3140636292337
 20
48.6663556548905
 10
191.3294872981078
 20
48.6375
 10
191.34676519384874
 20
48.6097148834902
 10
191.3658233298544
 20
48.58311928549564
 10
191.38658009626053
 20
48.55782709244997
 10
191.40894660940674
 20
48.533946609406726
 10
191.43282709244997
 20
48.511580096260516
 10
191.45811928549566
 20
48.490823329854386
 10
191.48471488349023
 20
48.47176519384873
 10
191.51250000000002
 20
48.454487298107786
 10
191.5413556548905
 20
48.43906362923366
 10
191.57115828381748
 20
48.425560233744356
  0
LWPOLYLINE
  5
6F
330
17
100
AcDbEntity
  8
CUTOUTS
100
AcDbPolyline
 90
100
 70
1
 10
210.6517802673484
 20
48.41403493525245
 10
210.68309047744873
 20
48.40453708685547
 10
210.71495483899193
 20
48.39710735979839
 10
210.74723690388998
 20
48.3917775693131
 10
210.77979843538492
 20
48.3885705383807
 10
210.8125
 20
48.3875
 10
223.8125
 20
48.3875
 10
223.84520156461508
 20
48.3885705383807
 10
223.87776309611002
 20
48.3917775693131
 10
223.91004516100807
 20
48.39710735979839
 10
223.94190952255127
 20
48.40453708685547
 10
223.9732197326516
 20
48.41403493525245
 10
224.00384171618254
 20
48.425560233744356
 10
224.0336443451095
 20
48.43906362923366
 10
224.0625
 20
48.454487298107786
 10
224.0902851165098
 20
48.47176519384873
 10
224.11688071450436
 20
48.490823329854386
 10
224.14217290755005
 20
48.511580096260516
 10
224.16605339059328
 20
48.533946609406726
 10
224.1884199037395
 20
48.55782709244997
 10
224.2091766701456
 20
48.58311928549564
 10
224.22823480615128
 20
48.6097148834902
 10
224.2455127018922
 20
48.6375
 10
224.26093637076633
 20
48.6663556548905
 10
224.27443976625565
 20
48.69615828381746
 10
224.28596506474756
 20
48.726780267348424
 10
224.29546291314455
 20
48.75809047744874
 10
224.3028926402016
 20
48.78995483899194
 10
224.3082224306869
 20
48.82223690388998
 10
224.3114294616193
 20
48.85479843538493
 10
224.3125
 20
48.8875
 10
224.3125
 20
61.8875
 10
224.3114294616193
 20
61.92020156461508
 10
224.3082224306869
 20
61.952763096110026
 10
224.3028926402016
 20
61.98504516100807
 10
224.29546291314455
 20
62.016909522551266
 10
224.28596506474756
 20
62.04821973265158
 10
224.27443976625565
 20
62.078841716182545
 10
224.26093637076633
 20
62.108644345109504
 10
224.2455127018922
 20
62.1375
 10
224.22823480615128
 20
62.16528511650981
 10
224.2091766701456
 20
62.191880714504364
 10
224.1884199037395
 20
62.21717290755004
 10
224.16605339059328
 20
62.24105339059328
 10
224.14217290755005
 20
62.26341990373949
 10
224.11688071450436
 20
62.28417667014562
 10
224.0902851165098
 20
62.30323480615127
 10
224.0625
 20
62.32051270189222
 10
224.0336443451095
 20
62.33593637076635
 10
224.00384171618254
 20
62.34943976625565
 10
223.9732197326516
 20
62.36096506474755
 10
223.94190952255127
 20
62.370462913144536
 10
223.91004516100807
 20
62.377892640201615
 10
223.87776309611002
 20
62.38322243068691
 10
223.84520156461508
 20
62.38642946161931
 10
223.8125
 20
62.3875
 10
210.8125
 20
62.3875
 10
210.77979843538492
 20
62.38642946161931
 10
210.74723690388998
 20
62.38322243068691
 10
210.71495483899193
 20
62.377892640201615
 10
210.68309047744873
 20
62.370462913144536
 10
210.6517802673484
 20
62.36096506474755
 10
210.62115828381746
 20
62.34943976625565
 10
210.5913556548905
 20
62.33593637076635
 10
210.5625
 20
62.32051270189222
 10
210.5347148834902
 20
62.30323480615127
 10
210.50811928549564
 20
62.28417667014562
 10
210.48282709244995
 20
62.26341990373949
 10
210.45894660940672
 20
62.24105339059328
 10
210.4365800962605
 20
62.21717290755004
 10
210.4158233298544
 20
62.191880714504364
 10
210.39676519384872
 20
62.16528511650981
 10
210.3794872981078
 20
62.1375
 10
210.36406362923367
 20
62.108644345109504
 10
210.35056023374435
 20
62.078841716182545
 10
210.33903493525244
 20
62.04821973265158
 10
210.32953708685545
 20
62.016909522551266
 10
210.3221073597984
 20
61.98504516100807
 10
210.3167775693131
 20
61.952763096110026
 10
210.3135705383807
 20
61.92020156461508
 10
210.3125
 20
61.8875
 10
210.3125
 20
48.8875
 10
210.3135705383807
 20
48.85479843538493
 10
210.3167775693131
 20
48.82223690388998
 10
210.3221073597984
 20
48.78995483899194
 10
210.32953708685545
 20
48.75809047744874
 10
210.33903493525244
 20
48.726780267348424
 10
210.35056023374435
 20
48.69615828381746
 10
210.36406362923367
 20
48.6663556548905
 10
210.3794872981078
 20
48.6375
 10
210.39676519384872
 20
48.6097148834902
 10
210.4158233298544
 20
48.58311928549564
 10
210.4365800962605
 20
48.55782709244997
 10
210.45894660940672
 20
48.533946609406726
 10
210.48282709244995
 20
48.511580096260516
 10
210.50811928549564
 20
48.490823329854386
 10
210.5347148834902
 20
48.47176519384873
 10
210.5625
 20
48.454487298107786
 10
210.5913556548905
 20
48.43906362923366
 10
210.62115828381746
 20
48.425560233744356
  0
LWPOLYLINE
  5
70
330
17
100
AcDbEntity
  8
CUTOUTS
100
AcDbPolyline
 90
100
 70
1
 10
229.73309047744874
 20
48.40453708685547
 10
229.76495483899194
 20
48.39710735979839
 10
229.79723690389
 20
48.3917775693131
 10
229.82979843538493
 20
48.3885705383807
 10
229.8625
 20
48.3875
 10
242.8625
 20
48.3875
 10
242.8952015646151
 20
48.3885705383807
 10
242.92776309611003
 20
48.3917775693131
 10
242.96004516100808
 20
48.39710735979839
 10
242.99190952255128
 20
48.40453708685547
 10
243.0232197326516
 20
48.41403493525245
 10
243.05384171618255
 20
48.425560233744356
 10
243.08364434510952
 20
48.43906362923366
 10
243.1125
 20
48.454487298107786
 10
243.1402851165098
 20
48.47176519384873
 10
243.16688071450437
 20
48.490823329854386
 10
243.19217290755006
 20
48.511580096260516
 10
243.2160533905933
 20
48.533946609406726
 10
243.2384199037395
 20
48.55782709244997
 10
243.25917667014562
 20
48.58311928549564
 10
243.2782348061513
 20
48.6097148834902
 10
243.29551270189222
 20
48.6375
 10
243.31093637076634
 20
48.6663556548905
 10
243.32443976625567
 20
48.69615828381746
 10
243.33596506474757
 20
48.726780267348424
 10
243.34546291314456
 20
48.75809047744874
 10
243.35289264020162
 20
48.78995483899194
 10
243.3582224306869
 20
48.82223690388998
 10
243.3614294616193
 20
48.85479843538493
 10
243.3625
 20
48.8875
 10
243.3625
 20
61.8875
 10
243.3614294616193
 20
61.92020156461508
 10
243.3582224306869
 20
61.952763096110026
 10
243.35289264020162
 20
61.98504516100807
 10
243.34546291314456
 20
62.016909522551266
 10
243.33596506474757
 20
62.04821973265158
 10
243.32443976625567
 20
62.078841716182545
 10
243.31093637076634
 20
62.108644345109504
 10
243.29551270189222
 20
62.1375
 10
243.2782348061513
 20
62.16528511650981
 10
243.25917667014562
 20
62.191880714504364
 10
243.2384199037395
 20
62.21717290755004
 10
243.2160533905933
 20
62.24105339059328
 10
243.19217290755006
 20
62.26341990373949
 10
243.16688071450437
 20
62.28417667014562
 10
243.1402851165098
 20
62.30323480615127
 10
243.1125
 20
62.32051270189222
 10
243.08364434510952
 20
62.33593637076635
 10
243.05384171618255
 20
62.34943976625565
 10
243.0232197326516
 20
62.36096506474755
 10
242.99190952255128
 20
62.370462913144536
 10
242.96004516100808
 20
62.377892640201615
 10
242.92776309611003
 20
62.38322243068691
 10
242.8952015646151
 20
62.38642946161931
 10
242.8625
 20
62.3875
 10
229.8625
 20
62.3875
 10
229.82979843538493
 20
62.38642946161931
 10
229.79723690389
 20
62.38322243068691
 10
229.76495483899194
 20
62.377892640201615
 10
229.73309047744874
 20
62.370462913144536
 10
229.70178026734843
 20
62.36096506474755
 10
229.67115828381748
 20
62.34943976625565
 10
229.6413556548905
 20
62.33593637076635
 10
229.6125
 20
62.32051270189222
 10
229.58471488349022
 20
62.30323480615127
 10
229.55811928549565
 20
62.28417667014562
 10
229.53282709244996
 20
62.26341990373949
 10
229.50894660940673
 20
62.24105339059328
 10
229.48658009626052
 20
62.21717290755004
 10
229.4658233298544
 20
62.191880714504364
 10
229.44676519384873
 20
62.16528511650981
 10
229.4294872981078
 20
62.1375
 10
229.41406362923368
 20
62.108644345109504
 10
229.40056023374436
 20
62.078841716182545
 10
229.38903493525245
 20
62.04821973265158
 10
229.37953708685546
 20
62.016909522551266
 10
229.3721073597984
 20
61.98504516100807
 10
229.36677756931311
 20
61.952763096110026
 10
229.3635705383807
 20
61.92020156461508
 10
229.3625
 20
61.8875
 10
229.3625
 20
48.8875
 10
229.3635705383807
 20
48.85479843538493
 10
229.36677756931311
 20
48.82223690388998
 10
229.3721073597984
 20
48.78995483899194
 10
229.37953708685546
 20
48.75809047744874
 10
229.38903493525245
 20
48.726780267348424
 10
229.40056023374436
 20
48.69615828381746
 10
229.41406362923368
 20
48.6663556548905
 10
229.4294872981078
 20
48.6375
 10
229.44676519384873
 20
48.6097148834902
 10
229.4658233298544
 20
48.58311928549564
 10
229.48658009626052
 20
48.55782709244997
 10
229.50894660940673
 20
48.533946609406726
 10
229.53282709244996
 20
48.511580096260516
 10
229.55811928549565
 20
48.490823329854386
 10
229.58471488349022
 20
48.47176519384873
 10
229.6125
 20
48.454487298107786
 10
229.6413556548905
 20
48.43906362923366
 10
229.67115828381748
 20
48.425560233744356
 10
229.70178026734843
 20
48.41403493525245
  0
LWPOLYLINE
  5
71
330
17
100
AcDbEntity
  8
CUTOUTS
100
AcDbPolyline
 90
100
 70
1
 10
167.78928026734843
 20
67.46403493525244
 10
167.82059047744875
 20
67.45453708685547
 10
167.85245483899195
 20
67.44710735979838
 10
167.88473690389
 20
67.44177756931309
 10
167.91729843538494
 20
67.4385705383807
 10
167.95000000000002
 20
67.4375
 10
180.95000000000002
 20
67.4375
 10
180.9827015646151
 20
67.4385705383807
 10
181.01526309611003
 20
67.44177756931309
 10
181.0475451610081
 20
67.44710735979838
 10
181.0794095225513
 20
67.45453708685547
 10
181.1107197326516
 20
67.46403493525244
 10
181.14134171618255
 20
67.47556023374436
 10
181.17114434510952
 20
67.48906362923366
 10
181.20000000000002
 20
67.50448729810778
 10
181.2277851165098
 20
67.52176519384872
 10
181.25438071450438
 20
67.54082332985438
 10
181.27967290755007
 20
67.56158009626051
 10
181.3035533905933
 20
67.58394660940672
 10
181.3259199037395
 20
67.60782709244997
 10
181.34667667014563
 20
67.63311928549564
 10
181.3657348061513
 20
67.6597148834902
 10
181.38301270189223
 20
67.6875
 10
181.39843637076635
 20
67.7163556548905
 10
181.41193976625567
 20
67.74615828381745
 10
181.42346506474757
 20
67.77678026734841
 10
181.43296291314456
 20
67.80809047744874
 10
181.44039264020162
 20
67.83995483899193
 10
181.4457224306869
 20
67.87223690388997
 10
181.44892946161931
 20
67.90479843538493
 10
181.45000000000002
 20
67.9375
 10
181.45000000000002
 20
80.9375
 10
181.44892946161931
 20
80.97020156461507
 10
181.4457224306869
 20
81.00276309611003
 10
181.44039264020162
 20
81.03504516100807
 10
181.43296291314456
 20
81.06690952255126
 10
181.42346506474757
 20
81.09821973265159
 10
181.41193976625567
 20
81.12884171618255
 10
181.39843637076635
 20
81.1586443451095
 10
181.38301270189223
 20
81.1875
 10
181.3657348061513
 20
81.2152851165098
 10
181.34667667014563
 20
81.24188071450436
 10
181.3259199037395
 20
81.26717290755003
 10
181.3035533905933
 20
81.29105339059328
 10
181.27967290755007
 20
81.31341990373949
 10
181.25438071450438
 20
81.33417667014562
 10
181.2277851165098
 20
81.35323480615128
 10
181.20000000000002
 20
81.37051270189222
 10
181.17114434510952
 20
81.38593637076634
 10
181.14134171618255
 20
81.39943976625564
 10
181.1107197326516
 20
81.41096506474756
 10
181.0794095225513
 20
81.42046291314453
 10
181.0475451610081
 20
81.42789264020162
 10
181.01526309611003
 20
81.43322243068691
 10
180.9827015646151
 20
81.4364294616193
 10
180.95000000000002
 20
81.4375
 10
167.95000000000002
 20
81.4375
 10
167.91729843538494
 20
81.4364294616193
 10
167.88473690389
 20
81.43322243068691
 10
167.85245483899195
 20
81.42789264020162
 10
167.82059047744875
 20
81.42046291314453
 10
167.78928026734843
 20
81.41096506474756
 10
167.75865828381748
 20
81.39943976625564
 10
167.7288556548905
 20
81.38593637076634
 10
167.70000000000002
 20
81.37051270189222
 10
167.67221488349023
 20
81.35323480615128
 10
167.64561928549566
 20
81.33417667014562
 10
167.62032709244997
 20
81.31341990373949
 10
167.59644660940674
 20
81.29105339059328
 10
167.57408009626053
 20
81.26717290755003
 10
167.5533233298544
 20
81.24188071450436
 10
167.53426519384874
 20
81.2152851165098
 10
167.5169872981078
 20
81.1875
 10
167.5015636292337
 20
81.1586443451095
 10
167.48806023374436
 20
81.12884171618255
 10
167.47653493525246
 20
81.09821973265159
 10
167.46703708685547
 20
81.06690952255126
 10
167.4596073597984
 20
81.03504516100807
 10
167.45427756931312
 20
81.00276309611003
 10
167.45107053838072
 20
80.97020156461507
 10
167.45000000000002
 20
80.9375
 10
167.45000000000002
 20
67.9375
 10
167.45107053838072
 20
67.90479843538493
 10
167.45427756931312
 20
67.87223690388997
 10
167.4596073597984
 20
67.83995483899193
 10
167.46703708685547
 20
67.80809047744874
 10
167.47653493525246
 20
67.77678026734841
 10
167.48806023374436
 20
67.74615828381745
 10
167.5015636292337
 20
67.7163556548905
 10
167.5169872981078
 20
67.6875
 10
167.53426519384874
 20
67.6597148834902
 10
167.5533233298544
 20
67.63311928549564
 10
167.57408009626053
 20
67.60782709244997
 10
167.59644660940674
 20
67.58394660940672
 10
167.62032709244997
 20
67.56158009626051
 10
167.64561928549566
 20
67.54082332985438
 10
167.67221488349023
 20
67.52176519384872
 10
167.70000000000002
 20
67.50448729810778
 10
167.7288556548905
 20
67.48906362923366
 10
167.75865828381748
 20
67.47556023374436
  0
LWPOLYLINE
  5
72
330
17
100
AcDbEntity
  8
CUTOUTS
100
AcDbPolyline
 90
100
 70
1
 10
186.8392802673484
 20
67.46403493525244
 10
186.87059047744873
 20
67.45453708685547
 10
186.90245483899193
 20
67.44710735979838
 10
186.93473690388998
 20
67.44177756931309
 10
186.96729843538492
 20
67.4385705383807
 10
187.0
 20
67.4375
 10
200.0
 20
67.4375
 10
200.03270156461508
 20
67.4385705383807
 10
200.06526309611002
 20
67.44177756931309
 10
200.09754516100807
 20
67.44710735979838
 10
200.12940952255127
 20
67.45453708685547
 10
200.1607197326516
 20
67.46403493525244
 10
200.19134171618254
 20
67.47556023374436
 10
200.2211443451095
 20
67.48906362923366
 10
200.25
 20
67.50448729810778
 10
200.2777851165098
 20
67.52176519384872
 10
200.30438071450436
 20
67.54082332985438
 10
200.32967290755005
 20
67.56158009626051
 10
200.35355339059328
 20
67.58394660940672
 10
200.3759199037395
 20
67.60782709244997
 10
200.3966766701456
 20
67.63311928549564
 10
200.41573480615128
 20
67.6597148834902
 10
200.4330127018922
 20
67.6875
 10
200.44843637076633
 20
67.7163556548905
 10
200.46193976625565
 20
67.74615828381745
 10
200.47346506474756
 20
67.77678026734841
 10
200.48296291314455
 20
67.80809047744874
 10
200.4903926402016
 20
67.83995483899193
 10
200.4957224306869
 20
67.87223690388997
 10
200.4989294616193
 20
67.90479843538493
 10
200.5
 20
67.9375
 10
200.5
 20
80.9375
 10
200.4989294616193
 20
80.97020156461507
 10
200.4957224306869
 20
81.00276309611003
 10
200.4903926402016
 20
81.03504516100807
 10
200.48296291314455
 20
81.06690952255126
 10
200.47346506474756
 20
81.09821973265159
 10
200.46193976625565
 20
81.12884171618255
 10
200.44843637076633
 20
81.1586443451095
 10
200.4330127018922
 20
81.1875
 10
200.41573480615128
 20
81.2152851165098
 10
200.3966766701456
 20
81.24188071450436
 10
200.3759199037395
 20
81.26717290755003
 10
200.35355339059328
 20
81.29105339059328
 10
200.32967290755005
 20
81.31341990373949
 10
200.30438071450436
 20
81.33417667014562
 10
200.2777851165098
 20
81.35323480615128
 10
200.25
 20
81.37051270189222
 10
200.2211443451095
 20
81.38593637076634
 10
200.19134171618254
 20
81.39943976625564
 10
200.1607197326516
 20
81.41096506474756
 10
200.12940952255127
 20
81.42046291314453
 10
200.09754516100807
 20
81.42789264020162
 10
200.06526309611002
 20
81.43322243068691
 10
200.03270156461508
 20
81.4364294616193
 10
200.0
 20
81.4375
 10
187.0
 20
81.4375
 10
186.96729843538492
 20
81.4364294616193
 10
186.93473690388998
 20
81.43322243068691
 10
186.90245483899193
 20
81.42789264020162
 10
186.87059047744873
 20
81.42046291314453
 10
186.8392802673484
 20
81.41096506474756
 10
186.80865828381746
 20
81.39943976625564
 10
186.7788556548905
 20
81.38593637076634
 10
186.75
 20
81.37051270189222
 10
186.7222148834902
 20
81.35323480615128
 10
186.69561928549564
 20
81.33417667014562
 10
186.67032709244995
 20
81.31341990373949
 10
186.64644660940672
 20
81.29105339059328
 10
186.6240800962605
 20
81.26717290755003
 10
186.6033233298544
 20
81.24188071450436
 10
186.58426519384872
 20
81.2152851165098
 10
186.5669872981078
 20
81.1875
 10
186.55156362923367
 20
81.1586443451095
 10
186.53806023374435
 20
81.12884171618255
 10
186.52653493525244
 20
81.09821973265159
 10
186.51703708685545
 20
81.06690952255126
 10
186.5096073597984
 20
81.03504516100807
 10
186.5042775693131
 20
81.00276309611003
 10
186.5010705383807
 20
80.97020156461507
 10
186.5
 20
80.9375
 10
186.5
 20
67.9375
 10
186.5010705383807
 20
67.90479843538493
 10
186.5042775693131
 20
67.87223690388997
 10
186.5096073597984
 20
67.83995483899193
 10
186.51703708685545
 20
67.80809047744874
 10
186.52653493525244
 20
67.77678026734841
 10
186.53806023374435
 20
67.74615828381745
 10
186.55156362923367
 20
67.7163556548905
 10
186.5669872981078
 20
67.6875
 10
186.58426519384872
 20
67.6597148834902
 10
186.6033233298544
 20
67.63311928549564
 10
186.6240800962605
 20
67.60782709244997
 10
186.64644660940672
 20
67.58394660940672
 10
186.67032709244995
 20
67.56158009626051
 10
186.69561928549564
 20
67.54082332985438
 10
186.7222148834902
 20
67.52176519384872
 10
186.75
 20
67.50448729810778
 10
186.7788556548905
 20
67.48906362923366
 10
186.80865828381746
 20
67.47556023374436
  0
LWPOLYLINE
  5
73
330
17
100
AcDbEntity
  8
CUTOUTS
100
AcDbPolyline
 90
100
 70
1
 10
205.92059047744874
 20
67.45453708685547
 10
205.95245483899194
 20
67.44710735979838
 10
205.98473690389
 20
67.44177756931309
 10
206.01729843538493
 20
67.4385705383807
 10
206.05
 20
67.4375
 10
219.05
 20
67.4375
 10
219.0827015646151
 20
67.4385705383807
 10
219.11526309611003
 20
67.44177756931309
 10
219.14754516100808
 20
67.44710735979838
 10
219.17940952255128
 20
67.45453708685547
 10
219.2107197326516
 20
67.46403493525244
 10
219.24134171618255
 20
67.47556023374436
 10
219.27114434510952
 20
67.48906362923366
 10
219.3
 20
67.50448729810778
 10
219.3277851165098
 20
67.52176519384872
 10
219.35438071450437
 20
67.54082332985438
 10
219.37967290755006
 20
67.56158009626051
 10
219.4035533905933
 20
67.58394660940672
 10
219.4259199037395
 20
67.60782709244997
 10
219.44667667014562
 20
67.63311928549564
 10
219.4657348061513
 20
67.6597148834902
 10
219.48301270189222
 20
67.6875
 10
219.49843637076634
 20
67.7163556548905
 10
219.51193976625567
 20
67.74615828381745
 10
219.52346506474757
 20
67.77678026734841
 10
219.53296291314456
 20
67.80809047744874
 10
219.54039264020162
 20
67.83995483899193
 10
219.5457224306869
 20
67.87223690388997
 10
219.5489294616193
 20
67.90479843538493
 10
219.55
 20
67.9375
 10
219.55
 20
80.9375
 10
219.5489294616193
 20
80.97020156461507
 10
219.5457224306869
 20
81.00276309611003
 10
219.54039264020162
 20
81.03504516100807
 10
219.53296291314456
 20
81.06690952255126
 10
219.52346506474757
 20
81.09821973265159
 10
219.51193976625567
 20
81.12884171618255
 10
219.49843637076634
 20
81.1586443451095
 10
219.48301270189222
 20
81.1875
 10
219.4657348061513
 20
81.2152851165098
 10
219.44667667014562
 20
81.24188071450436
 10
219.4259199037395
 20
81.26717290755003
 10
219.4035533905933
 20
81.29105339059328
 10
219.37967290755006
 20
81.31341990373949
 10
219.35438071450437
 20
81.33417667014562
 10
219.3277851165098
 20
81.35323480615128
 10
219.3
 20
81.37051270189222
 10
219.27114434510952
 20
81.38593637076634
 10
219.24134171618255
 20
81.39943976625564
 10
219.2107197326516
 20
81.41096506474756
 10
219.17940952255128
 20
81.42046291314453
 10
219.14754516100808
 20
81.42789264020162
 10
219.11526309611003
 20
81.43322243068691
 10
219.0827015646151
 20
81.4364294616193
 10
219.05
 20
81.4375
 10
206.05
 20
81.4375
 10
206.01729843538493
 20
81.4364294616193
 10
205.98473690389
 20
81.43322243068691
 10
205.95245483899194
 20
81.42789264020162
 10
205.92059047744874
 20
81.42046291314453
 10
205.88928026734843
 20
81.41096506474756
 10
205.85865828381748
 20
81.39943976625564
 10
205.8288556548905
 20
81.38593637076634
 10
205.8
 20
81.37051270189222
 10
205.77221488349022
 20
81.35323480615128
 10
205.74561928549565
 20
81.33417667014562
 10
205.72032709244996
 20
81.31341990373949
 10
205.69644660940673
 20
81.29105339059328
 10
205.67408009626052
 20
81.26717290755003
 10
205.6533233298544
 20
81.24188071450436
 10
205.63426519384873
 20
81.2152851165098
 10
205.6169872981078
 20
81.1875
 10
205.60156362923368
 20
81.1586443451095
 10
205.58806023374436
 20
81.12884171618255
 10
205.57653493525245
 20
81.09821973265159
 10
205.56703708685546
 20
81.06690952255126
 10
205.5596073597984
 20
81.03504516100807
 10
205.55427756931311
 20
81.00276309611003
 10
205.5510705383807
 20
80.97020156461507
 10
205.55
 20
80.9375
 10
205.55
 20
67.9375
 10
205.5510705383807
 20
67.90479843538493
 10
205.55427756931311
 20
67.87223690388997
 10
205.5596073597984
 20
67.83995483899193
 10
205.56703708685546
 20
67.80809047744874
 10
205.57653493525245
 20
67.77678026734841
 10
205.58806023374436
 20
67.74615828381745
 10
205.60156362923368
 20
67.7163556548905
 10
205.6169872981078
 20
67.6875
 10
205.63426519384873
 20
67.6597148834902
 10
205.6533233298544
 20
67.63311928549564
 10
205.67408009626052
 20
67.60782709244997
 10
205.69644660940673
 20
67.58394660940672
 10
205.72032709244996
 20
67.56158009626051
 10
205.74561928549565
 20
67.54082332985438
 10
205.77221488349022
 20
67.52176519384872
 10
205.8
 20
67.50448729810778
 10
205.8288556548905
 20
67.48906362923366
 10
205.85865828381748
 20
67.47556023374436
 10
205.88928026734843
 20
67.46403493525244
  0
LWPOLYLINE
  5
74
330
17
100
AcDbEntity
  8
CUTOUTS
100
AcDbPolyline
 90
100
 70
1
 10
224.93928026734844
 20
67.46403493525244
 10
224.97059047744875
 20
67.45453708685547
 10
225.00245483899195
 20
67.44710735979838
 10
225.03473690389
 20
67.44177756931309
 10
225.06729843538494
 20
67.4385705383807
 10
225.10000000000002
 20
67.4375
 10
238.10000000000002
 20
67.4375
 10
238.1327015646151
 20
67.4385705383807
 10
238.16526309611004
 20
67.44177756931309
 10
238.1975451610081
 20
67.44710735979838
 10
238.2294095225513
 20
67.45453708685547
 10
238.2607197326516
 20
67.46403493525244
 10
238.29134171618256
 20
67.47556023374436
 10
238.32114434510953
 20
67.48906362923366
 10
238.35000000000002
 20
67.50448729810778
 10
238.3777851165098
 20
67.52176519384872
 10
238.40438071450438
 20
67.54082332985438
 10
238.42967290755007
 20
67.56158009626051
 10
238.4535533905933
 20
67.58394660940672
 10
238.4759199037395
 20
67.60782709244997
 10
238.49667667014563
 20
67.63311928549564
 10
238.5157348061513
 20
67.6597148834902
 10
238.53301270189223
 20
67.6875
 10
238.54843637076635
 20
67.7163556548905
 10
238.56193976625568
 20
67.74615828381745
 10
238.57346506474758
 20
67.77678026734841
 10
238.58296291314457
 20
67.80809047744874
 10
238.59039264020163
 20
67.83995483899193
 10
238.59572243068692
 20
67.87223690388997
 10
238.59892946161932
 20
67.90479843538493
 10
238.60000000000002
 20
67.9375
 10
238.60000000000002
 20
80.9375
 10
238.59892946161932
 20
80.97020156461507
 10
238.59572243068692
 20
81.00276309611003
 10
238.59039264020163
 20
81.03504516100807
 10
238.58296291314457
 20
81.06690952255126
 10
238.57346506474758
 20
81.09821973265159
 10
238.56193976625568
 20
81.12884171618255
 10
238.54843637076635
 20
81.1586443451095
 10
238.53301270189223
 20
81.1875
 10
238.5157348061513
 20
81.2152851165098
 10
238.49667667014563
 20
81.24188071450436
 10
238.4759199037395
 20
81.26717290755003
 10
238.4535533905933
 20
81.29105339059328
 10
238.42967290755007
 20
81.31341990373949
 10
238.40438071450438
 20
81.33417667014562
 10
238.3777851165098
 20
81.35323480615128
 10
238.35000000000002
 20
81.37051270189222
 10
238.32114434510953
 20
81.38593637076634
 10
238.29134171618256
 20
81.39943976625564
 10
238.2607197326516
 20
81.41096506474756
 10
238.2294095225513
 20
81.42046291314453
 10
238.1975451610081
 20
81.42789264020162
 10
238.16526309611004
 20
81.43322243068691
 10
238.1327015646151
 20
81.4364294616193
 10
238.10000000000002
 20
81.4375
 10
225.10000000000002
 20
81.4375
 10
225.06729843538494
 20
81.4364294616193
 10
225.03473690389
 20
81.43322243068691
 10
225.00245483899195
 20
81.42789264020162
 10
224.97059047744875
 20
81.42046291314453
 10
224.93928026734844
 20
81.41096506474756
 10
224.9086582838175
 20
81.39943976625564
 10
224.87885565489051
 20
81.38593637076634
 10
224.85000000000002
 20
81.37051270189222
 10
224.82221488349023
 20
81.35323480615128
 10
224.79561928549566
 20
81.33417667014562
 10
224.77032709244997
 20
81.31341990373949
 10
224.74644660940675
 20
81.29105339059328
 10
224.72408009626054
 20
81.26717290755003
 10
224.7033233298544
 20
81.24188071450436
 10
224.68426519384874
 20
81.2152851165098
 10
224.6669872981078
 20
81.1875
 10
224.6515636292337
 20
81.1586443451095
 10
224.63806023374437
 20
81.12884171618255
 10
224.62653493525247
 20
81.09821973265159
 10
224.61703708685548
 20
81.06690952255126
 10
224.60960735979842
 20
81.03504516100807
 10
224.60427756931313
 20
81.00276309611003
 10
224.60107053838072
 20
80.97020156461507
 10
224.60000000000002
 20
80.9375
 10
224.60000000000002
 20
67.9375
 10
224.60107053838072
 20
67.90479843538493
 10
224.60427756931313
 20
67.87223690388997
 10
224.60960735979842
 20
67.83995483899193
 10
224.61703708685548
 20
67.80809047744874
 10
224.62653493525247
 20
67.77678026734841
 10
224.63806023374437
 20
67.74615828381745
 10
224.6515636292337
 20
67.7163556548905
 10
224.6669872981078
 20
67.6875
 10
224.68426519384874
 20
67.6597148834902
 10
224.7033233298544
 20
67.63311928549564
 10
224.72408009626054
 20
67.60782709244997
 10
224.74644660940675
 20
67.58394660940672
 10
224.77032709244997
 20
67.56158009626051
 10
224.79561928549566
 20
67.54082332985438
 10
224.82221488349023
 20
67.52176519384872
 10
224.85000000000002
 20
67.50448729810778
 10
224.87885565489051
 20
67.48906362923366
 10
224.9086582838175
 20
67.47556023374436
  0
LWPOLYLINE
  5
75
330
17
100
AcDbEntity
  8
CUTOUTS
100
AcDbPolyline
 90
100
 70
1
 10
177.3142802673484
 20
86.51403493525245
 10
177.34559047744872
 20
86.50453708685548
 10
177.37745483899192
 20
86.49710735979839
 10
177.40973690388998
 20
86.4917775693131
 10
177.4422984353849
 20
86.48857053838071
 10
177.475
 20
86.48750000000001
 10
190.475
 20
86.48750000000001
 10
190.50770156461508
 20
86.48857053838071
 10
190.54026309611
 20
86.4917775693131
 10
190.57254516100807
 20
86.49710735979839
 10
190.60440952255126
 20
86.50453708685548
 10
190.63571973265158
 20
86.51403493525245
 10
190.66634171618253
 20
86.52556023374437
 10
190.6961443451095
 20
86.53906362923367
 10
190.725
 20
86.55448729810779
 10
190.75278511650978
 20
86.57176519384873
 10
190.77938071450436
 20
86.59082332985439
 10
190.80467290755004
 20
86.61158009626052
 10
190.82855339059327
 20
86.63394660940673
 10
190.85091990373948
 20
86.65782709244998
 10
190.8716766701456
 20
86.68311928549565
 10
190.89073480615127
 20
86.70971488349021
 10
190.9080127018922
 20
86.73750000000001
 10
190.92343637076632
 20
86.76635565489052
 10
190.93693976625565
 20
86.79615828381746
 10
190.94846506474755
 20
86.82678026734843
 10
190.95796291314454
 20
86.85809047744875
 10
190.9653926402016
 20
86.88995483899194
 10
190.9707224306869
 20
86.92223690388998
 10
190.9739294616193
 20
86.95479843538494
 10
190.975
 20
86.98750000000001
 10
190.975
 20
99.98750000000001
 10
190.9739294616193
 20
100.02020156461508
 10
190.9707224306869
 20
100.05276309611004
 10
190.9653926402016
 20
100.08504516100808
 10
190.95796291314454
 20
100.11690952255127
 10
190.94846506474755
 20
100.1482197326516
 10
190.93693976625565
 20
100.17884171618256
 10
190.92343637076632
 20
100.2086443451095
 10
190.9080127018922
 20
100.23750000000001
 10
190.89073480615127
 20
100.26528511650982
 10
190.8716766701456
 20
100.29188071450437
 10
190.85091990373948
 20
100.31717290755005
 10
190.82855339059327
 20
100.34105339059329
 10
190.80467290755004
 20
100.3634199037395
 10
190.77938071450436
 20
100.38417667014564
 10
190.75278511650978
 20
100.40323480615129
 10
190.725
 20
100.42051270189224
 10
190.6961443451095
 20
100.43593637076636
 10
190.66634171618253
 20
100.44943976625565
 10
190.63571973265158
 20
100.46096506474757
 10
190.60440952255126
 20
100.47046291314454
 10
190.57254516100807
 20
100.47789264020163
 10
190.54026309611
 20
100.48322243068692
 10
190.50770156461508
 20
100.48642946161931
 10
190.475
 20
100.48750000000001
 10
177.475
 20
100.48750000000001
 10
177.4422984353849
 20
100.48642946161931
 10
177.40973690388998
 20
100.48322243068692
 10
177.37745483899192
 20
100.47789264020163
 10
177.34559047744872
 20
100.47046291314454
 10
177.3142802673484
 20
100.46096506474757
 10
177.28365828381746
 20
100.44943976625565
 10
177.2538556548905
 20
100.43593637076636
 10
177.225
 20
100.42051270189224
 10
177.1972148834902
 20
100.40323480615129
 10
177.17061928549563
 20
100.38417667014564
 10
177.14532709244995
 20
100.3634199037395
 10
177.12144660940672
 20
100.34105339059329
 10
177.0990800962605
 20
100.31717290755005
 10
177.07832332985438
 20
100.29188071450437
 10
177.05926519384872
 20
100.26528511650982
 10
177.04198729810778
 20
100.23750000000001
 10
177.02656362923366
 20
100.2086443451095
 10
177.01306023374434
 20
100.17884171618256
 10
177.00153493525244
 20
100.1482197326516
 10
176.99203708685545
 20
100.11690952255127
 10
176.9846073597984
 20
100.08504516100808
 10
176.9792775693131
 20
100.05276309611004
 10
176.9760705383807
 20
100.02020156461508
 10
176.975
 20
99.98750000000001
 10
176.975
 20
86.98750000000001
 10
176.9760705383807
 20
86.95479843538494
 10
176.9792775693131
 20
86.92223690388998
 10
176.9846073597984
 20
86.88995483899194
 10
176.99203708685545
 20
86.85809047744875
 10
177.00153493525244
 20
86.82678026734843
 10
177.01306023374434
 20
86.79615828381746
 10
177.02656362923366
 20
86.76635565489052
 10
177.04198729810778
 20
86.73750000000001
 10
177.05926519384872
 20
86.70971488349021
 10
177.07832332985438
 20
86.68311928549565
 10
177.0990800962605
 20
86.65782709244998
 10
177.12144660940672
 20
86.63394660940673
 10
177.14532709244995
 20
86.61158009626052
 10
177.17061928549563
 20
86.59082332985439
 10
177.1972148834902
 20
86.57176519384873
 10
177.225
 20
86.55448729810779
 10
177.2538556548905
 20
86.53906362923367
 10
177.28365828381746
 20
86.52556023374437
  0
LWPOLYLINE
  5
76
330
17
100
AcDbEntity
  8
CUTOUTS
100
AcDbPolyline
 90
100
 70
1
 10
196.39559047744874
 20
86.50453708685548
 10
196.42745483899193
 20
86.49710735979839
 10
196.45973690389
 20
86.4917775693131
 10
196.49229843538492
 20
86.48857053838071
 10
196.525
 20
86.48750000000001
 10
209.525
 20
86.48750000000001
 10
209.5577015646151
 20
86.48857053838071
 10
209.59026309611002
 20
86.4917775693131
 10
209.62254516100808
 20
86.49710735979839
 10
209.65440952255128
 20
86.50453708685548
 10
209.6857197326516
 20
86.51403493525245
 10
209.71634171618254
 20
86.52556023374437
 10
209.7461443451095
 20
86.53906362923367
 10
209.775
 20
86.55448729810779
 10
209.8027851165098
 20
86.57176519384873
 10
209.82938071450437
 20
86.59082332985439
 10
209.85467290755005
 20
86.61158009626052
 10
209.87855339059328
 20
86.63394660940673
 10
209.9009199037395
 20
86.65782709244998
 10
209.92167667014562
 20
86.68311928549565
 10
209.94073480615128
 20
86.70971488349021
 10
209.95801270189222
 20
86.73750000000001
 10
209.97343637076634
 20
86.76635565489052
 10
209.98693976625566
 20
86.79615828381746
 10
209.99846506474756
 20
86.82678026734843
 10
210.00796291314455
 20
86.85809047744875
 10
210.0153926402016
 20
86.88995483899194
 10
210.0207224306869
 20
86.92223690388998
 10
210.0239294616193
 20
86.95479843538494
 10
210.025
 20
86.98750000000001
 10
210.025
 20
99.98750000000001
 10
210.0239294616193
 20
100.02020156461508
 10
210.0207224306869
 20
100.05276309611004
 10
210.0153926402016
 20
100.08504516100808
 10
210.00796291314455
 20
100.11690952255127
 10
209.99846506474756
 20
100.1482197326516
 10
209.98693976625566
 20
100.17884171618256
 10
209.97343637076634
 20
100.2086443451095
 10
209.95801270189222
 20
100.23750000000001
 10
209.94073480615128
 20
100.26528511650982
 10
209.92167667014562
 20
100.29188071450437
 10
209.9009199037395
 20
100.31717290755005
 10
209.87855339059328
 20
100.34105339059329
 10
209.85467290755005
 20
100.3634199037395
 10
209.82938071450437
 20
100.38417667014564
 10
209.8027851165098
 20
100.40323480615129
 10
209.775
 20
100.42051270189224
 10
209.7461443451095
 20
100.43593637076636
 10
209.71634171618254
 20
100.44943976625565
 10
209.6857197326516
 20
100.46096506474757
 10
209.65440952255128
 20
100.47046291314454
 10
209.62254516100808
 20
100.47789264020163
 10
209.59026309611002
 20
100.48322243068692
 10
209.5577015646151
 20
100.48642946161931
 10
209.525
 20
100.48750000000001
 10
196.525
 20
100.48750000000001
 10
196.49229843538492
 20
100.48642946161931
 10
196.45973690389
 20
100.48322243068692
 10
196.42745483899193
 20
100.47789264020163
 10
196.39559047744874
 20
100.47046291314454
 10
196.36428026734842
 20
100.46096506474757
 10
196.33365828381747
 20
100.44943976625565
 10
196.3038556548905
 20
100.43593637076636
 10
196.275
 20
100.42051270189224
 10
196.24721488349022
 20
100.40323480615129
 10
196.22061928549564
 20
100.38417667014564
 10
196.19532709244996
 20
100.3634199037395
 10
196.17144660940673
 20
100.34105339059329
 10
196.14908009626052
 20
100.31717290755005
 10
196.1283233298544
 20
100.29188071450437
 10
196.10926519384873
 20
100.26528511650982
 10
196.0919872981078
 20
100.23750000000001
 10
196.07656362923368
 20
100.2086443451095
 10
196.06306023374435
 20
100.17884171618256
 10
196.05153493525245
 20
100.1482197326516
 10
196.04203708685546
 20
100.11690952255127
 10
196.0346073597984
 20
100.08504516100808
 10
196.0292775693131
 20
100.05276309611004
 10
196.0260705383807
 20
100.02020156461508
 10
196.025
 20
99.98750000000001
 10
196.025
 20
86.98750000000001
 10
196.0260705383807
 20
86.95479843538494
 10
196.0292775693131
 20
86.92223690388998
 10
196.0346073597984
 20
86.88995483899194
 10
196.04203708685546
 20
86.85809047744875
 10
196.05153493525245
 20
86.82678026734843
 10
196.06306023374435
 20
86.79615828381746
 10
196.07656362923368
 20
86.76635565489052
 10
196.0919872981078
 20
86.73750000000001
 10
196.10926519384873
 20
86.70971488349021
 10
196.1283233298544
 20
86.68311928549565
 10
196.14908009626052
 20
86.65782709244998
 10
196.17144660940673
 20
86.63394660940673
 10
196.19532709244996
 20
86.61158009626052
 10
196.22061928549564
 20
86.59082332985439
 10
196.24721488349022
 20
86.57176519384873
 10
196.275
 20
86.55448729810779
 10
196.3038556548905
 20
86.53906362923367
 10
196.33365828381747
 20
86.52556023374437
 10
196.36428026734842
 20
86.51403493525245
  0
LWPOLYLINE
  5
77
330
17
100
AcDbEntity
  8
CUTOUTS
100
AcDbPolyline
 90
100
 70
1
 10
215.41428026734843
 20
86.51403493525245
 10
215.44559047744875
 20
86.50453708685548
 10
215.47745483899195
 20
86.49710735979839
 10
215.50973690389
 20
86.4917775693131
 10
215.54229843538494
 20
86.48857053838071
 10
215.57500000000002
 20
86.48750000000001
 10
228.57500000000002
 20
86.48750000000001
 10
228.6077015646151
 20
86.48857053838071
 10
228.64026309611003
 20
86.4917775693131
 10
228.6725451610081
 20
86.49710735979839
 10
228.7044095225513
 20
86.50453708685548
 10
228.7357197326516
 20
86.51403493525245
 10
228.76634171618255
 20
86.52556023374437
 10
228.79614434510952
 20
86.53906362923367
 10
228.82500000000002
 20
86.55448729810779
 10
228.8527851165098
 20
86.57176519384873
 10
228.87938071450438
 20
86.59082332985439
 10
228.90467290755007
 20
86.61158009626052
 10
228.9285533905933
 20
86.63394660940673
 10
228.9509199037395
 20
86.65782709244998
 10
228.97167667014563
 20
86.68311928549565
 10
228.9907348061513
 20
86.70971488349021
 10
229.00801270189223
 20
86.73750000000001
 10
229.02343637076635
 20
86.76635565489052
 10
229.03693976625567
 20
86.79615828381746
 10
229.04846506474757
 20
86.82678026734843
 10
229.05796291314456
 20
86.85809047744875
 10
229.06539264020162
 20
86.88995483899194
 10
229.0707224306869
 20
86.92223690388998
 10
229.07392946161931
 20
86.95479843538494
 10
229.07500000000002
 20
86.98750000000001
 10
229.07500000000002
 20
99.98750000000001
 10
229.07392946161931
 20
100.02020156461508
 10
229.0707224306869
 20
100.05276309611004
 10
229.06539264020162
 20
100.08504516100808
 10
229.05796291314456
 20
100.11690952255127
 10
229.04846506474757
 20
100.1482197326516
 10
229.03693976625567
 20
100.17884171618256
 10
229.02343637076635
 20
100.2086443451095
 10
229.00801270189223
 20
100.23750000000001
 10
228.9907348061513
 20
100.26528511650982
 10
228.97167667014563
 20
100.29188071450437
 10
228.9509199037395
 20
100.31717290755005
 10
228.9285533905933
 20
100.34105339059329
 10
228.90467290755007
 20
100.3634199037395
 10
228.87938071450438
 20
100.38417667014564
 10
228.8527851165098
 20
100.40323480615129
 10
228.82500000000002
 20
100.42051270189224
 10
228.79614434510952
 20
100.43593637076636
 10
228.76634171618255
 20
100.44943976625565
 10
228.7357197326516
 20
100.46096506474757
 10
228.7044095225513
 20
100.47046291314454
 10
228.6725451610081
 20
100.47789264020163
 10
228.64026309611003
 20
100.48322243068692
 10
228.6077015646151
 20
100.48642946161931
 10
228.57500000000002
 20
100.48750000000001
 10
215.57500000000002
 20
100.48750000000001
 10
215.54229843538494
 20
100.48642946161931
 10
215.50973690389
 20
100.48322243068692
 10
215.47745483899195
 20
100.47789264020163
 10
215.44559047744875
 20
100.47046291314454
 10
215.41428026734843
 20
100.46096506474757
 10
215.38365828381748
 20
100.44943976625565
 10
215.3538556548905
 20
100.43593637076636
 10
215.32500000000002
 20
100.42051270189224
 10
215.29721488349023
 20
100.40323480615129
 10
215.27061928549566
 20
100.38417667014564
 10
215.24532709244997
 20
100.3634199037395
 10
215.22144660940674
 20
100.34105339059329
 10
215.19908009626053
 20
100.31717290755005
 10
215.1783233298544
 20
100.29188071450437
 10
215.15926519384874
 20
100.26528511650982
 10
215.1419872981078
 20
100.23750000000001
 10
215.1265636292337
 20
100.2086443451095
 10
215.11306023374436
 20
100.17884171618256
 10
215.10153493525246
 20
100.1482197326516
 10
215.09203708685547
 20
100.11690952255127
 10
215.0846073597984
 20
100.08504516100808
 10
215.07927756931312
 20
100.05276309611004
 10
215.07607053838072
 20
100.02020156461508
 10
215.07500000000002
 20
99.98750000000001
 10
215.07500000000002
 20
86.98750000000001
 10
215.07607053838072
 20
86.95479843538494
 10
215.07927756931312
 20
86.92223690388998
 10
215.0846073597984
 20
86.88995483899194
 10
215.09203708685547
 20
86.85809047744875
 10
215.10153493525246
 20
86.82678026734843
 10
215.11306023374436
 20
86.79615828381746
 10
215.1265636292337
 20
86.76635565489052
 10
215.1419872981078
 20
86.73750000000001
 10
215.15926519384874
 20
86.70971488349021
 10
215.1783233298544
 20
86.68311928549565
 10
215.19908009626053
 20
86.65782709244998
 10
215.22144660940674
 20
86.63394660940673
 10
215.24532709244997
 20
86.61158009626052
 10
215.27061928549566
 20
86.59082332985439
 10
215.29721488349023
 20
86.57176519384873
 10
215.32500000000002
 20
86.55448729810779
 10
215.3538556548905
 20
86.53906362923367
 10
215.38365828381748
 20
86.52556023374437
  0
LWPOLYLINE
  5
78
330
17
100
AcDbEntity
  8
CUTOUTS
100
AcDbPolyline
 90
100
 70
1
 10
234.4642802673484
 20
86.51403493525245
 10
234.49559047744873
 20
86.50453708685548
 10
234.52745483899193
 20
86.49710735979839
 10
234.55973690388998
 20
86.4917775693131
 10
234.59229843538492
 20
86.48857053838071
 10
234.625
 20
86.48750000000001
 10
247.625
 20
86.48750000000001
 10
247.65770156461508
 20
86.48857053838071
 10
247.69026309611002
 20
86.4917775693131
 10
247.72254516100807
 20
86.49710735979839
 10
247.75440952255127
 20
86.50453708685548
 10
247.7857197326516
 20
86.51403493525245
 10
247.81634171618254
 20
86.52556023374437
 10
247.8461443451095
 20
86.53906362923367
 10
247.875
 20
86.55448729810779
 10
247.9027851165098
 20
86.57176519384873
 10
247.92938071450436
 20
86.59082332985439
 10
247.95467290755005
 20
86.61158009626052
 10
247.97855339059328
 20
86.63394660940673
 10
248.0009199037395
 20
86.65782709244998
 10
248.0216766701456
 20
86.68311928549565
 10
248.04073480615128
 20
86.70971488349021
 10
248.0580127018922
 20
86.73750000000001
 10
248.07343637076633
 20
86.76635565489052
 10
248.08693976625565
 20
86.79615828381746
 10
248.09846506474756
 20
86.82678026734843
 10
248.10796291314455
 20
86.85809047744875
 10
248.1153926402016
 20
86.88995483899194
 10
248.1207224306869
 20
86.92223690388998
 10
248.1239294616193
 20
86.95479843538494
 10
248.125
 20
86.98750000000001
 10
248.125
 20
99.98750000000001
 10
248.1239294616193
 20
100.02020156461508
 10
248.1207224306869
 20
100.05276309611004
 10
248.1153926402016
 20
100.08504516100808
 10
248.10796291314455
 20
100.11690952255127
 10
248.09846506474756
 20
100.1482197326516
 10
248.08693976625565
 20
100.17884171618256
 10
248.07343637076633
 20
100.2086443451095
 10
248.0580127018922
 20
100.23750000000001
 10
248.04073480615128
 20
100.26528511650982
 10
248.0216766701456
 20
100.29188071450437
 10
248.0009199037395
 20
100.31717290755005
 10
247.97855339059328
 20
100.34105339059329
 10
247.95467290755005
 20
100.3634199037395
 10
247.92938071450436
 20
100.38417667014564
 10
247.9027851165098
 20
100.40323480615129
 10
247.875
 20
100.42051270189224
 10
247.8461443451095
 20
100.43593637076636
 10
247.81634171618254
 20
100.44943976625565
 10
247.7857197326516
 20
100.46096506474757
 10
247.75440952255127
 20
100.47046291314454
 10
247.72254516100807
 20
100.47789264020163
 10
247.69026309611002
 20
100.48322243068692
 10
247.65770156461508
 20
100.48642946161931
 10
247.625
 20
100.48750000000001
 10
234.625
 20
100.48750000000001
 10
234.59229843538492
 20
100.48642946161931
 10
234.55973690388998
 20
100.48322243068692
 10
234.52745483899193
 20
100.47789264020163
 10
234.49559047744873
 20
100.47046291314454
 10
234.4642802673484
 20
100.46096506474757
 10
234.43365828381746
 20
100.44943976625565
 10
234.4038556548905
 20
100.43593637076636
 10
234.375
 20
100.42051270189224
 10
234.3472148834902
 20
100.40323480615129
 10
234.32061928549564
 20
100.38417667014564
 10
234.29532709244995
 20
100.3634199037395
 10
234.27144660940672
 20
100.34105339059329
 10
234.2490800962605
 20
100.31717290755005
 10
234.2283233298544
 20
100.29188071450437
 10
234.20926519384872
 20
100.26528511650982
 10
234.1919872981078
 20
100.23750000000001
 10
234.17656362923367
 20
100.2086443451095
 10
234.16306023374435
 20
100.17884171618256
 10
234.15153493525244
 20
100.1482197326516
 10
234.14203708685545
 20
100.11690952255127
 10
234.1346073597984
 20
100.08504516100808
 10
234.1292775693131
 20
100.05276309611004
 10
234.1260705383807
 20
100.02020156461508
 10
234.125
 20
99.98750000000001
 10
234.125
 20
86.98750000000001
 10
234.1260705383807
 20
86.95479843538494
 10
234.1292775693131
 20
86.92223690388998
 10
234.1346073597984
 20
86.88995483899194
 10
234.14203708685545
 20
86.85809047744875
 10
234.15153493525244
 20
86.82678026734843
 10
234.16306023374435
 20
86.79615828381746
 10
234.17656362923367
 20
86.76635565489052
 10
234.1919872981078
 20
86.73750000000001
 10
234.20926519384872
 20
86.70971488349021
 10
234.2283233298544
 20
86.68311928549565
 10
234.2490800962605
 20
86.65782709244998
 10
234.27144660940672
 20
86.63394660940673
 10
234.29532709244995
 20
86.61158009626052
 10
234.32061928549564
 20
86.59082332985439
 10
234.3472148834902
 20
86.57176519384873
 10
234.375
 20
86.55448729810779
 10
234.4038556548905
 20
86.53906362923367
 10
234.43365828381746
 20
86.52556023374437
  0
LWPOLYLINE
  5
79
330
17
100
AcDbEntity
  8
CUTOUTS
100
AcDbPolyline
 90
100
 70
1
 10
163.05809047744873
 20
115.07953708685547
 10
163.08995483899193
 20
115.07210735979838
 10
163.12223690388998
 20
115.06677756931309
 10
163.15479843538492
 20
115.0635705383807
 10
163.1875
 20
115.0625
 10
176.1875
 20
115.0625
 10
176.22020156461508
 20
115.0635705383807
 10
176.25276309611002
 20
115.06677756931309
 10
176.28504516100807
 20
115.07210735979838
 10
176.31690952255127
 20
115.07953708685547
 10
176.3482197326516
 20
115.08903493525244
 10
176.37884171618254
 20
115.10056023374436
 10
176.4086443451095
 20
115.11406362923366
 10
176.4375
 20
115.12948729810778
 10
176.4652851165098
 20
115.14676519384872
 10
176.49188071450436
 20
115.16582332985438
 10
176.51717290755005
 20
115.18658009626051
 10
176.54105339059328
 20
115.20894660940672
 10
176.5634199037395
 20
115.23282709244997
 10
176.5841766701456
 20
115.25811928549564
 10
176.60323480615128
 20
115.2847148834902
 10
176.6205127018922
 20
115.3125
 10
176.63593637076633
 20
115.3413556548905
 10
176.64943976625565
 20
115.37115828381745
 10
176.66096506474756
 20
115.40178026734841
 10
176.67046291314455
 20
115.43309047744874
 10
176.6778926402016
 20
115.46495483899193
 10
176.6832224306869
 20
115.49723690388997
 10
176.6864294616193
 20
115.52979843538493
 10
176.6875
 20
115.5625
 10
176.6875
 20
128.5625
 10
176.6864294616193
 20
128.59520156461508
 10
176.6832224306869
 20
128.62776309611002
 10
176.6778926402016
 20
128.66004516100807
 10
176.67046291314455
 20
128.69190952255127
 10
176.66096506474756
 20
128.7232197326516
 10
176.64943976625565
 20
128.75384171618254
 10
176.63593637076633
 20
128.7836443451095
 10
176.6205127018922
 20
128.8125
 10
176.60323480615128
 20
128.8402851165098
 10
176.5841766701456
 20
128.86688071450436
 10
176.5634199037395
 20
128.89217290755005
 10
176.54105339059328
 20
128.91605339059328
 10
176.51717290755005
 20
128.9384199037395
 10
176.49188071450436
 20
128.9591766701456
 10
176.4652851165098
 20
128.97823480615128
 10
176.4375
 20
128.9955127018922
 10
176.4086443451095
 20
129.01093637076633
 10
176.37884171618254
 20
129.02443976625565
 10
176.3482197326516
 20
129.03596506474756
 10
176.31690952255127
 20
129.04546291314455
 10
176.28504516100807
 20
129.0528926402016
 10
176.25276309611002
 20
129.0582224306869
 10
176.22020156461508
 20
129.0614294616193
 10
176.1875
 20
129.0625
 10
163.1875
 20
129.0625
 10
163.15479843538492
 20
129.0614294616193
 10
163.12223690388998
 20
129.0582224306869
 10
163.08995483899193
 20
129.0528926402016
 10
163.05809047744873
 20
129.04546291314455
 10
163.0267802673484
 20
129.03596506474756
 10
162.99615828381746
 20
129.02443976625565
 10
162.9663556548905
 20
129.01093637076633
 10
162.9375
 20
128.9955127018922
 10
162.9097148834902
 20
128.97823480615128
 10
162.88311928549564
 20
128.9591766701456
 10
162.85782709244995
 20
128.9384199037395
 10
162.83394660940672
 20
128.91605339059328
 10
162.8115800962605
 20
128.89217290755005
 10
162.7908233298544
 20
128.86688071450436
 10
162.77176519384872
 20
128.8402851165098
 10
162.7544872981078
 20
128.8125
 10
162.73906362923367
 20
128.7836443451095
 10
162.72556023374435
 20
128.75384171618254
 10
162.71403493525244
 20
128.7232197326516
 10
162.70453708685545
 20
128.69190952255127
 10
162.6971073597984
 20
128.66004516100807
 10
162.6917775693131
 20
128.62776309611002
 10
162.6885705383807
 20
128.59520156461508
 10
162.6875
 20
128.5625
 10
162.6875
 20
115.5625
 10
162.6885705383807
 20
115.52979843538493
 10
162.6917775693131
 20
115.49723690388997
 10
162.6971073597984
 20
115.46495483899193
 10
162.70453708685545
 20
115.43309047744874
 10
162.71403493525244
 20
115.40178026734841
 10
162.72556023374435
 20
115.37115828381745
 10
162.73906362923367
 20
115.3413556548905
 10
162.7544872981078
 20
115.3125
 10
162.77176519384872
 20
115.2847148834902
 10
162.7908233298544
 20
115.25811928549564
 10
162.8115800962605
 20
115.23282709244997
 10
162.83394660940672
 20
115.20894660940672
 10
162.85782709244995
 20
115.18658009626051
 10
162.88311928549564
 20
115.16582332985438
 10
162.9097148834902
 20
115.14676519384872
 10
162.9375
 20
115.12948729810778
 10
162.9663556548905
 20
115.11406362923366
 10
162.99615828381746
 20
115.10056023374436
 10
163.0267802673484
 20
115.08903493525244
  0
LWPOLYLINE
  5
7A
330
17
100
AcDbEntity
  8
CUTOUTS
100
AcDbPolyline
 90
100
 70
1
 10
182.07678026734843
 20
115.08903493525244
 10
182.10809047744874
 20
115.07953708685547
 10
182.13995483899194
 20
115.07210735979838
 10
182.17223690389
 20
115.06677756931309
 10
182.20479843538493
 20
115.0635705383807
 10
182.2375
 20
115.0625
 10
195.2375
 20
115.0625
 10
195.2702015646151
 20
115.0635705383807
 10
195.30276309611003
 20
115.06677756931309
 10
195.33504516100808
 20
115.07210735979838
 10
195.36690952255128
 20
115.07953708685547
 10
195.3982197326516
 20
115.08903493525244
 10
195.42884171618255
 20
115.10056023374436
 10
195.45864434510952
 20
115.11406362923366
 10
195.4875
 20
115.12948729810778
 10
195.5152851165098
 20
115.14676519384872
 10
195.54188071450437
 20
115.16582332985438
 10
195.56717290755006
 20
115.18658009626051
 10
195.5910533905933
 20
115.20894660940672
 10
195.6134199037395
 20
115.23282709244997
 10
195.63417667014562
 20
115.25811928549564
 10
195.6532348061513
 20
115.2847148834902
 10
195.67051270189222
 20
115.3125
 10
195.68593637076634
 20
115.3413556548905
 10
195.69943976625567
 20
115.37115828381745
 10
195.71096506474757
 20
115.40178026734841
 10
195.72046291314456
 20
115.43309047744874
 10
195.72789264020162
 20
115.46495483899193
 10
195.7332224306869
 20
115.49723690388997
 10
195.7364294616193
 20
115.52979843538493
 10
195.7375
 20
115.5625
 10
195.7375
 20
128.5625
 10
195.7364294616193
 20
128.59520156461508
 10
195.7332224306869
 20
128.62776309611002
 10
195.72789264020162
 20
128.66004516100807
 10
195.72046291314456
 20
128.69190952255127
 10
195.71096506474757
 20
128.7232197326516
 10
195.69943976625567
 20
128.75384171618254
 10
195.68593637076634
 20
128.7836443451095
 10
195.67051270189222
 20
128.8125
 10
195.6532348061513
 20
128.8402851165098
 10
195.63417667014562
 20
128.86688071450436
 10
195.6134199037395
 20
128.89217290755005
 10
195.5910533905933
 20
128.91605339059328
 10
195.56717290755006
 20
128.9384199037395
 10
195.54188071450437
 20
128.9591766701456
 10
195.5152851165098
 20
128.97823480615128
 10
195.4875
 20
128.9955127018922
 10
195.45864434510952
 20
129.01093637076633
 10
195.42884171618255
 20
129.02443976625565
 10
195.3982197326516
 20
129.03596506474756
 10
195.36690952255128
 20
129.04546291314455
 10
195.33504516100808
 20
129.0528926402016
 10
195.30276309611003
 20
129.0582224306869
 10
195.2702015646151
 20
129.0614294616193
 10
195.2375
 20
129.0625
 10
182.2375
 20
129.0625
 10
182.20479843538493
 20
129.0614294616193
 10
182.17223690389
 20
129.0582224306869
 10
182.13995483899194
 20
129.0528926402016
 10
182.10809047744874
 20
129.04546291314455
 10
182.07678026734843
 20
129.03596506474756
 10
182.04615828381748
 20
129.02443976625565
 10
182.0163556548905
 20
129.01093637076633
 10
181.9875
 20
128.9955127018922
 10
181.95971488349022
 20
128.97823480615128
 10
181.93311928549565
 20
128.9591766701456
 10
181.90782709244996
 20
128.9384199037395
 10
181.88394660940673
 20
128.91605339059328
 10
181.86158009626052
 20
128.89217290755005
 10
181.8408233298544
 20
128.86688071450436
 10
181.82176519384873
 20
128.8402851165098
 10
181.8044872981078
 20
128.8125
 10
181.78906362923368
 20
128.7836443451095
 10
181.77556023374436
 20
128.75384171618254
 10
181.76403493525245
 20
128.7232197326516
 10
181.75453708685546
 20
128.69190952255127
 10
181.7471073597984
 20
128.66004516100807
 10
181.74177756931311
 20
128.62776309611002
 10
181.7385705383807
 20
128.59520156461508
 10
181.7375
 20
128.5625
 10
181.7375
 20
115.5625
 10
181.7385705383807
 20
115.52979843538493
 10
181.74177756931311
 20
115.49723690388997
 10
181.7471073597984
 20
115.46495483899193
 10
181.75453708685546
 20
115.43309047744874
 10
181.76403493525245
 20
115.40178026734841
 10
181.77556023374436
 20
115.37115828381745
 10
181.78906362923368
 20
115.3413556548905
 10
181.8044872981078
 20
115.3125
 10
181.82176519384873
 20
115.2847148834902
 10
181.8408233298544
 20
115.25811928549564
 10
181.86158009626052
 20
115.23282709244997
 10
181.88394660940673
 20
115.20894660940672
 10
181.90782709244996
 20
115.18658009626051
 10
181.93311928549565
 20
115.16582332985438
 10
181.95971488349022
 20
115.14676519384872
 10
181.9875
 20
115.12948729810778
 10
182.0163556548905
 20
115.11406362923366
 10
182.04615828381748
 20
115.10056023374436
  0
LWPOLYLINE
  5
7B
330
17
100
AcDbEntity
  8
CUTOUTS
100
AcDbPolyline
 90
100
 70
1
 10
205.88928026734843
 20
115.08903493525244
 10
205.92059047744874
 20
115.07953708685547
 10
205.95245483899194
 20
115.07210735979838
 10
205.98473690389
 20
115.06677756931309
 10
206.01729843538493
 20
115.0635705383807
 10
206.05
 20
115.0625
 10
219.05
 20
115.0625
 10
219.0827015646151
 20
115.0635705383807
 10
219.11526309611003
 20
115.06677756931309
 10
219.14754516100808
 20
115.07210735979838
 10
219.17940952255128
 20
115.07953708685547
 10
219.2107197326516
 20
115.08903493525244
 10
219.24134171618255
 20
115.10056023374436
 10
219.27114434510952
 20
115.11406362923366
 10
219.3
 20
115.12948729810778
 10
219.3277851165098
 20
115.14676519384872
 10
219.35438071450437
 20
115.16582332985438
 10
219.37967290755006
 20
115.18658009626051
 10
219.4035533905933
 20
115.20894660940672
 10
219.4259199037395
 20
115.23282709244997
 10
219.44667667014562
 20
115.25811928549564
 10
219.4657348061513
 20
115.2847148834902
 10
219.48301270189222
 20
115.3125
 10
219.49843637076634
 20
115.3413556548905
 10
219.51193976625567
 20
115.37115828381745
 10
219.52346506474757
 20
115.40178026734841
 10
219.53296291314456
 20
115.43309047744874
 10
219.54039264020162
 20
115.46495483899193
 10
219.5457224306869
 20
115.49723690388997
 10
219.5489294616193
 20
115.52979843538493
 10
219.55
 20
115.5625
 10
219.55
 20
128.5625
 10
219.5489294616193
 20
128.59520156461508
 10
219.5457224306869
 20
128.62776309611002
 10
219.54039264020162
 20
128.66004516100807
 10
219.53296291314456
 20
128.69190952255127
 10
219.52346506474757
 20
128.7232197326516
 10
219.51193976625567
 20
128.75384171618254
 10
219.49843637076634
 20
128.7836443451095
 10
219.48301270189222
 20
128.8125
 10
219.4657348061513
 20
128.8402851165098
 10
219.44667667014562
 20
128.86688071450436
 10
219.4259199037395
 20
128.89217290755005
 10
219.4035533905933
 20
128.91605339059328
 10
219.37967290755006
 20
128.9384199037395
 10
219.35438071450437
 20
128.9591766701456
 10
219.3277851165098
 20
128.97823480615128
 10
219.3
 20
128.9955127018922
 10
219.27114434510952
 20
129.01093637076633
 10
219.24134171618255
 20
129.02443976625565
 10
219.2107197326516
 20
129.03596506474756
 10
219.17940952255128
 20
129.04546291314455
 10
219.14754516100808
 20
129.0528926402016
 10
219.11526309611003
 20
129.0582224306869
 10
219.0827015646151
 20
129.0614294616193
 10
219.05
 20
129.0625
 10
206.05
 20
129.0625
 10
206.01729843538493
 20
129.0614294616193
 10
205.98473690389
 20
129.0582224306869
 10
205.95245483899194
 20
129.0528926402016
 10
205.92059047744874
 20
129.04546291314455
 10
205.88928026734843
 20
129.03596506474756
 10
205.85865828381748
 20
129.02443976625565
 10
205.8288556548905
 20
129.01093637076633
 10
205.8
 20
128.9955127018922
 10
205.77221488349022
 20
128.97823480615128
 10
205.74561928549565
 20
128.9591766701456
 10
205.72032709244996
 20
128.9384199037395
 10
205.69644660940673
 20
128.91605339059328
 10
205.67408009626052
 20
128.89217290755005
 10
205.6533233298544
 20
128.86688071450436
 10
205.63426519384873
 20
128.8402851165098
 10
205.6169872981078
 20
128.8125
 10
205.60156362923368
 20
128.7836443451095
 10
205.58806023374436
 20
128.75384171618254
 10
205.57653493525245
 20
128.7232197326516
 10
205.56703708685546
 20
128.69190952255127
 10
205.5596073597984
 20
128.66004516100807
 10
205.55427756931311
 20
128.62776309611002
 10
205.5510705383807
 20
128.59520156461508
 10
205.55
 20
128.5625
 10
205.55
 20
115.5625
 10
205.5510705383807
 20
115.52979843538493
 10
205.55427756931311
 20
115.49723690388997
 10
205.5596073597984
 20
115.46495483899193
 10
205.56703708685546
 20
115.43309047744874
 10
205.57653493525245
 20
115.40178026734841
 10
205.58806023374436
 20
115.37115828381745
 10
205.60156362923368
 20
115.3413556548905
 10
205.6169872981078
 20
115.3125
 10
205.63426519384873
 20
115.2847148834902
 10
205.6533233298544
 20
115.25811928549564
 10
205.67408009626052
 20
115.23282709244997
 10
205.69644660940673
 20
115.20894660940672
 10
205.72032709244996
 20
115.18658009626051
 10
205.74561928549565
 20
115.16582332985438
 10
205.77221488349022
 20
115.14676519384872
 10
205.8
 20
115.12948729810778
 10
205.8288556548905
 20
115.11406362923366
 10
205.85865828381748
 20
115.10056023374436
  0
LWPOLYLINE
  5
7C
330
17
100
AcDbEntity
  8
CUTOUTS
100
AcDbPolyline
 90
100
 70
1
 10
224.97059047744875
 20
115.07953708685547
 10
225.00245483899195
 20
115.07210735979838
 10
225.03473690389
 20
115.06677756931309
 10
225.06729843538494
 20
115.0635705383807
 10
225.10000000000002
 20
115.0625
 10
238.10000000000002
 20
115.0625
 10
238.1327015646151
 20
115.0635705383807
 10
238.16526309611004
 20
115.06677756931309
 10
238.1975451610081
 20
115.07210735979838
 10
238.2294095225513
 20
115.07953708685547
 10
238.2607197326516
 20
115.08903493525244
 10
238.29134171618256
 20
115.10056023374436
 10
238.32114434510953
 20
115.11406362923366
 10
238.35000000000002
 20
115.12948729810778
 10
238.3777851165098
 20
115.14676519384872
 10
238.40438071450438
 20
115.16582332985438
 10
238.42967290755007
 20
115.18658009626051
 10
238.4535533905933
 20
115.20894660940672
 10
238.4759199037395
 20
115.23282709244997
 10
238.49667667014563
 20
115.25811928549564
 10
238.5157348061513
 20
115.2847148834902
 10
238.53301270189223
 20
115.3125
 10
238.54843637076635
 20
115.3413556548905
 10
238.56193976625568
 20
115.37115828381745
 10
238.57346506474758
 20
115.40178026734841
 10
238.58296291314457
 20
115.43309047744874
 10
238.59039264020163
 20
115.46495483899193
 10
238.59572243068692
 20
115.49723690388997
 10
238.59892946161932
 20
115.52979843538493
 10
238.60000000000002
 20
115.5625
 10
238.60000000000002
 20
128.5625
 10
238.59892946161932
 20
128.59520156461508
 10
238.59572243068692
 20
128.62776309611002
 10
238.59039264020163
 20
128.66004516100807
 10
238.58296291314457
 20
128.69190952255127
 10
238.57346506474758
 20
128.7232197326516
 10
238.56193976625568
 20
128.75384171618254
 10
238.54843637076635
 20
128.7836443451095
 10
238.53301270189223
 20
128.8125
 10
238.5157348061513
 20
128.8402851165098
 10
238.49667667014563
 20
128.86688071450436
 10
238.4759199037395
 20
128.89217290755005
 10
238.4535533905933
 20
128.91605339059328
 10
238.42967290755007
 20
128.9384199037395
 10
238.40438071450438
 20
128.9591766701456
 10
238.3777851165098
 20
128.97823480615128
 10
238.35000000000002
 20
128.9955127018922
 10
238.32114434510953
 20
129.01093637076633
 10
238.29134171618256
 20
129.02443976625565
 10
238.2607197326516
 20
129.03596506474756
 10
238.2294095225513
 20
129.04546291314455
 10
238.1975451610081
 20
129.0528926402016
 10
238.16526309611004
 20
129.0582224306869
 10
238.1327015646151
 20
129.0614294616193
 10
238.10000000000002
 20
129.0625
 10
225.10000000000002
 20
129.0625
 10
225.06729843538494
 20
129.0614294616193
 10
225.03473690389
 20
129.0582224306869
 10
225.00245483899195
 20
129.0528926402016
 10
224.97059047744875
 20
129.04546291314455
 10
224.93928026734844
 20
129.03596506474756
 10
224.9086582838175
 20
129.02443976625565
 10
224.87885565489051
 20
129.01093637076633
 10
224.85000000000002
 20
128.9955127018922
 10
224.82221488349023
 20
128.97823480615128
 10
224.79561928549566
 20
128.9591766701456
 10
224.77032709244997
 20
128.9384199037395
 10
224.74644660940675
 20
128.91605339059328
 10
224.72408009626054
 20
128.89217290755005
 10
224.7033233298544
 20
128.86688071450436
 10
224.68426519384874
 20
128.8402851165098
 10
224.6669872981078
 20
128.8125
 10
224.6515636292337
 20
128.7836443451095
 10
224.63806023374437
 20
128.75384171618254
 10
224.62653493525247
 20
128.7232197326516
 10
224.61703708685548
 20
128.69190952255127
 10
224.60960735979842
 20
128.66004516100807
 10
224.60427756931313
 20
128.62776309611002
 10
224.60107053838072
 20
128.59520156461508
 10
224.60000000000002
 20
128.5625
 10
224.60000000000002
 20
115.5625
 10
224.60107053838072
 20
115.52979843538493
 10
224.60427756931313
 20
115.49723690388997
 10
224.60960735979842
 20
115.46495483899193
 10
224.61703708685548
 20
115.43309047744874
 10
224.62653493525247
 20
115.40178026734841
 10
224.63806023374437
 20
115.37115828381745
 10
224.6515636292337
 20
115.3413556548905
 10
224.6669872981078
 20
115.3125
 10
224.68426519384874
 20
115.2847148834902
 10
224.7033233298544
 20
115.25811928549564
 10
224.72408009626054
 20
115.23282709244997
 10
224.74644660940675
 20
115.20894660940672
 10
224.77032709244997
 20
115.18658009626051
 10
224.79561928549566
 20
115.16582332985438
 10
224.82221488349023
 20
115.14676519384872
 10
224.85000000000002
 20
115.12948729810778
 10
224.87885565489051
 20
115.11406362923366
 10
224.9086582838175
 20
115.10056023374436
 10
224.93928026734844
 20
115.08903493525244
  0
LWPOLYLINE
  5
7D
330
17
100
AcDbEntity
  8
FLEX
100
AcDbPolyline
 90
66
 70
1
 10
181.63959213981175
 20
132.88638176738155
 10
181.5890880420956
 20
132.91665275860902
 10
181.53586005941906
 20
132.9418277195068
 10
181.4804208063527
 20
132.96166420143933
 10
181.42330419320967
 20
132.97597116824195
 10
181.36506028419774
 20
132.98461083600333
 10
181.30625
 20
132.9875
 10
153.30625
 20
132.9875
 10
153.24743971580227
 20
132.98461083600333
 10
153.18919580679034
 20
132.97597116824195
 10
153.13207919364731
 20
132.96166420143933
 10
153.07663994058095
 20
132.9418277195068
 10
153.02341195790441
 20
132.91665275860902
 10
152.97290786018826
 20
132.88638176738155
 10
152.92561402950182
 20
132.85130627201767
 10
152.88198593128809
 20
132.81176406871194
 10
152.84244372798236
 20
132.7681359704982
 10
152.80736823261847
 20
132.72084213981177
 10
152.777097241391
 20
132.6703380420956
 10
152.75192228049323
 20
132.61711005941908
 10
152.7320857985607
 20
132.5616708063527
 10
152.71777883175807
 20
132.50455419320969
 10
152.7091391639967
 20
132.44631028419775
 10
152.70625
 20
132.38750000000002
 10
152.7091391639967
 20
132.32868971580228
 10
152.71777883175807
 20
132.27044580679035
 10
152.7320857985607
 20
132.21332919364733
 10
152.75192228049323
 20
132.15788994058096
 10
152.777097241391
 20
132.10466195790443
 10
152.80736823261847
 20
132.05415786018827
 10
152.84244372798236
 20
132.00686402950183
 10
152.88198593128809
 20
131.9632359312881
 10
152.92561402950182
 20
131.92369372798237
 10
152.97290786018826
 20
131.88861823261848
 10
153.02341195790441
 20
131.85834724139102
 10
153.07663994058095
 20
131.83317228049324
 10
153.13207919364731
 20
131.8133357985607
 10
153.18919580679034
 20
131.79902883175808
 10
153.24743971580227
 20
131.7903891639967
 10
153.30625
 20
131.78750000000002
 10
181.30625
 20
131.78750000000002
 10
181.36506028419774
 20
131.7903891639967
 10
181.42330419320967
 20
131.79902883175808
 10
181.4804208063527
 20
131.8133357985607
 10
181.53586005941906
 20
131.83317228049324
 10
181.5890880420956
 20
131.85834724139102
 10
181.63959213981175
 20
131.88861823261848
 10
181.6868859704982
 20
131.92369372798237
 10
181.73051406871193
 20
131.9632359312881
 10
181.77005627201765
 20
132.00686402950183
 10
181.80513176738154
 20
132.05415786018827
 10
181.835402758609
 20
132.10466195790443
 10
181.86057771950678
 20
132.15788994058096
 10
181.88041420143932
 20
132.21332919364733
 10
181.89472116824194
 20
132.27044580679035
 10
181.90336083600332
 20
132.32868971580228
 10
181.90625
 20
132.38750000000002
 10
181.90336083600332
 20
132.44631028419775
 10
181.89472116824194
 20
132.50455419320969
 10
181.88041420143932
 20
132.5616708063527
 10
181.86057771950678
 20
132.61711005941908
 10
181.835402758609
 20
132.6703380420956
 10
181.80513176738154
 20
132.72084213981177
 10
181.77005627201765
 20
132.7681359704982
 10
181.73051406871193
 20
132.81176406871194
 10
181.6868859704982
 20
132.85130627201767
  0
LWPOLYLINE
  5
7E
330
17
100
AcDbEntity
  8
FLEX
100
AcDbPolyline
 90
66
 70
1
 10
290.94584213981176
 20
2.6988817673815273
 10
290.8953380420956
 20
2.729152758609013
 10
290.84211005941904
 20
2.7543277195067724
 10
290.7866708063527
 20
2.7741642014393255
 10
290.7295541932097
 20
2.7884711682419385
 10
290.6713102841978
 20
2.797110836003318
 10
290.6125
 20
2.8000000000000003
 10
262.6125
 20
2.8000000000000003
 10
262.55368971580225
 20
2.797110836003318
 10
262.4954458067903
 20
2.7884711682419385
 10
262.43832919364735
 20
2.7741642014393255
 10
262.382889940581
 20
2.7543277195067724
 10
262.3296619579044
 20
2.729152758609013
 10
262.27915786018826
 20
2.6988817673815273
 10
262.2318640295018
 20
2.6638062720176423
 10
262.1882359312881
 20
2.6242640687119287
 10
262.1486937279824
 20
2.5806359704981876
 10
262.1136182326185
 20
2.5333421398117615
 10
262.083347241391
 20
2.4828380420955987
 10
262.05817228049324
 20
2.429610059419054
 10
262.0383357985607
 20
2.3741708063526774
 10
262.0240288317581
 20
2.3170541932096773
 10
262.0153891639967
 20
2.258810284197737
 10
262.0125
 20
2.2
 10
262.0153891639967
 20
2.141189715802264
 10
262.0240288317581
 20
2.082945806790323
 10
262.0383357985607
 20
2.025829193647323
 10
262.05817228049324
 20
1.9703899405809464
 10
262.083347241391
 20
1.9171619579044017
 10
262.1136182326185
 20
1.866657860188239
 10
262.1486937279824
 20
1.819364029501813
 10
262.1882359312881
 20
1.7757359312880716
 10
262.2318640295018
 20
1.7361937279823583
 10
262.27915786018826
 20
1.701118232618473
 10
262.3296619579044
 20
1.6708472413909874
 10
262.382889940581
 20
1.6456722804932284
 10
262.43832919364735
 20
1.6258357985606748
 10
262.4954458067903
 20
1.611528831758062
 10
262.55368971580225
 20
1.602889163996682
 10
262.6125
 20
1.6
 10
290.6125
 20
1.6
 10
290.6713102841978
 20
1.6028891639966822
 10
290.7295541932097
 20
1.6115288317580618
 10
290.7866708063527
 20
1.6258357985606748
 10
290.84211005941904
 20
1.645672280493228
 10
290.8953380420956
 20
1.6708472413909874
 10
290.94584213981176
 20
1.701118232618473
 10
290.9931359704982
 20
1.736193727982358
 10
291.03676406871193
 20
1.7757359312880716
 10
291.07630627201763
 20
1.819364029501813
 10
291.11138176738154
 20
1.866657860188239
 10
291.14165275860904
 20
1.9171619579044015
 10
291.1668277195068
 20
1.9703899405809464
 10
291.1866642014393
 20
2.025829193647323
 10
291.20097116824195
 20
2.082945806790323
 10
291.2096108360033
 20
2.141189715802264
 10
291.21250000000003
 20
2.2
 10
291.2096108360033
 20
2.2588102841977364
 10
291.20097116824195
 20
2.3170541932096773
 10
291.1866642014393
 20
2.3741708063526774
 10
291.1668277195068
 20
2.429610059419054
 10
291.14165275860904
 20
2.4828380420955987
 10
291.11138176738154
 20
2.5333421398117615
 10
291.07630627201763
 20
2.5806359704981876
 10
291.03676406871193
 20
2.6242640687119287
 10
290.9931359704982
 20
2.6638062720176423
  0
LWPOLYLINE
  5
7F
330
17
100
AcDbEntity
  8
CUTOUTS
100
AcDbPolyline
 90
100
 70
1
 10
272.59559047744875
 20
5.542037086855472
 10
272.627454838992
 20
5.5346073597983905
 10
272.65973690389
 20
5.5292775693131
 10
272.69229843538494
 20
5.526070538380704
 10
272.725
 20
5.525000000000006
 10
285.725
 20
5.525000000000006
 10
285.7577015646151
 20
5.526070538380704
 10
285.79026309611004
 20
5.5292775693131
 10
285.82254516100807
 20
5.5346073597983905
 10
285.8544095225513
 20
5.542037086855472
 10
285.8857197326516
 20
5.551534935252453
 10
285.91634171618256
 20
5.563060233744363
 10
285.94614434510953
 20
5.576563629233662
 10
285.975
 20
5.591987298107786
 10
286.0027851165098
 20
5.609265193848733
 10
286.0293807145044
 20
5.628323329854388
 10
286.05467290755007
 20
5.649080096260517
 10
286.0785533905933
 20
5.671446609406732
 10
286.1009199037395
 20
5.695327092449971
 10
286.12167667014563
 20
5.720619285495645
 10
286.1407348061513
 20
5.747214883490204
 10
286.15801270189223
 20
5.775000000000006
 10
286.17343637076635
 20
5.803855654890505
 10
286.18693976625565
 20
5.833658283817461
 10
286.19846506474755
 20
5.864280267348425
 10
286.20796291314457
 20
5.895590477448745
 10
286.2153926402016
 20
5.927454838991942
 10
286.2207224306869
 20
5.95973690388998
 10
286.2239294616193
 20
5.992298435384934
 10
286.225
 20
6.025000000000006
 10
286.225
 20
19.025000000000006
 10
286.2239294616193
 20
19.057701564615076
 10
286.2207224306869
 20
19.090263096110032
 10
286.2153926402016
 20
19.12254516100807
 10
286.20796291314457
 20
19.154409522551266
 10
286.19846506474755
 20
19.185719732651588
 10
286.18693976625565
 20
19.21634171618255
 10
286.17343637076635
 20
19.246144345109506
 10
286.15801270189223
 20
19.275000000000006
 10
286.1407348061513
 20
19.302785116509806
 10
286.12167667014563
 20
19.329380714504367
 10
286.1009199037395
 20
19.35467290755004
 10
286.0785533905933
 20
19.37855339059328
 10
286.05467290755007
 20
19.400919903739496
 10
286.0293807145044
 20
19.421676670145622
 10
286.0027851165098
 20
19.44073480615128
 10
285.975
 20
19.458012701892226
 10
285.94614434510953
 20
19.47343637076635
 10
285.91634171618256
 20
19.48693976625565
 10
285.8857197326516
 20
19.49846506474756
 10
285.8544095225513
 20
19.50796291314454
 10
285.82254516100807
 20
19.515392640201622
 10
285.79026309611004
 20
19.52072243068691
 10
285.7577015646151
 20
19.523929461619307
 10
285.725
 20
19.525000000000006
 10
272.725
 20
19.525000000000006
 10
272.69229843538494
 20
19.523929461619307
 10
272.65973690389
 20
19.52072243068691
 10
272.627454838992
 20
19.515392640201622
 10
272.59559047744875
 20
19.50796291314454
 10
272.56428026734847
 20
19.49846506474756
 10
272.5336582838175
 20
19.48693976625565
 10
272.5038556548905
 20
19.47343637076635
 10
272.475
 20
19.458012701892226
 10
272.44721488349023
 20
19.44073480615128
 10
272.42061928549566
 20
19.421676670145622
 10
272.39532709245
 20
19.400919903739496
 10
272.37144660940675
 20
19.37855339059328
 10
272.34908009626054
 20
19.35467290755004
 10
272.3283233298544
 20
19.329380714504367
 10
272.3092651938488
 20
19.302785116509806
 10
272.2919872981078
 20
19.275000000000006
 10
272.2765636292337
 20
19.246144345109506
 10
272.2630602337444
 20
19.21634171618255
 10
272.2515349352525
 20
19.185719732651588
 10
272.2420370868555
 20
19.154409522551266
 10
272.2346073597984
 20
19.12254516100807
 10
272.2292775693131
 20
19.090263096110032
 10
272.2260705383807
 20
19.057701564615076
 10
272.225
 20
19.025000000000006
 10
272.225
 20
6.025000000000006
 10
272.2260705383807
 20
5.992298435384934
 10
272.2292775693131
 20
5.95973690388998
 10
272.2346073597984
 20
5.927454838991942
 10
272.2420370868555
 20
5.895590477448745
 10
272.2515349352525
 20
5.864280267348425
 10
272.2630602337444
 20
5.833658283817461
 10
272.2765636292337
 20
5.803855654890505
 10
272.2919872981078
 20
5.775000000000006
 10
272.3092651938488
 20
5.747214883490205
 10
272.3283233298544
 20
5.720619285495645
 10
272.34908009626054
 20
5.695327092449971
 10
272.37144660940675
 20
5.671446609406732
 10
272.39532709245
 20
5.649080096260517
 10
272.42061928549566
 20
5.628323329854388
 10
272.44721488349023
 20
5.609265193848733
 10
272.475
 20
5.591987298107786
 10
272.5038556548905
 20
5.576563629233662
 10
272.5336582838175
 20
5.563060233744363
 10
272.56428026734847
 20
5.551534935252453
  0
LWPOLYLINE
  5
80
330
17
100
AcDbEntity
  8
CUTOUTS
100
AcDbPolyline
 90
100
 70
1
 10
291.6142802673485
 20
5.551534935252453
 10
291.64559047744876
 20
5.542037086855472
 10
291.677454838992
 20
5.5346073597983905
 10
291.70973690389
 20
5.5292775693131
 10
291.74229843538495
 20
5.526070538380704
 10
291.77500000000003
 20
5.525000000000006
 10
304.77500000000003
 20
5.525000000000006
 10
304.8077015646151
 20
5.526070538380704
 10
304.84026309611005
 20
5.5292775693131
 10
304.8725451610081
 20
5.5346073597983905
 10
304.9044095225513
 20
5.542037086855472
 10
304.9357197326516
 20
5.551534935252453
 10
304.96634171618257
 20
5.563060233744363
 10
304.99614434510954
 20
5.576563629233662
 10
305.02500000000003
 20
5.591987298107786
 10
305.0527851165098
 20
5.609265193848733
 10
305.0793807145044
 20
5.628323329854388
 10
305.1046729075501
 20
5.649080096260517
 10
305.1285533905933
 20
5.671446609406732
 10
305.1509199037395
 20
5.695327092449971
 10
305.17167667014564
 20
5.720619285495645
 10
305.1907348061513
 20
5.747214883490204
 10
305.20801270189224
 20
5.775000000000006
 10
305.22343637076636
 20
5.803855654890505
 10
305.23693976625566
 20
5.833658283817461
 10
305.24846506474756
 20
5.864280267348425
 10
305.2579629131446
 20
5.895590477448745
 10
305.26539264020164
 20
5.927454838991942
 10
305.27072243068693
 20
5.95973690388998
 10
305.27392946161933
 20
5.992298435384934
 10
305.27500000000003
 20
6.025000000000006
 10
305.27500000000003
 20
19.025000000000006
 10
305.27392946161933
 20
19.057701564615076
 10
305.27072243068693
 20
19.090263096110032
 10
305.26539264020164
 20
19.12254516100807
 10
305.2579629131446
 20
19.154409522551266
 10
305.24846506474756
 20
19.185719732651588
 10
305.23693976625566
 20
19.21634171618255
 10
305.22343637076636
 20
19.246144345109506
 10
305.20801270189224
 20
19.275000000000006
 10
305.1907348061513
 20
19.302785116509806
 10
305.17167667014564
 20
19.329380714504367
 10
305.1509199037395
 20
19.35467290755004
 10
305.1285533905933
 20
19.37855339059328
 10
305.1046729075501
 20
19.400919903739496
 10
305.0793807145044
 20
19.421676670145622
 10
305.0527851165098
 20
19.44073480615128
 10
305.02500000000003
 20
19.458012701892226
 10
304.99614434510954
 20
19.47343637076635
 10
304.96634171618257
 20
19.48693976625565
 10
304.9357197326516
 20
19.49846506474756
 10
304.9044095225513
 20
19.50796291314454
 10
304.8725451610081
 20
19.515392640201622
 10
304.84026309611005
 20
19.52072243068691
 10
304.8077015646151
 20
19.523929461619307
 10
304.77500000000003
 20
19.525000000000006
 10
291.77500000000003
 20
19.525000000000006
 10
291.74229843538495
 20
19.523929461619307
 10
291.70973690389
 20
19.52072243068691
 10
291.677454838992
 20
19.515392640201622
 10
291.64559047744876
 20
19.50796291314454
 10
291.6142802673485
 20
19.49846506474756
 10
291.5836582838175
 20
19.48693976625565
 10
291.5538556548905
 20
19.47343637076635
 10
291.52500000000003
 20
19.458012701892226
 10
291.49721488349024
 20
19.44073480615128
 10
291.4706192854957
 20
19.421676670145622
 10
291.44532709245
 20
19.400919903739496
 10
291.42144660940676
 20
19.37855339059328
 10
291.39908009626055
 20
19.35467290755004
 10
291.3783233298544
 20
19.329380714504367
 10
291.3592651938488
 20
19.302785116509806
 10
291.3419872981078
 20
19.275000000000006
 10
291.3265636292337
 20
19.246144345109506
 10
291.3130602337444
 20
19.21634171618255
 10
291.3015349352525
 20
19.185719732651588
 10
291.2920370868555
 20
19.154409522551266
 10
291.28460735979843
 20
19.12254516100807
 10
291.27927756931314
 20
19.090263096110032
 10
291.27607053838074
 20
19.057701564615076
 10
291.27500000000003
 20
19.025000000000006
 10
291.27500000000003
 20
6.025000000000006
 10
291.27607053838074
 20
5.992298435384934
 10
291.27927756931314
 20
5.95973690388998
 10
291.28460735979843
 20
5.927454838991942
 10
291.2920370868555
 20
5.895590477448745
 10
291.3015349352525
 20
5.864280267348425
 10
291.3130602337444
 20
5.833658283817461
 10
291.3265636292337
 20
5.803855654890505
 10
291.3419872981078
 20
5.775000000000006
 10
291.3592651938488
 20
5.747214883490205
 10
291.3783233298544
 20
5.720619285495645
 10
291.39908009626055
 20
5.695327092449971
 10
291.42144660940676
 20
5.671446609406732
 10
291.44532709245
 20
5.649080096260517
 10
291.4706192854957
 20
5.628323329854388
 10
291.49721488349024
 20
5.609265193848733
 10
291.52500000000003
 20
5.591987298107786
 10
291.5538556548905
 20
5.576563629233662
 10
291.5836582838175
 20
5.563060233744363
  0
LWPOLYLINE
  5
81
330
17
100
AcDbEntity
  8
CUTOUTS
100
AcDbPolyline
 90
100
 70
1
 10
310.66428026734843
 20
5.551534935252453
 10
310.6955904774487
 20
5.542037086855472
 10
310.72745483899195
 20
5.5346073597983905
 10
310.75973690389
 20
5.5292775693131
 10
310.7922984353849
 20
5.526070538380704
 10
310.825
 20
5.525000000000006
 10
323.825
 20
5.525000000000006
 10
323.85770156461507
 20
5.526070538380704
 10
323.89026309611
 20
5.5292775693131
 10
323.92254516100803
 20
5.5346073597983905
 10
323.95440952255126
 20
5.542037086855472
 10
323.98571973265155
 20
5.551534935252453
 10
324.0163417161825
 20
5.563060233744363
 10
324.0461443451095
 20
5.576563629233662
 10
324.075
 20
5.591987298107786
 10
324.1027851165098
 20
5.609265193848733
 10
324.12938071450435
 20
5.628323329854388
 10
324.15467290755004
 20
5.649080096260517
 10
324.17855339059327
 20
5.671446609406732
 10
324.2009199037395
 20
5.695327092449971
 10
324.2216766701456
 20
5.720619285495645
 10
324.24073480615124
 20
5.747214883490204
 10
324.2580127018922
 20
5.775000000000006
 10
324.2734363707663
 20
5.803855654890505
 10
324.2869397662556
 20
5.833658283817461
 10
324.2984650647475
 20
5.864280267348425
 10
324.30796291314454
 20
5.895590477448745
 10
324.3153926402016
 20
5.927454838991942
 10
324.3207224306869
 20
5.95973690388998
 10
324.3239294616193
 20
5.992298435384934
 10
324.325
 20
6.025000000000006
 10
324.325
 20
19.025000000000006
 10
324.3239294616193
 20
19.057701564615076
 10
324.3207224306869
 20
19.090263096110032
 10
324.3153926402016
 20
19.12254516100807
 10
324.30796291314454
 20
19.154409522551266
 10
324.2984650647475
 20
19.185719732651588
 10
324.2869397662556
 20
19.21634171618255
 10
324.2734363707663
 20
19.246144345109506
 10
324.2580127018922
 20
19.275000000000006
 10
324.24073480615124
 20
19.302785116509806
 10
324.2216766701456
 20
19.329380714504367
 10
324.2009199037395
 20
19.35467290755004
 10
324.17855339059327
 20
19.37855339059328
 10
324.15467290755004
 20
19.400919903739496
 10
324.12938071450435
 20
19.421676670145622
 10
324.1027851165098
 20
19.44073480615128
 10
324.075
 20
19.458012701892226
 10
324.0461443451095
 20
19.47343637076635
 10
324.0163417161825
 20
19.48693976625565
 10
323.98571973265155
 20
19.49846506474756
 10
323.95440952255126
 20
19.50796291314454
 10
323.92254516100803
 20
19.515392640201622
 10
323.89026309611
 20
19.52072243068691
 10
323.85770156461507
 20
19.523929461619307
 10
323.825
 20
19.525000000000006
 10
310.825
 20
19.525000000000006
 10
310.7922984353849
 20
19.523929461619307
 10
310.75973690389
 20
19.52072243068691
 10
310.72745483899195
 20
19.515392640201622
 10
310.6955904774487
 20
19.50796291314454
 10
310.66428026734843
 20
19.49846506474756
 10
310.63365828381745
 20
19.48693976625565
 10
310.6038556548905
 20
19.47343637076635
 10
310.575
 20
19.458012701892226
 10
310.5472148834902
 20
19.44073480615128
 10
310.5206192854956
 20
19.421676670145622
 10
310.49532709244994
 20
19.400919903739496
 10
310.4714466094067
 20
19.37855339059328
 10
310.4490800962605
 20
19.35467290755004
 10
310.4283233298544
 20
19.329380714504367
 10
310.40926519384874
 20
19.302785116509806
 10
310.3919872981078
 20
19.275000000000006
 10
310.37656362923366
 20
19.246144345109506
 10
310.36306023374436
 20
19.21634171618255
 10
310.35153493525246
 20
19.185719732651588
 10
310.34203708685544
 20
19.154409522551266
 10
310.3346073597984
 20
19.12254516100807
 10
310.3292775693131
 20
19.090263096110032
 10
310.3260705383807
 20
19.057701564615076
 10
310.325
 20
19.025000000000006
 10
310.325
 20
6.025000000000006
 10
310.3260705383807
 20
5.992298435384934
 10
310.3292775693131
 20
5.95973690388998
 10
310.3346073597984
 20
5.927454838991942
 10
310.34203708685544
 20
5.895590477448745
 10
310.35153493525246
 20
5.864280267348425
 10
310.36306023374436
 20
5.833658283817461
 10
310.37656362923366
 20
5.803855654890505
 10
310.3919872981078
 20
5.775000000000006
 10
310.40926519384874
 20
5.747214883490205
 10
310.4283233298544
 20
5.720619285495645
 10
310.4490800962605
 20
5.695327092449971
 10
310.4714466094067
 20
5.671446609406732
 10
310.49532709244994
 20
5.649080096260517
 10
310.5206192854956
 20
5.628323329854388
 10
310.5472148834902
 20
5.609265193848733
 10
310.575
 20
5.591987298107786
 10
310.6038556548905
 20
5.576563629233662
 10
310.63365828381745
 20
5.563060233744363
  0
LWPOLYLINE
  5
82
330
17
100
AcDbEntity
  8
CUTOUTS
100
AcDbPolyline
 90
100
 70
1
 10
291.64559047744876
 20
24.59203708685547
 10
291.677454838992
 20
24.584607359798387
 10
291.70973690389
 20
24.5792775693131
 10
291.74229843538495
 20
24.5760705383807
 10
291.77500000000003
 20
24.575000000000003
 10
304.77500000000003
 20
24.575000000000003
 10
304.8077015646151
 20
24.5760705383807
 10
304.84026309611005
 20
24.5792775693131
 10
304.8725451610081
 20
24.584607359798387
 10
304.9044095225513
 20
24.59203708685547
 10
304.9357197326516
 20
24.60153493525245
 10
304.96634171618257
 20
24.61306023374436
 10
304.99614434510954
 20
24.626563629233658
 10
305.02500000000003
 20
24.641987298107782
 10
305.0527851165098
 20
24.65926519384873
 10
305.0793807145044
 20
24.678323329854386
 10
305.1046729075501
 20
24.699080096260513
 10
305.1285533905933
 20
24.72144660940673
 10
305.1509199037395
 20
24.74532709244997
 10
305.17167667014564
 20
24.77061928549564
 10
305.1907348061513
 20
24.797214883490202
 10
305.20801270189224
 20
24.825000000000003
 10
305.22343637076636
 20
24.853855654890502
 10
305.23693976625566
 20
24.883658283817457
 10
305.24846506474756
 20
24.91428026734842
 10
305.2579629131446
 20
24.945590477448743
 10
305.26539264020164
 20
24.97745483899194
 10
305.27072243068693
 20
25.009736903889976
 10
305.27392946161933
 20
25.042298435384932
 10
305.27500000000003
 20
25.075000000000003
 10
305.27500000000003
 20
38.075
 10
305.27392946161933
 20
38.10770156461508
 10
305.27072243068693
 20
38.140263096110026
 10
305.26539264020164
 20
38.17254516100807
 10
305.2579629131446
 20
38.204409522551266
 10
305.24846506474756
 20
38.23571973265158
 10
305.23693976625566
 20
38.266341716182545
 10
305.22343637076636
 20
38.296144345109504
 10
305.20801270189224
 20
38.325
 10
305.1907348061513
 20
38.35278511650981
 10
305.17167667014564
 20
38.379380714504364
 10
305.1509199037395
 20
38.40467290755004
 10
305.1285533905933
 20
38.42855339059328
 10
305.1046729075501
 20
38.45091990373949
 10
305.0793807145044
 20
38.47167667014562
 10
305.0527851165098
 20
38.49073480615127
 10
305.02500000000003
 20
38.50801270189222
 10
304.99614434510954
 20
38.52343637076635
 10
304.96634171618257
 20
38.53693976625565
 10
304.9357197326516
 20
38.54846506474755
 10
304.9044095225513
 20
38.557962913144536
 10
304.8725451610081
 20
38.565392640201615
 10
304.84026309611005
 20
38.57072243068691
 10
304.8077015646151
 20
38.57392946161931
 10
304.77500000000003
 20
38.575
 10
291.77500000000003
 20
38.575
 10
291.74229843538495
 20
38.57392946161931
 10
291.70973690389
 20
38.57072243068691
 10
291.677454838992
 20
38.565392640201615
 10
291.64559047744876
 20
38.557962913144536
 10
291.6142802673485
 20
38.54846506474755
 10
291.5836582838175
 20
38.53693976625565
 10
291.5538556548905
 20
38.52343637076635
 10
291.52500000000003
 20
38.50801270189222
 10
291.49721488349024
 20
38.49073480615127
 10
291.4706192854957
 20
38.47167667014562
 10
291.44532709245
 20
38.45091990373949
 10
291.42144660940676
 20
38.42855339059328
 10
291.39908009626055
 20
38.40467290755004
 10
291.3783233298544
 20
38.379380714504364
 10
291.3592651938488
 20
38.35278511650981
 10
291.3419872981078
 20
38.325
 10
291.3265636292337
 20
38.296144345109504
 10
291.3130602337444
 20
38.266341716182545
 10
291.3015349352525
 20
38.23571973265158
 10
291.2920370868555
 20
38.204409522551266
 10
291.28460735979843
 20
38.17254516100807
 10
291.27927756931314
 20
38.140263096110026
 10
291.27607053838074
 20
38.10770156461508
 10
291.27500000000003
 20
38.075
 10
291.27500000000003
 20
25.075000000000003
 10
291.27607053838074
 20
25.042298435384932
 10
291.27927756931314
 20
25.009736903889976
 10
291.28460735979843
 20
24.97745483899194
 10
291.2920370868555
 20
24.945590477448743
 10
291.3015349352525
 20
24.91428026734842
 10
291.3130602337444
 20
24.883658283817457
 10
291.3265636292337
 20
24.853855654890502
 10
291.3419872981078
 20
24.825000000000003
 10
291.3592651938488
 20
24.797214883490202
 10
291.3783233298544
 20
24.77061928549564
 10
291.39908009626055
 20
24.74532709244997
 10
291.42144660940676
 20
24.72144660940673
 10
291.44532709245
 20
24.699080096260513
 10
291.4706192854957
 20
24.678323329854386
 10
291.49721488349024
 20
24.65926519384873
 10
291.52500000000003
 20
24.641987298107782
 10
291.5538556548905
 20
24.626563629233658
 10
291.5836582838175
 20
24.61306023374436
 10
291.6142802673485
 20
24.60153493525245
  0
LWPOLYLINE
  5
83
330
17
100
AcDbEntity
  8
CUTOUTS
100
AcDbPolyline
 90
100
 70
1
 10
246.3705302673484
 20
29.36403493525245
 10
246.40184047744873
 20
29.354537086855473
 10
246.43370483899193
 20
29.34710735979839
 10
246.46598690388998
 20
29.341777569313102
 10
246.49854843538492
 20
29.338570538380704
 10
246.53125
 20
29.337500000000006
 10
259.53125
 20
29.337500000000006
 10
259.5639515646151
 20
29.338570538380704
 10
259.59651309611
 20
29.341777569313102
 10
259.62879516100804
 20
29.34710735979839
 10
259.66065952255127
 20
29.354537086855473
 10
259.69196973265156
 20
29.36403493525245
 10
259.72259171618254
 20
29.375560233744363
 10
259.7523943451095
 20
29.38906362923366
 10
259.78125
 20
29.404487298107785
 10
259.8090351165098
 20
29.42176519384873
 10
259.83563071450436
 20
29.44082332985439
 10
259.86092290755005
 20
29.461580096260516
 10
259.8848033905933
 20
29.483946609406733
 10
259.9071699037395
 20
29.507827092449972
 10
259.9279266701456
 20
29.533119285495644
 10
259.94698480615125
 20
29.559714883490205
 10
259.9642627018922
 20
29.587500000000006
 10
259.97968637076633
 20
29.616355654890505
 10
259.9931897662556
 20
29.64615828381746
 10
260.00471506474753
 20
29.676780267348423
 10
260.01421291314455
 20
29.708090477448746
 10
260.0216426402016
 20
29.73995483899194
 10
260.0269724306869
 20
29.77223690388998
 10
260.0301794616193
 20
29.804798435384935
 10
260.03125
 20
29.837500000000006
 10
260.03125
 20
42.837500000000006
 10
260.0301794616193
 20
42.87020156461508
 10
260.0269724306869
 20
42.90276309611003
 10
260.0216426402016
 20
42.93504516100807
 10
260.01421291314455
 20
42.96690952255127
 10
260.00471506474753
 20
42.998219732651584
 10
259.9931897662556
 20
43.02884171618255
 10
259.97968637076633
 20
43.058644345109506
 10
259.9642627018922
 20
43.087500000000006
 10
259.94698480615125
 20
43.11528511650981
 10
259.9279266701456
 20
43.14188071450437
 10
259.9071699037395
 20
43.16717290755004
 10
259.8848033905933
 20
43.19105339059328
 10
259.86092290755005
 20
43.21341990373949
 10
259.83563071450436
 20
43.23417667014562
 10
259.8090351165098
 20
43.253234806151276
 10
259.78125
 20
43.27051270189222
 10
259.7523943451095
 20
43.28593637076635
 10
259.72259171618254
 20
43.29943976625565
 10
259.69196973265156
 20
43.310965064747556
 10
259.66065952255127
 20
43.32046291314454
 10
259.62879516100804
 20
43.32789264020162
 10
259.59651309611
 20
43.33322243068691
 10
259.5639515646151
 20
43.33642946161931
 10
259.53125
 20
43.337500000000006
 10
246.53125
 20
43.337500000000006
 10
246.49854843538492
 20
43.33642946161931
 10
246.46598690388998
 20
43.33322243068691
 10
246.43370483899193
 20
43.32789264020162
 10
246.40184047744873
 20
43.32046291314454
 10
246.3705302673484
 20
43.310965064747556
 10
246.33990828381746
 20
43.29943976625565
 10
246.3101056548905
 20
43.28593637076635
 10
246.28125
 20
43.27051270189222
 10
246.2534648834902
 20
43.253234806151276
 10
246.22686928549564
 20
43.23417667014562
 10
246.20157709244995
 20
43.21341990373949
 10
246.17769660940672
 20
43.19105339059328
 10
246.1553300962605
 20
43.16717290755004
 10
246.1345733298544
 20
43.14188071450437
 10
246.11551519384872
 20
43.11528511650981
 10
246.0982372981078
 20
43.087500000000006
 10
246.08281362923367
 20
43.058644345109506
 10
246.06931023374435
 20
43.02884171618255
 10
246.05778493525244
 20
42.998219732651584
 10
246.04828708685545
 20
42.96690952255127
 10
246.0408573597984
 20
42.93504516100807
 10
246.0355275693131
 20
42.90276309611003
 10
246.0323205383807
 20
42.87020156461508
 10
246.03125
 20
42.837500000000006
 10
246.03125
 20
29.837500000000006
 10
246.0323205383807
 20
29.804798435384935
 10
246.0355275693131
 20
29.77223690388998
 10
246.0408573597984
 20
29.73995483899194
 10
246.04828708685545
 20
29.708090477448746
 10
246.05778493525244
 20
29.676780267348423
 10
246.06931023374435
 20
29.64615828381746
 10
246.08281362923367
 20
29.616355654890505
 10
246.0982372981078
 20
29.587500000000006
 10
246.11551519384872
 20
29.559714883490205
 10
246.1345733298544
 20
29.533119285495644
 10
246.1553300962605
 20
29.507827092449972
 10
246.17769660940672
 20
29.483946609406733
 10
246.20157709244995
 20
29.461580096260516
 10
246.22686928549564
 20
29.44082332985439
 10
246.2534648834902
 20
29.42176519384873
 10
246.28125
 20
29.404487298107785
 10
246.3101056548905
 20
29.38906362923366
 10
246.33990828381746
 20
29.375560233744363
  0
LWPOLYLINE
  5
84
330
17
100
AcDbEntity
  8
CUTOUTS
100
AcDbPolyline
 90
100
 70
1
 10
315.4267802673485
 20
29.36403493525245
 10
315.45809047744876
 20
29.354537086855473
 10
315.489954838992
 20
29.34710735979839
 10
315.52223690389
 20
29.341777569313102
 10
315.55479843538495
 20
29.338570538380704
 10
315.58750000000003
 20
29.337500000000006
 10
328.58750000000003
 20
29.337500000000006
 10
328.6202015646151
 20
29.338570538380704
 10
328.65276309611005
 20
29.341777569313102
 10
328.6850451610081
 20
29.34710735979839
 10
328.7169095225513
 20
29.354537086855473
 10
328.7482197326516
 20
29.36403493525245
 10
328.77884171618257
 20
29.375560233744363
 10
328.80864434510954
 20
29.38906362923366
 10
328.83750000000003
 20
29.404487298107785
 10
328.8652851165098
 20
29.42176519384873
 10
328.8918807145044
 20
29.44082332985439
 10
328.9171729075501
 20
29.461580096260516
 10
328.9410533905933
 20
29.483946609406733
 10
328.9634199037395
 20
29.507827092449972
 10
328.98417667014564
 20
29.533119285495644
 10
329.0032348061513
 20
29.559714883490205
 10
329.02051270189224
 20
29.587500000000006
 10
329.03593637076636
 20
29.616355654890505
 10
329.04943976625566
 20
29.64615828381746
 10
329.06096506474756
 20
29.676780267348423
 10
329.0704629131446
 20
29.708090477448746
 10
329.07789264020164
 20
29.73995483899194
 10
329.08322243068693
 20
29.77223690388998
 10
329.08642946161933
 20
29.804798435384935
 10
329.08750000000003
 20
29.837500000000006
 10
329.08750000000003
 20
42.837500000000006
 10
329.08642946161933
 20
42.87020156461508
 10
329.08322243068693
 20
42.90276309611003
 10
329.07789264020164
 20
42.93504516100807
 10
329.0704629131446
 20
42.96690952255127
 10
329.06096506474756
 20
42.998219732651584
 10
329.04943976625566
 20
43.02884171618255
 10
329.03593637076636
 20
43.058644345109506
 10
329.02051270189224
 20
43.087500000000006
 10
329.0032348061513
 20
43.11528511650981
 10
328.98417667014564
 20
43.14188071450437
 10
328.9634199037395
 20
43.16717290755004
 10
328.9410533905933
 20
43.19105339059328
 10
328.9171729075501
 20
43.21341990373949
 10
328.8918807145044
 20
43.23417667014562
 10
328.8652851165098
 20
43.253234806151276
 10
328.83750000000003
 20
43.27051270189222
 10
328.80864434510954
 20
43.28593637076635
 10
328.77884171618257
 20
43.29943976625565
 10
328.7482197326516
 20
43.310965064747556
 10
328.7169095225513
 20
43.32046291314454
 10
328.6850451610081
 20
43.32789264020162
 10
328.65276309611005
 20
43.33322243068691
 10
328.6202015646151
 20
43.33642946161931
 10
328.58750000000003
 20
43.337500000000006
 10
315.58750000000003
 20
43.337500000000006
 10
315.55479843538495
 20
43.33642946161931
 10
315.52223690389
 20
43.33322243068691
 10
315.489954838992
 20
43.32789264020162
 10
315.45809047744876
 20
43.32046291314454
 10
315.4267802673485
 20
43.310965064747556
 10
315.3961582838175
 20
43.29943976625565
 10
315.3663556548905
 20
43.28593637076635
 10
315.33750000000003
 20
43.27051270189222
 10
315.30971488349024
 20
43.253234806151276
 10
315.2831192854957
 20
43.23417667014562
 10
315.25782709245
 20
43.21341990373949
 10
315.23394660940676
 20
43.19105339059328
 10
315.21158009626055
 20
43.16717290755004
 10
315.1908233298544
 20
43.14188071450437
 10
315.1717651938488
 20
43.11528511650981
 10
315.1544872981078
 20
43.087500000000006
 10
315.1390636292337
 20
43.058644345109506
 10
315.1255602337444
 20
43.02884171618255
 10
315.1140349352525
 20
42.998219732651584
 10
315.1045370868555
 20
42.96690952255127
 10
315.09710735979843
 20
42.93504516100807
 10
315.09177756931314
 20
42.90276309611003
 10
315.08857053838074
 20
42.87020156461508
 10
315.08750000000003
 20
42.837500000000006
 10
315.08750000000003
 20
29.837500000000006
 10
315.08857053838074
 20
29.804798435384935
 10
315.09177756931314
 20
29.77223690388998
 10
315.09710735979843
 20
29.73995483899194
 10
315.1045370868555
 20
29.708090477448746
 10
315.1140349352525
 20
29.676780267348423
 10
315.1255602337444
 20
29.64615828381746
 10
315.1390636292337
 20
29.616355654890505
 10
315.1544872981078
 20
29.587500000000006
 10
315.1717651938488
 20
29.559714883490205
 10
315.1908233298544
 20
29.533119285495644
 10
315.21158009626055
 20
29.507827092449972
 10
315.23394660940676
 20
29.483946609406733
 10
315.25782709245
 20
29.461580096260516
 10
315.2831192854957
 20
29.44082332985439
 10
315.30971488349024
 20
29.42176519384873
 10
315.33750000000003
 20
29.404487298107785
 10
315.3663556548905
 20
29.38906362923366
 10
315.3961582838175
 20
29.375560233744363
  0
LWPOLYLINE
  5
85
330
17
100
AcDbEntity
  8
CUTOUTS
100
AcDbPolyline
 90
100
 70
1
 10
252.25134047744876
 20
47.40453708685547
 10
252.28320483899196
 20
47.39710735979839
 10
252.31548690389002
 20
47.3917775693131
 10
252.34804843538495
 20
47.3885705383807
 10
252.38075000000003
 20
47.3875
 10
258.38075000000003
 20
47.3875
 10
258.4134515646151
 20
47.3885705383807
 10
258.44601309611005
 20
47.3917775693131
 10
258.4782951610081
 20
47.39710735979839
 10
258.5101595225513
 20
47.40453708685547
 10
258.5414697326516
 20
47.41403493525245
 10
258.57209171618257
 20
47.425560233744356
 10
258.60189434510954
 20
47.43906362923366
 10
258.63075000000003
 20
47.454487298107786
 10
258.6585351165098
 20
47.47176519384873
 10
258.6851307145044
 20
47.490823329854386
 10
258.7104229075501
 20
47.511580096260516
 10
258.7343033905933
 20
47.533946609406726
 10
258.7566699037395
 20
47.55782709244997
 10
258.77742667014564
 20
47.58311928549564
 10
258.7964848061513
 20
47.6097148834902
 10
258.81376270189224
 20
47.6375
 10
258.82918637076637
 20
47.6663556548905
 10
258.84268976625566
 20
47.69615828381746
 10
258.85421506474756
 20
47.726780267348424
 10
258.8637129131446
 20
47.75809047744874
 10
258.87114264020164
 20
47.78995483899194
 10
258.87647243068693
 20
47.82223690388998
 10
258.87967946161933
 20
47.85479843538493
 10
258.88075000000003
 20
47.8875
 10
258.88075000000003
 20
60.8875
 10
258.87967946161933
 20
60.92020156461508
 10
258.87647243068693
 20
60.952763096110026
 10
258.87114264020164
 20
60.98504516100807
 10
258.8637129131446
 20
61.016909522551266
 10
258.85421506474756
 20
61.04821973265158
 10
258.84268976625566
 20
61.078841716182545
 10
258.82918637076637
 20
61.108644345109504
 10
258.81376270189224
 20
61.1375
 10
258.7964848061513
 20
61.16528511650981
 10
258.77742667014564
 20
61.191880714504364
 10
258.7566699037395
 20
61.21717290755004
 10
258.7343033905933
 20
61.24105339059328
 10
258.7104229075501
 20
61.26341990373949
 10
258.6851307145044
 20
61.28417667014562
 10
258.6585351165098
 20
61.30323480615127
 10
258.63075000000003
 20
61.32051270189222
 10
258.60189434510954
 20
61.33593637076635
 10
258.57209171618257
 20
61.34943976625565
 10
258.5414697326516
 20
61.36096506474755
 10
258.5101595225513
 20
61.370462913144536
 10
258.4782951610081
 20
61.377892640201615
 10
258.44601309611005
 20
61.38322243068691
 10
258.4134515646151
 20
61.38642946161931
 10
258.38075000000003
 20
61.3875
 10
252.38075000000003
 20
61.3875
 10
252.34804843538495
 20
61.38642946161931
 10
252.31548690389002
 20
61.38322243068691
 10
252.28320483899196
 20
61.377892640201615
 10
252.25134047744876
 20
61.370462913144536
 10
252.22003026734845
 20
61.36096506474755
 10
252.1894082838175
 20
61.34943976625565
 10
252.15960565489053
 20
61.33593637076635
 10
252.13075000000003
 20
61.32051270189222
 10
252.10296488349024
 20
61.30323480615127
 10
252.07636928549567
 20
61.28417667014562
 10
252.05107709245
 20
61.26341990373949
 10
252.02719660940676
 20
61.24105339059328
 10
252.00483009626055
 20
61.21717290755004
 10
251.98407332985443
 20
61.191880714504364
 10
251.96501519384876
 20
61.16528511650981
 10
251.94773729810782
 20
61.1375
 10
251.9323136292337
 20
61.108644345109504
 10
251.91881023374438
 20
61.078841716182545
 10
251.90728493525248
 20
61.04821973265158
 10
251.8977870868555
 20
61.016909522551266
 10
251.89035735979843
 20
60.98504516100807
 10
251.88502756931314
 20
60.952763096110026
 10
251.88182053838074
 20
60.92020156461508
 10
251.88075000000003
 20
60.8875
 10
251.88075000000003
 20
47.8875
 10
251.88182053838074
 20
47.85479843538493
 10
251.88502756931314
 20
47.82223690388998
 10
251.89035735979843
 20
47.78995483899194
 10
251.8977870868555
 20
47.75809047744874
 10
251.90728493525248
 20
47.726780267348424
 10
251.91881023374438
 20
47.69615828381746
 10
251.9323136292337
 20
47.6663556548905
 10
251.94773729810782
 20
47.6375
 10
251.96501519384876
 20
47.6097148834902
 10
251.98407332985443
 20
47.58311928549564
 10
252.00483009626055
 20
47.55782709244997
 10
252.02719660940676
 20
47.533946609406726
 10
252.05107709245
 20
47.511580096260516
 10
252.07636928549567
 20
47.490823329854386
 10
252.10296488349024
 20
47.47176519384873
 10
252.13075000000003
 20
47.454487298107786
 10
252.15960565489053
 20
47.43906362923366
 10
252.1894082838175
 20
47.425560233744356
 10
252.22003026734845
 20
47.41403493525245
  0
LWPOLYLINE
  5
86
330
17
100
AcDbEntity
  8
CUTOUTS
100
AcDbPolyline
 90
100
 70
1
 10
276.09603026734845
 20
47.41403493525245
 10
276.12734047744874
 20
47.40453708685547
 10
276.15920483899197
 20
47.39710735979839
 10
276.19148690389
 20
47.3917775693131
 10
276.22404843538493
 20
47.3885705383807
 10
276.25675
 20
47.3875
 10
282.25675
 20
47.3875
 10
282.2894515646151
 20
47.3885705383807
 10
282.32201309611
 20
47.3917775693131
 10
282.35429516100805
 20
47.39710735979839
 10
282.3861595225513
 20
47.40453708685547
 10
282.41746973265157
 20
47.41403493525245
 10
282.44809171618255
 20
47.425560233744356
 10
282.4778943451095
 20
47.43906362923366
 10
282.50675
 20
47.454487298107786
 10
282.5345351165098
 20
47.47176519384873
 10
282.5611307145044
 20
47.490823329854386
 10
282.58642290755006
 20
47.511580096260516
 10
282.6103033905933
 20
47.533946609406726
 10
282.6326699037395
 20
47.55782709244997
 10
282.6534266701456
 20
47.58311928549564
 10
282.67248480615126
 20
47.6097148834902
 10
282.6897627018922
 20
47.6375
 10
282.70518637076634
 20
47.6663556548905
 10
282.71868976625564
 20
47.69615828381746
 10
282.73021506474754
 20
47.726780267348424
 10
282.73971291314456
 20
47.75809047744874
 10
282.7471426402016
 20
47.78995483899194
 10
282.7524724306869
 20
47.82223690388998
 10
282.7556794616193
 20
47.85479843538493
 10
282.75675
 20
47.8875
 10
282.75675
 20
60.8875
 10
282.7556794616193
 20
60.92020156461508
 10
282.7524724306869
 20
60.952763096110026
 10
282.7471426402016
 20
60.98504516100807
 10
282.73971291314456
 20
61.016909522551266
 10
282.73021506474754
 20
61.04821973265158
 10
282.71868976625564
 20
61.078841716182545
 10
282.70518637076634
 20
61.108644345109504
 10
282.6897627018922
 20
61.1375
 10
282.67248480615126
 20
61.16528511650981
 10
282.6534266701456
 20
61.191880714504364
 10
282.6326699037395
 20
61.21717290755004
 10
282.6103033905933
 20
61.24105339059328
 10
282.58642290755006
 20
61.26341990373949
 10
282.5611307145044
 20
61.28417667014562
 10
282.5345351165098
 20
61.30323480615127
 10
282.50675
 20
61.32051270189222
 10
282.4778943451095
 20
61.33593637076635
 10
282.44809171618255
 20
61.34943976625565
 10
282.41746973265157
 20
61.36096506474755
 10
282.3861595225513
 20
61.370462913144536
 10
282.35429516100805
 20
61.377892640201615
 10
282.32201309611
 20
61.38322243068691
 10
282.2894515646151
 20
61.38642946161931
 10
282.25675
 20
61.3875
 10
276.25675
 20
61.3875
 10
276.22404843538493
 20
61.38642946161931
 10
276.19148690389
 20
61.38322243068691
 10
276.15920483899197
 20
61.377892640201615
 10
276.12734047744874
 20
61.370462913144536
 10
276.09603026734845
 20
61.36096506474755
 10
276.0654082838175
 20
61.34943976625565
 10
276.0356056548905
 20
61.33593637076635
 10
276.00675
 20
61.32051270189222
 10
275.9789648834902
 20
61.30323480615127
 10
275.95236928549565
 20
61.28417667014562
 10
275.92707709244996
 20
61.26341990373949
 10
275.90319660940673
 20
61.24105339059328
 10
275.8808300962605
 20
61.21717290755004
 10
275.8600733298544
 20
61.191880714504364
 10
275.84101519384876
 20
61.16528511650981
 10
275.8237372981078
 20
61.1375
 10
275.8083136292337
 20
61.108644345109504
 10
275.7948102337444
 20
61.078841716182545
 10
275.7832849352525
 20
61.04821973265158
 10
275.77378708685546
 20
61.016909522551266
 10
275.7663573597984
 20
60.98504516100807
 10
275.7610275693131
 20
60.952763096110026
 10
275.7578205383807
 20
60.92020156461508
 10
275.75675
 20
60.8875
 10
275.75675
 20
47.8875
 10
275.7578205383807
 20
47.85479843538493
 10
275.7610275693131
 20
47.82223690388998
 10
275.7663573597984
 20
47.78995483899194
 10
275.77378708685546
 20
47.75809047744874
 10
275.7832849352525
 20
47.726780267348424
 10
275.7948102337444
 20
47.69615828381746
 10
275.8083136292337
 20
47.6663556548905
 10
275.8237372981078
 20
47.6375
 10
275.84101519384876
 20
47.6097148834902
 10
275.8600733298544
 20
47.58311928549564
 10
275.8808300962605
 20
47.55782709244997
 10
275.90319660940673
 20
47.533946609406726
 10
275.92707709244996
 20
47.511580096260516
 10
275.95236928549565
 20
47.490823329854386
 10
275.9789648834902
 20
47.47176519384873
 10
276.00675
 20
47.454487298107786
 10
276.0356056548905
 20
47.43906362923366
 10
276.0654082838175
 20
47.425560233744356
  0
LWPOLYLINE
  5
87
330
17
100
AcDbEntity
  8
CUTOUTS
100
AcDbPolyline
 90
100
 70
1
 10
260.65803026734847
 20
48.41403493525245
 10
260.68934047744875
 20
48.40453708685547
 10
260.721204838992
 20
48.39710735979839
 10
260.75348690389
 20
48.3917775693131
 10
260.78604843538494
 20
48.3885705383807
 10
260.81875
 20
48.3875
 10
273.81875
 20
48.3875
 10
273.8514515646151
 20
48.3885705383807
 10
273.88401309611004
 20
48.3917775693131
 10
273.91629516100807
 20
48.39710735979839
 10
273.9481595225513
 20
48.40453708685547
 10
273.9794697326516
 20
48.41403493525245
 10
274.01009171618256
 20
48.425560233744356
 10
274.03989434510953
 20
48.43906362923366
 10
274.06875
 20
48.454487298107786
 10
274.0965351165098
 20
48.47176519384873
 10
274.1231307145044
 20
48.490823329854386
 10
274.14842290755007
 20
48.511580096260516
 10
274.1723033905933
 20
48.533946609406726
 10
274.1946699037395
 20
48.55782709244997
 10
274.21542667014563
 20
48.58311928549564
 10
274.2344848061513
 20
48.6097148834902
 10
274.25176270189223
 20
48.6375
 10
274.26718637076635
 20
48.6663556548905
 10
274.28068976625565
 20
48.69615828381746
 10
274.29221506474755
 20
48.726780267348424
 10
274.30171291314457
 20
48.75809047744874
 10
274.3091426402016
 20
48.78995483899194
 10
274.3144724306869
 20
48.82223690388998
 10
274.3176794616193
 20
48.85479843538493
 10
274.31875
 20
48.8875
 10
274.31875
 20
61.8875
 10
274.3176794616193
 20
61.92020156461508
 10
274.3144724306869
 20
61.952763096110026
 10
274.3091426402016
 20
61.98504516100807
 10
274.30171291314457
 20
62.016909522551266
 10
274.29221506474755
 20
62.04821973265158
 10
274.28068976625565
 20
62.078841716182545
 10
274.26718637076635
 20
62.108644345109504
 10
274.25176270189223
 20
62.1375
 10
274.2344848061513
 20
62.16528511650981
 10
274.21542667014563
 20
62.191880714504364
 10
274.1946699037395
 20
62.21717290755004
 10
274.1723033905933
 20
62.24105339059328
 10
274.14842290755007
 20
62.26341990373949
 10
274.1231307145044
 20
62.28417667014562
 10
274.0965351165098
 20
62.30323480615127
 10
274.06875
 20
62.32051270189222
 10
274.03989434510953
 20
62.33593637076635
 10
274.01009171618256
 20
62.34943976625565
 10
273.9794697326516
 20
62.36096506474755
 10
273.9481595225513
 20
62.370462913144536
 10
273.91629516100807
 20
62.377892640201615
 10
273.88401309611004
 20
62.38322243068691
 10
273.8514515646151
 20
62.38642946161931
 10
273.81875
 20
62.3875
 10
260.81875
 20
62.3875
 10
260.78604843538494
 20
62.38642946161931
 10
260.75348690389
 20
62.38322243068691
 10
260.721204838992
 20
62.377892640201615
 10
260.68934047744875
 20
62.370462913144536
 10
260.65803026734847
 20
62.36096506474755
 10
260.6274082838175
 20
62.34943976625565
 10
260.5976056548905
 20
62.33593637076635
 10
260.56875
 20
62.32051270189222
 10
260.54096488349023
 20
62.30323480615127
 10
260.51436928549566
 20
62.28417667014562
 10
260.48907709245
 20
62.26341990373949
 10
260.46519660940675
 20
62.24105339059328
 10
260.44283009626054
 20
62.21717290755004
 10
260.4220733298544
 20
62.191880714504364
 10
260.4030151938488
 20
62.16528511650981
 10
260.3857372981078
 20
62.1375
 10
260.3703136292337
 20
62.108644345109504
 10
260.3568102337444
 20
62.078841716182545
 10
260.3452849352525
 20
62.04821973265158
 10
260.3357870868555
 20
62.016909522551266
 10
260.3283573597984
 20
61.98504516100807
 10
260.3230275693131
 20
61.952763096110026
 10
260.3198205383807
 20
61.92020156461508
 10
260.31875
 20
61.8875
 10
260.31875
 20
48.8875
 10
260.3198205383807
 20
48.85479843538493
 10
260.3230275693131
 20
48.82223690388998
 10
260.3283573597984
 20
48.78995483899194
 10
260.3357870868555
 20
48.75809047744874
 10
260.3452849352525
 20
48.726780267348424
 10
260.3568102337444
 20
48.69615828381746
 10
260.3703136292337
 20
48.6663556548905
 10
260.3857372981078
 20
48.6375
 10
260.4030151938488
 20
48.6097148834902
 10
260.4220733298544
 20
48.58311928549564
 10
260.44283009626054
 20
48.55782709244997
 10
260.46519660940675
 20
48.533946609406726
 10
260.48907709245
 20
48.511580096260516
 10
260.51436928549566
 20
48.490823329854386
 10
260.54096488349023
 20
48.47176519384873
 10
260.56875
 20
48.454487298107786
 10
260.5976056548905
 20
48.43906362923366
 10
260.6274082838175
 20
48.425560233744356
  0
LWPOLYLINE
  5
88
330
17
100
AcDbEntity
  8
CUTOUTS
100
AcDbPolyline
 90
100
 70
1
 10
315.45809047744876
 20
48.40453708685547
 10
315.489954838992
 20
48.39710735979839
 10
315.52223690389
 20
48.3917775693131
 10
315.55479843538495
 20
48.3885705383807
 10
315.58750000000003
 20
48.3875
 10
328.58750000000003
 20
48.3875
 10
328.6202015646151
 20
48.3885705383807
 10
328.65276309611005
 20
48.3917775693131
 10
328.6850451610081
 20
48.39710735979839
 10
328.7169095225513
 20
48.40453708685547
 10
328.7482197326516
 20
48.41403493525245
 10
328.77884171618257
 20
48.425560233744356
 10
328.80864434510954
 20
48.43906362923366
 10
328.83750000000003
 20
48.454487298107786
 10
328.8652851165098
 20
48.47176519384873
 10
328.8918807145044
 20
48.490823329854386
 10
328.9171729075501
 20
48.511580096260516
 10
328.9410533905933
 20
48.533946609406726
 10
328.9634199037395
 20
48.55782709244997
 10
328.98417667014564
 20
48.58311928549564
 10
329.0032348061513
 20
48.6097148834902
 10
329.02051270189224
 20
48.6375
 10
329.03593637076636
 20
48.6663556548905
 10
329.04943976625566
 20
48.69615828381746
 10
329.06096506474756
 20
48.726780267348424
 10
329.0704629131446
 20
48.75809047744874
 10
329.07789264020164
 20
48.78995483899194
 10
329.08322243068693
 20
48.82223690388998
 10
329.08642946161933
 20
48.85479843538493
 10
329.08750000000003
 20
48.8875
 10
329.08750000000003
 20
61.8875
 10
329.08642946161933
 20
61.92020156461508
 10
329.08322243068693
 20
61.952763096110026
 10
329.07789264020164
 20
61.98504516100807
 10
329.0704629131446
 20
62.016909522551266
 10
329.06096506474756
 20
62.04821973265158
 10
329.04943976625566
 20
62.078841716182545
 10
329.03593637076636
 20
62.108644345109504
 10
329.02051270189224
 20
62.1375
 10
329.0032348061513
 20
62.16528511650981
 10
328.98417667014564
 20
62.191880714504364
 10
328.9634199037395
 20
62.21717290755004
 10
328.9410533905933
 20
62.24105339059328
 10
328.9171729075501
 20
62.26341990373949
 10
328.8918807145044
 20
62.28417667014562
 10
328.8652851165098
 20
62.30323480615127
 10
328.83750000000003
 20
62.32051270189222
 10
328.80864434510954
 20
62.33593637076635
 10
328.77884171618257
 20
62.34943976625565
 10
328.7482197326516
 20
62.36096506474755
 10
328.7169095225513
 20
62.370462913144536
 10
328.6850451610081
 20
62.377892640201615
 10
328.65276309611005
 20
62.38322243068691
 10
328.6202015646151
 20
62.38642946161931
 10
328.58750000000003
 20
62.3875
 10
315.58750000000003
 20
62.3875
 10
315.55479843538495
 20
62.38642946161931
 10
315.52223690389
 20
62.38322243068691
 10
315.489954838992
 20
62.377892640201615
 10
315.45809047744876
 20
62.370462913144536
 10
315.4267802673485
 20
62.36096506474755
 10
315.3961582838175
 20
62.34943976625565
 10
315.3663556548905
 20
62.33593637076635
 10
315.33750000000003
 20
62.32051270189222
 10
315.30971488349024
 20
62.30323480615127
 10
315.2831192854957
 20
62.28417667014562
 10
315.25782709245
 20
62.26341990373949
 10
315.23394660940676
 20
62.24105339059328
 10
315.21158009626055
 20
62.21717290755004
 10
315.1908233298544
 20
62.191880714504364
 10
315.1717651938488
 20
62.16528511650981
 10
315.1544872981078
 20
62.1375
 10
315.1390636292337
 20
62.108644345109504
 10
315.1255602337444
 20
62.078841716182545
 10
315.1140349352525
 20
62.04821973265158
 10
315.1045370868555
 20
62.016909522551266
 10
315.09710735979843
 20
61.98504516100807
 10
315.09177756931314
 20
61.952763096110026
 10
315.08857053838074
 20
61.92020156461508
 10
315.08750000000003
 20
61.8875
 10
315.08750000000003
 20
48.8875
 10
315.08857053838074
 20
48.85479843538493
 10
315.09177756931314
 20
48.82223690388998
 10
315.09710735979843
 20
48.78995483899194
 10
315.1045370868555
 20
48.75809047744874
 10
315.1140349352525
 20
48.726780267348424
 10
315.1255602337444
 20
48.69615828381746
 10
315.1390636292337
 20
48.6663556548905
 10
315.1544872981078
 20
48.6375
 10
315.1717651938488
 20
48.6097148834902
 10
315.1908233298544
 20
48.58311928549564
 10
315.21158009626055
 20
48.55782709244997
 10
315.23394660940676
 20
48.533946609406726
 10
315.25782709245
 20
48.511580096260516
 10
315.2831192854957
 20
48.490823329854386
 10
315.30971488349024
 20
48.47176519384873
 10
315.33750000000003
 20
48.454487298107786
 10
315.3663556548905
 20
48.43906362923366
 10
315.3961582838175
 20
48.425560233744356
 10
315.4267802673485
 20
48.41403493525245
  0
LWPOLYLINE
  5
89
330
17
100
AcDbEntity
  8
FLEX
100
AcDbPolyline
 90
66
 70
1
 10
331.91361823261843
 20
81.62709213981177
 10
331.88334724139094
 20
81.57658804209561
 10
331.8581722804932
 20
81.52336005941906
 10
331.83833579856065
 20
81.46792080635268
 10
331.824028831758
 20
81.41080419320969
 10
331.81538916399666
 20
81.35256028419774
 10
331.81249999999994
 20
81.29375
 10
331.81249999999994
 20
53.29375
 10
331.81538916399666
 20
53.23493971580227
 10
331.824028831758
 20
53.17669580679033
 10
331.83833579856065
 20
53.119579193647326
 10
331.8581722804932
 20
53.06413994058095
 10
331.88334724139094
 20
53.010911957904405
 10
331.91361823261843
 20
52.96040786018824
 10
331.94869372798235
 20
52.91311402950181
 10
331.98823593128805
 20
52.869485931288075
 10
332.0318640295018
 20
52.82994372798236
 10
332.0791578601882
 20
52.79486823261848
 10
332.1296619579044
 20
52.76459724139099
 10
332.18288994058094
 20
52.73942228049323
 10
332.2383291936473
 20
52.71958579856068
 10
332.29544580679027
 20
52.705278831758065
 10
332.3536897158022
 20
52.696639163996686
 10
332.41249999999997
 20
52.69375
 10
332.4713102841977
 20
52.696639163996686
 10
332.52955419320966
 20
52.705278831758065
 10
332.58667080635263
 20
52.71958579856068
 10
332.642110059419
 20
52.73942228049323
 10
332.69533804209556
 20
52.76459724139099
 10
332.7458421398117
 20
52.79486823261848
 10
332.79313597049816
 20
52.82994372798236
 10
332.8367640687119
 20
52.869485931288075
 10
332.8763062720176
 20
52.91311402950181
 10
332.9113817673815
 20
52.96040786018824
 10
332.941652758609
 20
53.010911957904405
 10
332.96682771950674
 20
53.06413994058095
 10
332.9866642014393
 20
53.119579193647326
 10
333.0009711682419
 20
53.17669580679033
 10
333.0096108360033
 20
53.23493971580227
 10
333.0125
 20
53.29375
 10
333.0125
 20
81.29375
 10
333.0096108360033
 20
81.35256028419774
 10
333.0009711682419
 20
81.41080419320969
 10
332.9866642014393
 20
81.46792080635268
 10
332.96682771950674
 20
81.52336005941906
 10
332.941652758609
 20
81.57658804209561
 10
332.9113817673815
 20
81.62709213981177
 10
332.8763062720176
 20
81.6743859704982
 10
332.8367640687119
 20
81.71801406871194
 10
332.79313597049816
 20
81.75755627201765
 10
332.7458421398117
 20
81.79263176738154
 10
332.69533804209556
 20
81.82290275860902
 10
332.642110059419
 20
81.84807771950678
 10
332.58667080635263
 20
81.86791420143933
 10
332.52955419320966
 20
81.88222116824194
 10
332.4713102841977
 20
81.89086083600333
 10
332.41249999999997
 20
81.89375
 10
332.3536897158022
 20
81.89086083600333
 10
332.29544580679027
 20
81.88222116824194
 10
332.2383291936473
 20
81.86791420143933
 10
332.18288994058094
 20
81.84807771950678
 10
332.1296619579044
 20
81.82290275860902
 10
332.0791578601882
 20
81.79263176738154
 10
332.0318640295018
 20
81.75755627201765
 10
331.98823593128805
 20
81.71801406871194
 10
331.94869372798235
 20
81.6743859704982
  0
LWPOLYLINE
  5
8A
330
17
100
AcDbEntity
  8
CUTOUTS
100
AcDbPolyline
 90
100
 70
1
 10
243.98928026734842
 20
67.46403493525244
 10
244.02059047744874
 20
67.45453708685547
 10
244.05245483899193
 20
67.44710735979838
 10
244.08473690389
 20
67.44177756931309
 10
244.11729843538492
 20
67.4385705383807
 10
244.15
 20
67.4375
 10
257.15
 20
67.4375
 10
257.18270156461506
 20
67.4385705383807
 10
257.21526309611
 20
67.44177756931309
 10
257.247545161008
 20
67.44710735979838
 10
257.27940952255125
 20
67.45453708685547
 10
257.31071973265153
 20
67.46403493525244
 10
257.3413417161825
 20
67.47556023374436
 10
257.3711443451095
 20
67.48906362923366
 10
257.4
 20
67.50448729810778
 10
257.42778511650977
 20
67.52176519384872
 10
257.45438071450434
 20
67.54082332985438
 10
257.47967290755
 20
67.56158009626051
 10
257.50355339059325
 20
67.58394660940672
 10
257.52591990373946
 20
67.60782709244997
 10
257.5466766701456
 20
67.63311928549564
 10
257.5657348061512
 20
67.6597148834902
 10
257.5830127018922
 20
67.6875
 10
257.5984363707663
 20
67.7163556548905
 10
257.6119397662556
 20
67.74615828381745
 10
257.6234650647475
 20
67.77678026734841
 10
257.6329629131445
 20
67.80809047744874
 10
257.6403926402016
 20
67.83995483899193
 10
257.6457224306869
 20
67.87223690388997
 10
257.6489294616193
 20
67.90479843538493
 10
257.65
 20
67.9375
 10
257.65
 20
80.9375
 10
257.6489294616193
 20
80.97020156461507
 10
257.6457224306869
 20
81.00276309611003
 10
257.6403926402016
 20
81.03504516100807
 10
257.6329629131445
 20
81.06690952255126
 10
257.6234650647475
 20
81.09821973265159
 10
257.6119397662556
 20
81.12884171618255
 10
257.5984363707663
 20
81.1586443451095
 10
257.5830127018922
 20
81.1875
 10
257.5657348061512
 20
81.2152851165098
 10
257.5466766701456
 20
81.24188071450436
 10
257.52591990373946
 20
81.26717290755003
 10
257.50355339059325
 20
81.29105339059328
 10
257.47967290755
 20
81.31341990373949
 10
257.45438071450434
 20
81.33417667014562
 10
257.42778511650977
 20
81.35323480615128
 10
257.4
 20
81.37051270189222
 10
257.3711443451095
 20
81.38593637076634
 10
257.3413417161825
 20
81.39943976625564
 10
257.31071973265153
 20
81.41096506474756
 10
257.27940952255125
 20
81.42046291314453
 10
257.247545161008
 20
81.42789264020162
 10
257.21526309611
 20
81.43322243068691
 10
257.18270156461506
 20
81.4364294616193
 10
257.15
 20
81.4375
 10
244.15
 20
81.4375
 10
244.11729843538492
 20
81.4364294616193
 10
244.08473690389
 20
81.43322243068691
 10
244.05245483899193
 20
81.42789264020162
 10
244.02059047744874
 20
81.42046291314453
 10
243.98928026734842
 20
81.41096506474756
 10
243.95865828381747
 20
81.39943976625564
 10
243.9288556548905
 20
81.38593637076634
 10
243.9
 20
81.37051270189222
 10
243.87221488349022
 20
81.35323480615128
 10
243.84561928549564
 20
81.33417667014562
 10
243.82032709244996
 20
81.31341990373949
 10
243.79644660940673
 20
81.29105339059328
 10
243.77408009626052
 20
81.26717290755003
 10
243.7533233298544
 20
81.24188071450436
 10
243.73426519384873
 20
81.2152851165098
 10
243.7169872981078
 20
81.1875
 10
243.70156362923368
 20
81.1586443451095
 10
243.68806023374435
 20
81.12884171618255
 10
243.67653493525245
 20
81.09821973265159
 10
243.66703708685546
 20
81.06690952255126
 10
243.6596073597984
 20
81.03504516100807
 10
243.6542775693131
 20
81.00276309611003
 10
243.6510705383807
 20
80.97020156461507
 10
243.65
 20
80.9375
 10
243.65
 20
67.9375
 10
243.6510705383807
 20
67.90479843538493
 10
243.6542775693131
 20
67.87223690388997
 10
243.6596073597984
 20
67.83995483899193
 10
243.66703708685546
 20
67.80809047744874
 10
243.67653493525245
 20
67.77678026734841
 10
243.68806023374435
 20
67.74615828381745
 10
243.70156362923368
 20
67.7163556548905
 10
243.7169872981078
 20
67.6875
 10
243.73426519384873
 20
67.6597148834902
 10
243.7533233298544
 20
67.63311928549564
 10
243.77408009626052
 20
67.60782709244997
 10
243.79644660940673
 20
67.58394660940672
 10
243.82032709244996
 20
67.56158009626051
 10
243.84561928549564
 20
67.54082332985438
 10
243.87221488349022
 20
67.52176519384872
 10
243.9
 20
67.50448729810778
 10
243.9288556548905
 20
67.48906362923366
 10
243.95865828381747
 20
67.47556023374436
  0
LWPOLYLINE
  5
8B
330
17
100
AcDbEntity
  8
CUTOUTS
100
AcDbPolyline
 90
100
 70
1
 10
267.83309047744876
 20
67.45453708685547
 10
267.864954838992
 20
67.44710735979838
 10
267.89723690389
 20
67.44177756931309
 10
267.92979843538495
 20
67.4385705383807
 10
267.96250000000003
 20
67.4375
 10
280.96250000000003
 20
67.4375
 10
280.9952015646151
 20
67.4385705383807
 10
281.02776309611005
 20
67.44177756931309
 10
281.0600451610081
 20
67.44710735979838
 10
281.0919095225513
 20
67.45453708685547
 10
281.1232197326516
 20
67.46403493525244
 10
281.15384171618257
 20
67.47556023374436
 10
281.18364434510954
 20
67.48906362923366
 10
281.21250000000003
 20
67.50448729810778
 10
281.2402851165098
 20
67.52176519384872
 10
281.2668807145044
 20
67.54082332985438
 10
281.2921729075501
 20
67.56158009626051
 10
281.3160533905933
 20
67.58394660940672
 10
281.3384199037395
 20
67.60782709244997
 10
281.35917667014564
 20
67.63311928549564
 10
281.3782348061513
 20
67.6597148834902
 10
281.39551270189224
 20
67.6875
 10
281.41093637076636
 20
67.7163556548905
 10
281.42443976625566
 20
67.74615828381745
 10
281.43596506474756
 20
67.77678026734841
 10
281.4454629131446
 20
67.80809047744874
 10
281.45289264020164
 20
67.83995483899193
 10
281.45822243068693
 20
67.87223690388997
 10
281.46142946161933
 20
67.90479843538493
 10
281.46250000000003
 20
67.9375
 10
281.46250000000003
 20
80.9375
 10
281.46142946161933
 20
80.97020156461507
 10
281.45822243068693
 20
81.00276309611003
 10
281.45289264020164
 20
81.03504516100807
 10
281.4454629131446
 20
81.06690952255126
 10
281.43596506474756
 20
81.09821973265159
 10
281.42443976625566
 20
81.12884171618255
 10
281.41093637076636
 20
81.1586443451095
 10
281.39551270189224
 20
81.1875
 10
281.3782348061513
 20
81.2152851165098
 10
281.35917667014564
 20
81.24188071450436
 10
281.3384199037395
 20
81.26717290755003
 10
281.3160533905933
 20
81.29105339059328
 10
281.2921729075501
 20
81.31341990373949
 10
281.2668807145044
 20
81.33417667014562
 10
281.2402851165098
 20
81.35323480615128
 10
281.21250000000003
 20
81.37051270189222
 10
281.18364434510954
 20
81.38593637076634
 10
281.15384171618257
 20
81.39943976625564
 10
281.1232197326516
 20
81.41096506474756
 10
281.0919095225513
 20
81.42046291314453
 10
281.0600451610081
 20
81.42789264020162
 10
281.02776309611005
 20
81.43322243068691
 10
280.9952015646151
 20
81.4364294616193
 10
280.96250000000003
 20
81.4375
 10
267.96250000000003
 20
81.4375
 10
267.92979843538495
 20
81.4364294616193
 10
267.89723690389
 20
81.43322243068691
 10
267.864954838992
 20
81.42789264020162
 10
267.83309047744876
 20
81.42046291314453
 10
267.8017802673485
 20
81.41096506474756
 10
267.7711582838175
 20
81.39943976625564
 10
267.7413556548905
 20
81.38593637076634
 10
267.71250000000003
 20
81.37051270189222
 10
267.68471488349024
 20
81.35323480615128
 10
267.6581192854957
 20
81.33417667014562
 10
267.63282709245
 20
81.31341990373949
 10
267.60894660940676
 20
81.29105339059328
 10
267.58658009626055
 20
81.26717290755003
 10
267.5658233298544
 20
81.24188071450436
 10
267.5467651938488
 20
81.2152851165098
 10
267.5294872981078
 20
81.1875
 10
267.5140636292337
 20
81.1586443451095
 10
267.5005602337444
 20
81.12884171618255
 10
267.4890349352525
 20
81.09821973265159
 10
267.4795370868555
 20
81.06690952255126
 10
267.47210735979843
 20
81.03504516100807
 10
267.46677756931314
 20
81.00276309611003
 10
267.46357053838074
 20
80.97020156461507
 10
267.46250000000003
 20
80.9375
 10
267.46250000000003
 20
67.9375
 10
267.46357053838074
 20
67.90479843538493
 10
267.46677756931314
 20
67.87223690388997
 10
267.47210735979843
 20
67.83995483899193
 10
267.4795370868555
 20
67.80809047744874
 10
267.4890349352525
 20
67.77678026734841
 10
267.5005602337444
 20
67.74615828381745
 10
267.5140636292337
 20
67.7163556548905
 10
267.5294872981078
 20
67.6875
 10
267.5467651938488
 20
67.6597148834902
 10
267.5658233298544
 20
67.63311928549564
 10
267.58658009626055
 20
67.60782709244997
 10
267.60894660940676
 20
67.58394660940672
 10
267.63282709245
 20
67.56158009626051
 10
267.6581192854957
 20
67.54082332985438
 10
267.68471488349024
 20
67.52176519384872
 10
267.71250000000003
 20
67.50448729810778
 10
267.7413556548905
 20
67.48906362923366
 10
267.7711582838175
 20
67.47556023374436
 10
267.8017802673485
 20
67.46403493525244
  0
LWPOLYLINE
  5
8C
330
17
100
AcDbEntity
  8
CUTOUTS
100
AcDbPolyline
 90
100
 70
1
 10
315.4267802673485
 20
67.46403493525244
 10
315.45809047744876
 20
67.45453708685547
 10
315.489954838992
 20
67.44710735979838
 10
315.52223690389
 20
67.44177756931309
 10
315.55479843538495
 20
67.4385705383807
 10
315.58750000000003
 20
67.4375
 10
328.58750000000003
 20
67.4375
 10
328.6202015646151
 20
67.4385705383807
 10
328.65276309611005
 20
67.44177756931309
 10
328.6850451610081
 20
67.44710735979838
 10
328.7169095225513
 20
67.45453708685547
 10
328.7482197326516
 20
67.46403493525244
 10
328.77884171618257
 20
67.47556023374436
 10
328.80864434510954
 20
67.48906362923366
 10
328.83750000000003
 20
67.50448729810778
 10
328.8652851165098
 20
67.52176519384872
 10
328.8918807145044
 20
67.54082332985438
 10
328.9171729075501
 20
67.56158009626051
 10
328.9410533905933
 20
67.58394660940672
 10
328.9634199037395
 20
67.60782709244997
 10
328.98417667014564
 20
67.63311928549564
 10
329.0032348061513
 20
67.6597148834902
 10
329.02051270189224
 20
67.6875
 10
329.03593637076636
 20
67.7163556548905
 10
329.04943976625566
 20
67.74615828381745
 10
329.06096506474756
 20
67.77678026734841
 10
329.0704629131446
 20
67.80809047744874
 10
329.07789264020164
 20
67.83995483899193
 10
329.08322243068693
 20
67.87223690388997
 10
329.08642946161933
 20
67.90479843538493
 10
329.08750000000003
 20
67.9375
 10
329.08750000000003
 20
80.9375
 10
329.08642946161933
 20
80.97020156461507
 10
329.08322243068693
 20
81.00276309611003
 10
329.07789264020164
 20
81.03504516100807
 10
329.0704629131446
 20
81.06690952255126
 10
329.06096506474756
 20
81.09821973265159
 10
329.04943976625566
 20
81.12884171618255
 10
329.03593637076636
 20
81.1586443451095
 10
329.02051270189224
 20
81.1875
 10
329.0032348061513
 20
81.2152851165098
 10
328.98417667014564
 20
81.24188071450436
 10
328.9634199037395
 20
81.26717290755003
 10
328.9410533905933
 20
81.29105339059328
 10
328.9171729075501
 20
81.31341990373949
 10
328.8918807145044
 20
81.33417667014562
 10
328.8652851165098
 20
81.35323480615128
 10
328.83750000000003
 20
81.37051270189222
 10
328.80864434510954
 20
81.38593637076634
 10
328.77884171618257
 20
81.39943976625564
 10
328.7482197326516
 20
81.41096506474756
 10
328.7169095225513
 20
81.42046291314453
 10
328.6850451610081
 20
81.42789264020162
 10
328.65276309611005
 20
81.43322243068691
 10
328.6202015646151
 20
81.4364294616193
 10
328.58750000000003
 20
81.4375
 10
315.58750000000003
 20
81.4375
 10
315.55479843538495
 20
81.4364294616193
 10
315.52223690389
 20
81.43322243068691
 10
315.489954838992
 20
81.42789264020162
 10
315.45809047744876
 20
81.42046291314453
 10
315.4267802673485
 20
81.41096506474756
 10
315.3961582838175
 20
81.39943976625564
 10
315.3663556548905
 20
81.38593637076634
 10
315.33750000000003
 20
81.37051270189222
 10
315.30971488349024
 20
81.35323480615128
 10
315.2831192854957
 20
81.33417667014562
 10
315.25782709245
 20
81.31341990373949
 10
315.23394660940676
 20
81.29105339059328
 10
315.21158009626055
 20
81.26717290755003
 10
315.1908233298544
 20
81.24188071450436
 10
315.1717651938488
 20
81.2152851165098
 10
315.1544872981078
 20
81.1875
 10
315.1390636292337
 20
81.1586443451095
 10
315.1255602337444
 20
81.12884171618255
 10
315.1140349352525
 20
81.09821973265159
 10
315.1045370868555
 20
81.06690952255126
 10
315.09710735979843
 20
81.03504516100807
 10
315.09177756931314
 20
81.00276309611003
 10
315.08857053838074
 20
80.97020156461507
 10
315.08750000000003
 20
80.9375
 10
315.08750000000003
 20
67.9375
 10
315.08857053838074
 20
67.90479843538493
 10
315.09177756931314
 20
67.87223690388997
 10
315.09710735979843
 20
67.83995483899193
 10
315.1045370868555
 20
67.80809047744874
 10
315.1140349352525
 20
67.77678026734841
 10
315.1255602337444
 20
67.74615828381745
 10
315.1390636292337
 20
67.7163556548905
 10
315.1544872981078
 20
67.6875
 10
315.1717651938488
 20
67.6597148834902
 10
315.1908233298544
 20
67.63311928549564
 10
315.21158009626055
 20
67.60782709244997
 10
315.23394660940676
 20
67.58394660940672
 10
315.25782709245
 20
67.56158009626051
 10
315.2831192854957
 20
67.54082332985438
 10
315.30971488349024
 20
67.52176519384872
 10
315.33750000000003
 20
67.50448729810778
 10
315.3663556548905
 20
67.48906362923366
 10
315.3961582838175
 20
67.47556023374436
  0
LWPOLYLINE
  5
8D
330
17
100
AcDbEntity
  8
CUTOUTS
100
AcDbPolyline
 90
100
 70
1
 10
254.60128026734841
 20
85.51403493525245
 10
254.63259047744873
 20
85.50453708685548
 10
254.66445483899193
 20
85.49710735979839
 10
254.69673690388998
 20
85.4917775693131
 10
254.72929843538492
 20
85.48857053838071
 10
254.762
 20
85.48750000000001
 10
260.762
 20
85.48750000000001
 10
260.7947015646151
 20
85.48857053838071
 10
260.82726309611
 20
85.4917775693131
 10
260.85954516100804
 20
85.49710735979839
 10
260.89140952255127
 20
85.50453708685548
 10
260.92271973265156
 20
85.51403493525245
 10
260.95334171618254
 20
85.52556023374437
 10
260.9831443451095
 20
85.53906362923367
 10
261.012
 20
85.55448729810779
 10
261.0397851165098
 20
85.57176519384873
 10
261.06638071450436
 20
85.59082332985439
 10
261.09167290755005
 20
85.61158009626052
 10
261.1155533905933
 20
85.63394660940673
 10
261.1379199037395
 20
85.65782709244998
 10
261.1586766701456
 20
85.68311928549565
 10
261.17773480615125
 20
85.70971488349021
 10
261.1950127018922
 20
85.73750000000001
 10
261.21043637076633
 20
85.76635565489052
 10
261.2239397662556
 20
85.79615828381746
 10
261.23546506474753
 20
85.82678026734843
 10
261.24496291314455
 20
85.85809047744875
 10
261.2523926402016
 20
85.88995483899194
 10
261.2577224306869
 20
85.92223690388998
 10
261.2609294616193
 20
85.95479843538494
 10
261.262
 20
85.98750000000001
 10
261.262
 20
98.98750000000001
 10
261.2609294616193
 20
99.02020156461508
 10
261.2577224306869
 20
99.05276309611004
 10
261.2523926402016
 20
99.08504516100808
 10
261.24496291314455
 20
99.11690952255127
 10
261.23546506474753
 20
99.1482197326516
 10
261.2239397662556
 20
99.17884171618256
 10
261.21043637076633
 20
99.2086443451095
 10
261.1950127018922
 20
99.23750000000001
 10
261.17773480615125
 20
99.26528511650982
 10
261.1586766701456
 20
99.29188071450437
 10
261.1379199037395
 20
99.31717290755005
 10
261.1155533905933
 20
99.34105339059329
 10
261.09167290755005
 20
99.3634199037395
 10
261.06638071450436
 20
99.38417667014564
 10
261.0397851165098
 20
99.40323480615129
 10
261.012
 20
99.42051270189224
 10
260.9831443451095
 20
99.43593637076636
 10
260.95334171618254
 20
99.44943976625565
 10
260.92271973265156
 20
99.46096506474757
 10
260.89140952255127
 20
99.47046291314454
 10
260.85954516100804
 20
99.47789264020163
 10
260.82726309611
 20
99.48322243068692
 10
260.7947015646151
 20
99.48642946161931
 10
260.762
 20
99.48750000000001
 10
254.762
 20
99.48750000000001
 10
254.72929843538492
 20
99.48642946161931
 10
254.69673690388998
 20
99.48322243068692
 10
254.66445483899193
 20
99.47789264020163
 10
254.63259047744873
 20
99.47046291314454
 10
254.60128026734841
 20
99.46096506474757
 10
254.57065828381747
 20
99.44943976625565
 10
254.5408556548905
 20
99.43593637076636
 10
254.512
 20
99.42051270189224
 10
254.4842148834902
 20
99.40323480615129
 10
254.45761928549564
 20
99.38417667014564
 10
254.43232709244995
 20
99.3634199037395
 10
254.40844660940672
 20
99.34105339059329
 10
254.3860800962605
 20
99.31717290755005
 10
254.3653233298544
 20
99.29188071450437
 10
254.34626519384872
 20
99.26528511650982
 10
254.3289872981078
 20
99.23750000000001
 10
254.31356362923367
 20
99.2086443451095
 10
254.30006023374435
 20
99.17884171618256
 10
254.28853493525244
 20
99.1482197326516
 10
254.27903708685545
 20
99.11690952255127
 10
254.2716073597984
 20
99.08504516100808
 10
254.2662775693131
 20
99.05276309611004
 10
254.2630705383807
 20
99.02020156461508
 10
254.262
 20
98.98750000000001
 10
254.262
 20
85.98750000000001
 10
254.2630705383807
 20
85.95479843538494
 10
254.2662775693131
 20
85.92223690388998
 10
254.2716073597984
 20
85.88995483899194
 10
254.27903708685545
 20
85.85809047744875
 10
254.28853493525244
 20
85.82678026734843
 10
254.30006023374435
 20
85.79615828381746
 10
254.31356362923367
 20
85.76635565489052
 10
254.3289872981078
 20
85.73750000000001
 10
254.34626519384872
 20
85.70971488349021
 10
254.3653233298544
 20
85.68311928549565
 10
254.3860800962605
 20
85.65782709244998
 10
254.40844660940672
 20
85.63394660940673
 10
254.43232709244995
 20
85.61158009626052
 10
254.45761928549564
 20
85.59082332985439
 10
254.4842148834902
 20
85.57176519384873
 10
254.512
 20
85.55448729810779
 10
254.5408556548905
 20
85.53906362923367
 10
254.57065828381747
 20
85.52556023374437
  0
LWPOLYLINE
  5
8E
330
17
100
AcDbEntity
  8
CUTOUTS
100
AcDbPolyline
 90
100
 70
1
 10
278.5085904774487
 20
85.50453708685548
 10
278.54045483899193
 20
85.49710735979839
 10
278.57273690388996
 20
85.4917775693131
 10
278.6052984353849
 20
85.48857053838071
 10
278.638
 20
85.48750000000001
 10
284.638
 20
85.48750000000001
 10
284.67070156461506
 20
85.48857053838071
 10
284.70326309611
 20
85.4917775693131
 10
284.735545161008
 20
85.49710735979839
 10
284.76740952255125
 20
85.50453708685548
 10
284.79871973265153
 20
85.51403493525245
 10
284.8293417161825
 20
85.52556023374437
 10
284.8591443451095
 20
85.53906362923367
 10
284.888
 20
85.55448729810779
 10
284.91578511650977
 20
85.57176519384873
 10
284.94238071450434
 20
85.59082332985439
 10
284.96767290755
 20
85.61158009626052
 10
284.99155339059325
 20
85.63394660940673
 10
285.01391990373946
 20
85.65782709244998
 10
285.0346766701456
 20
85.68311928549565
 10
285.0537348061512
 20
85.70971488349021
 10
285.0710127018922
 20
85.73750000000001
 10
285.0864363707663
 20
85.76635565489052
 10
285.0999397662556
 20
85.79615828381746
 10
285.1114650647475
 20
85.82678026734843
 10
285.1209629131445
 20
85.85809047744875
 10
285.1283926402016
 20
85.88995483899194
 10
285.1337224306869
 20
85.92223690388998
 10
285.1369294616193
 20
85.95479843538494
 10
285.138
 20
85.98750000000001
 10
285.138
 20
98.98750000000001
 10
285.1369294616193
 20
99.02020156461508
 10
285.1337224306869
 20
99.05276309611004
 10
285.1283926402016
 20
99.08504516100808
 10
285.1209629131445
 20
99.11690952255127
 10
285.1114650647475
 20
99.1482197326516
 10
285.0999397662556
 20
99.17884171618256
 10
285.0864363707663
 20
99.2086443451095
 10
285.0710127018922
 20
99.23750000000001
 10
285.0537348061512
 20
99.26528511650982
 10
285.0346766701456
 20
99.29188071450437
 10
285.01391990373946
 20
99.31717290755005
 10
284.99155339059325
 20
99.34105339059329
 10
284.96767290755
 20
99.3634199037395
 10
284.94238071450434
 20
99.38417667014564
 10
284.91578511650977
 20
99.40323480615129
 10
284.888
 20
99.42051270189224
 10
284.8591443451095
 20
99.43593637076636
 10
284.8293417161825
 20
99.44943976625565
 10
284.79871973265153
 20
99.46096506474757
 10
284.76740952255125
 20
99.47046291314454
 10
284.735545161008
 20
99.47789264020163
 10
284.70326309611
 20
99.48322243068692
 10
284.67070156461506
 20
99.48642946161931
 10
284.638
 20
99.48750000000001
 10
278.638
 20
99.48750000000001
 10
278.6052984353849
 20
99.48642946161931
 10
278.57273690388996
 20
99.48322243068692
 10
278.54045483899193
 20
99.47789264020163
 10
278.5085904774487
 20
99.47046291314454
 10
278.4772802673484
 20
99.46096506474757
 10
278.44665828381744
 20
99.44943976625565
 10
278.41685565489047
 20
99.43593637076636
 10
278.388
 20
99.42051270189224
 10
278.3602148834902
 20
99.40323480615129
 10
278.3336192854956
 20
99.38417667014564
 10
278.30832709244993
 20
99.3634199037395
 10
278.2844466094067
 20
99.34105339059329
 10
278.2620800962605
 20
99.31717290755005
 10
278.24132332985437
 20
99.29188071450437
 10
278.2222651938487
 20
99.26528511650982
 10
278.20498729810777
 20
99.23750000000001
 10
278.18956362923365
 20
99.2086443451095
 10
278.17606023374435
 20
99.17884171618256
 10
278.16453493525245
 20
99.1482197326516
 10
278.15503708685543
 20
99.11690952255127
 10
278.14760735979837
 20
99.08504516100808
 10
278.1422775693131
 20
99.05276309611004
 10
278.1390705383807
 20
99.02020156461508
 10
278.138
 20
98.98750000000001
 10
278.138
 20
85.98750000000001
 10
278.1390705383807
 20
85.95479843538494
 10
278.1422775693131
 20
85.92223690388998
 10
278.14760735979837
 20
85.88995483899194
 10
278.15503708685543
 20
85.85809047744875
 10
278.16453493525245
 20
85.82678026734843
 10
278.17606023374435
 20
85.79615828381746
 10
278.18956362923365
 20
85.76635565489052
 10
278.20498729810777
 20
85.73750000000001
 10
278.2222651938487
 20
85.70971488349021
 10
278.24132332985437
 20
85.68311928549565
 10
278.2620800962605
 20
85.65782709244998
 10
278.2844466094067
 20
85.63394660940673
 10
278.30832709244993
 20
85.61158009626052
 10
278.3336192854956
 20
85.59082332985439
 10
278.3602148834902
 20
85.57176519384873
 10
278.388
 20
85.55448729810779
 10
278.41685565489047
 20
85.53906362923367
 10
278.44665828381744
 20
85.52556023374437
 10
278.4772802673484
 20
85.51403493525245
  0
LWPOLYLINE
  5
8F
330
17
100
AcDbEntity
  8
CUTOUTS
100
AcDbPolyline
 90
100
 70
1
 10
263.03928026734843
 20
86.51403493525245
 10
263.0705904774487
 20
86.50453708685548
 10
263.10245483899195
 20
86.49710735979839
 10
263.13473690389
 20
86.4917775693131
 10
263.1672984353849
 20
86.48857053838071
 10
263.2
 20
86.48750000000001
 10
276.2
 20
86.48750000000001
 10
276.23270156461507
 20
86.48857053838071
 10
276.26526309611
 20
86.4917775693131
 10
276.29754516100803
 20
86.49710735979839
 10
276.32940952255126
 20
86.50453708685548
 10
276.36071973265155
 20
86.51403493525245
 10
276.3913417161825
 20
86.52556023374437
 10
276.4211443451095
 20
86.53906362923367
 10
276.45
 20
86.55448729810779
 10
276.4777851165098
 20
86.57176519384873
 10
276.50438071450435
 20
86.59082332985439
 10
276.52967290755004
 20
86.61158009626052
 10
276.55355339059327
 20
86.63394660940673
 10
276.5759199037395
 20
86.65782709244998
 10
276.5966766701456
 20
86.68311928549565
 10
276.61573480615124
 20
86.70971488349021
 10
276.6330127018922
 20
86.73750000000001
 10
276.6484363707663
 20
86.76635565489052
 10
276.6619397662556
 20
86.79615828381746
 10
276.6734650647475
 20
86.82678026734843
 10
276.68296291314454
 20
86.85809047744875
 10
276.6903926402016
 20
86.88995483899194
 10
276.6957224306869
 20
86.92223690388998
 10
276.6989294616193
 20
86.95479843538494
 10
276.7
 20
86.98750000000001
 10
276.7
 20
99.98750000000001
 10
276.6989294616193
 20
100.02020156461508
 10
276.6957224306869
 20
100.05276309611004
 10
276.6903926402016
 20
100.08504516100808
 10
276.68296291314454
 20
100.11690952255127
 10
276.6734650647475
 20
100.1482197326516
 10
276.6619397662556
 20
100.17884171618256
 10
276.6484363707663
 20
100.2086443451095
 10
276.6330127018922
 20
100.23750000000001
 10
276.61573480615124
 20
100.26528511650982
 10
276.5966766701456
 20
100.29188071450437
 10
276.5759199037395
 20
100.31717290755005
 10
276.55355339059327
 20
100.34105339059329
 10
276.52967290755004
 20
100.3634199037395
 10
276.50438071450435
 20
100.38417667014564
 10
276.4777851165098
 20
100.40323480615129
 10
276.45
 20
100.42051270189224
 10
276.4211443451095
 20
100.43593637076636
 10
276.3913417161825
 20
100.44943976625565
 10
276.36071973265155
 20
100.46096506474757
 10
276.32940952255126
 20
100.47046291314454
 10
276.29754516100803
 20
100.47789264020163
 10
276.26526309611
 20
100.48322243068692
 10
276.23270156461507
 20
100.48642946161931
 10
276.2
 20
100.48750000000001
 10
263.2
 20
100.48750000000001
 10
263.1672984353849
 20
100.48642946161931
 10
263.13473690389
 20
100.48322243068692
 10
263.10245483899195
 20
100.47789264020163
 10
263.0705904774487
 20
100.47046291314454
 10
263.03928026734843
 20
100.46096506474757
 10
263.00865828381745
 20
100.44943976625565
 10
262.9788556548905
 20
100.43593637076636
 10
262.95
 20
100.42051270189224
 10
262.9222148834902
 20
100.40323480615129
 10
262.8956192854956
 20
100.38417667014564
 10
262.87032709244994
 20
100.3634199037395
 10
262.8464466094067
 20
100.34105339059329
 10
262.8240800962605
 20
100.31717290755005
 10
262.8033233298544
 20
100.29188071450437
 10
262.78426519384874
 20
100.26528511650982
 10
262.7669872981078
 20
100.23750000000001
 10
262.75156362923366
 20
100.2086443451095
 10
262.73806023374436
 20
100.17884171618256
 10
262.72653493525246
 20
100.1482197326516
 10
262.71703708685544
 20
100.11690952255127
 10
262.7096073597984
 20
100.08504516100808
 10
262.7042775693131
 20
100.05276309611004
 10
262.7010705383807
 20
100.02020156461508
 10
262.7
 20
99.98750000000001
 10
262.7
 20
86.98750000000001
 10
262.7010705383807
 20
86.95479843538494
 10
262.7042775693131
 20
86.92223690388998
 10
262.7096073597984
 20
86.88995483899194
 10
262.71703708685544
 20
86.85809047744875
 10
262.72653493525246
 20
86.82678026734843
 10
262.73806023374436
 20
86.79615828381746
 10
262.75156362923366
 20
86.76635565489052
 10
262.7669872981078
 20
86.73750000000001
 10
262.78426519384874
 20
86.70971488349021
 10
262.8033233298544
 20
86.68311928549565
 10
262.8240800962605
 20
86.65782709244998
 10
262.8464466094067
 20
86.63394660940673
 10
262.87032709244994
 20
86.61158009626052
 10
262.8956192854956
 20
86.59082332985439
 10
262.9222148834902
 20
86.57176519384873
 10
262.95
 20
86.55448729810779
 10
262.9788556548905
 20
86.53906362923367
 10
263.00865828381745
 20
86.52556023374437
  0
LWPOLYLINE
  5
90
330
17
100
AcDbEntity
  8
CUTOUTS
100
AcDbPolyline
 90
100
 70
1
 10
315.4267802673485
 20
86.51403493525245
 10
315.45809047744876
 20
86.50453708685548
 10
315.489954838992
 20
86.49710735979839
 10
315.52223690389
 20
86.4917775693131
 10
315.55479843538495
 20
86.48857053838071
 10
315.58750000000003
 20
86.48750000000001
 10
328.58750000000003
 20
86.48750000000001
 10
328.6202015646151
 20
86.48857053838071
 10
328.65276309611005
 20
86.4917775693131
 10
328.6850451610081
 20
86.49710735979839
 10
328.7169095225513
 20
86.50453708685548
 10
328.7482197326516
 20
86.51403493525245
 10
328.77884171618257
 20
86.52556023374437
 10
328.80864434510954
 20
86.53906362923367
 10
328.83750000000003
 20
86.55448729810779
 10
328.8652851165098
 20
86.57176519384873
 10
328.8918807145044
 20
86.59082332985439
 10
328.9171729075501
 20
86.61158009626052
 10
328.9410533905933
 20
86.63394660940673
 10
328.9634199037395
 20
86.65782709244998
 10
328.98417667014564
 20
86.68311928549565
 10
329.0032348061513
 20
86.70971488349021
 10
329.02051270189224
 20
86.73750000000001
 10
329.03593637076636
 20
86.76635565489052
 10
329.04943976625566
 20
86.79615828381746
 10
329.06096506474756
 20
86.82678026734843
 10
329.0704629131446
 20
86.85809047744875
 10
329.07789264020164
 20
86.88995483899194
 10
329.08322243068693
 20
86.92223690388998
 10
329.08642946161933
 20
86.95479843538494
 10
329.08750000000003
 20
86.98750000000001
 10
329.08750000000003
 20
99.98750000000001
 10
329.08642946161933
 20
100.02020156461508
 10
329.08322243068693
 20
100.05276309611004
 10
329.07789264020164
 20
100.08504516100808
 10
329.0704629131446
 20
100.11690952255127
 10
329.06096506474756
 20
100.1482197326516
 10
329.04943976625566
 20
100.17884171618256
 10
329.03593637076636
 20
100.2086443451095
 10
329.02051270189224
 20
100.23750000000001
 10
329.0032348061513
 20
100.26528511650982
 10
328.98417667014564
 20
100.29188071450437
 10
328.9634199037395
 20
100.31717290755005
 10
328.9410533905933
 20
100.34105339059329
 10
328.9171729075501
 20
100.3634199037395
 10
328.8918807145044
 20
100.38417667014564
 10
328.8652851165098
 20
100.40323480615129
 10
328.83750000000003
 20
100.42051270189224
 10
328.80864434510954
 20
100.43593637076636
 10
328.77884171618257
 20
100.44943976625565
 10
328.7482197326516
 20
100.46096506474757
 10
328.7169095225513
 20
100.47046291314454
 10
328.6850451610081
 20
100.47789264020163
 10
328.65276309611005
 20
100.48322243068692
 10
328.6202015646151
 20
100.48642946161931
 10
328.58750000000003
 20
100.48750000000001
 10
315.58750000000003
 20
100.48750000000001
 10
315.55479843538495
 20
100.48642946161931
 10
315.52223690389
 20
100.48322243068692
 10
315.489954838992
 20
100.47789264020163
 10
315.45809047744876
 20
100.47046291314454
 10
315.4267802673485
 20
100.46096506474757
 10
315.3961582838175
 20
100.44943976625565
 10
315.3663556548905
 20
100.43593637076636
 10
315.33750000000003
 20
100.42051270189224
 10
315.30971488349024
 20
100.40323480615129
 10
315.2831192854957
 20
100.38417667014564
 10
315.25782709245
 20
100.3634199037395
 10
315.23394660940676
 20
100.34105339059329
 10
315.21158009626055
 20
100.31717290755005
 10
315.1908233298544
 20
100.29188071450437
 10
315.1717651938488
 20
100.26528511650982
 10
315.1544872981078
 20
100.23750000000001
 10
315.1390636292337
 20
100.2086443451095
 10
315.1255602337444
 20
100.17884171618256
 10
315.1140349352525
 20
100.1482197326516
 10
315.1045370868555
 20
100.11690952255127
 10
315.09710735979843
 20
100.08504516100808
 10
315.09177756931314
 20
100.05276309611004
 10
315.08857053838074
 20
100.02020156461508
 10
315.08750000000003
 20
99.98750000000001
 10
315.08750000000003
 20
86.98750000000001
 10
315.08857053838074
 20
86.95479843538494
 10
315.09177756931314
 20
86.92223690388998
 10
315.09710735979843
 20
86.88995483899194
 10
315.1045370868555
 20
86.85809047744875
 10
315.1140349352525
 20
86.82678026734843
 10
315.1255602337444
 20
86.79615828381746
 10
315.1390636292337
 20
86.76635565489052
 10
315.1544872981078
 20
86.73750000000001
 10
315.1717651938488
 20
86.70971488349021
 10
315.1908233298544
 20
86.68311928549565
 10
315.21158009626055
 20
86.65782709244998
 10
315.23394660940676
 20
86.63394660940673
 10
315.25782709245
 20
86.61158009626052
 10
315.2831192854957
 20
86.59082332985439
 10
315.30971488349024
 20
86.57176519384873
 10
315.33750000000003
 20
86.55448729810779
 10
315.3663556548905
 20
86.53906362923367
 10
315.3961582838175
 20
86.52556023374437
  0
LWPOLYLINE
  5
91
330
17
100
AcDbEntity
  8
CUTOUTS
100
AcDbPolyline
 90
100
 70
1
 10
243.98928026734842
 20
115.08903493525244
 10
244.02059047744874
 20
115.07953708685547
 10
244.05245483899193
 20
115.07210735979838
 10
244.08473690389
 20
115.06677756931309
 10
244.11729843538492
 20
115.0635705383807
 10
244.15
 20
115.0625
 10
257.15
 20
115.0625
 10
257.18270156461506
 20
115.0635705383807
 10
257.21526309611
 20
115.06677756931309
 10
257.247545161008
 20
115.07210735979838
 10
257.27940952255125
 20
115.07953708685547
 10
257.31071973265153
 20
115.08903493525244
 10
257.3413417161825
 20
115.10056023374436
 10
257.3711443451095
 20
115.11406362923366
 10
257.4
 20
115.12948729810778
 10
257.42778511650977
 20
115.14676519384872
 10
257.45438071450434
 20
115.16582332985438
 10
257.47967290755
 20
115.18658009626051
 10
257.50355339059325
 20
115.20894660940672
 10
257.52591990373946
 20
115.23282709244997
 10
257.5466766701456
 20
115.25811928549564
 10
257.5657348061512
 20
115.2847148834902
 10
257.5830127018922
 20
115.3125
 10
257.5984363707663
 20
115.3413556548905
 10
257.6119397662556
 20
115.37115828381745
 10
257.6234650647475
 20
115.40178026734841
 10
257.6329629131445
 20
115.43309047744874
 10
257.6403926402016
 20
115.46495483899193
 10
257.6457224306869
 20
115.49723690388997
 10
257.6489294616193
 20
115.52979843538493
 10
257.65
 20
115.5625
 10
257.65
 20
128.5625
 10
257.6489294616193
 20
128.59520156461508
 10
257.6457224306869
 20
128.62776309611002
 10
257.6403926402016
 20
128.66004516100807
 10
257.6329629131445
 20
128.69190952255127
 10
257.6234650647475
 20
128.7232197326516
 10
257.6119397662556
 20
128.75384171618254
 10
257.5984363707663
 20
128.7836443451095
 10
257.5830127018922
 20
128.8125
 10
257.5657348061512
 20
128.8402851165098
 10
257.5466766701456
 20
128.86688071450436
 10
257.52591990373946
 20
128.89217290755005
 10
257.50355339059325
 20
128.91605339059328
 10
257.47967290755
 20
128.9384199037395
 10
257.45438071450434
 20
128.9591766701456
 10
257.42778511650977
 20
128.97823480615128
 10
257.4
 20
128.9955127018922
 10
257.3711443451095
 20
129.01093637076633
 10
257.3413417161825
 20
129.02443976625565
 10
257.31071973265153
 20
129.03596506474756
 10
257.27940952255125
 20
129.04546291314455
 10
257.247545161008
 20
129.0528926402016
 10
257.21526309611
 20
129.0582224306869
 10
257.18270156461506
 20
129.0614294616193
 10
257.15
 20
129.0625
 10
244.15
 20
129.0625
 10
244.11729843538492
 20
129.0614294616193
 10
244.08473690389
 20
129.0582224306869
 10
244.05245483899193
 20
129.0528926402016
 10
244.02059047744874
 20
129.04546291314455
 10
243.98928026734842
 20
129.03596506474756
 10
243.95865828381747
 20
129.02443976625565
 10
243.9288556548905
 20
129.01093637076633
 10
243.9
 20
128.9955127018922
 10
243.87221488349022
 20
128.97823480615128
 10
243.84561928549564
 20
128.9591766701456
 10
243.82032709244996
 20
128.9384199037395
 10
243.79644660940673
 20
128.91605339059328
 10
243.77408009626052
 20
128.89217290755005
 10
243.7533233298544
 20
128.86688071450436
 10
243.73426519384873
 20
128.8402851165098
 10
243.7169872981078
 20
128.8125
 10
243.70156362923368
 20
128.7836443451095
 10
243.68806023374435
 20
128.75384171618254
 10
243.67653493525245
 20
128.7232197326516
 10
243.66703708685546
 20
128.69190952255127
 10
243.6596073597984
 20
128.66004516100807
 10
243.6542775693131
 20
128.62776309611002
 10
243.6510705383807
 20
128.59520156461508
 10
243.65
 20
128.5625
 10
243.65
 20
115.5625
 10
243.6510705383807
 20
115.52979843538493
 10
243.6542775693131
 20
115.49723690388997
 10
243.6596073597984
 20
115.46495483899193
 10
243.66703708685546
 20
115.43309047744874
 10
243.67653493525245
 20
115.40178026734841
 10
243.68806023374435
 20
115.37115828381745
 10
243.70156362923368
 20
115.3413556548905
 10
243.7169872981078
 20
115.3125
 10
243.73426519384873
 20
115.2847148834902
 10
243.7533233298544
 20
115.25811928549564
 10
243.77408009626052
 20
115.23282709244997
 10
243.79644660940673
 20
115.20894660940672
 10
243.82032709244996
 20
115.18658009626051
 10
243.84561928549564
 20
115.16582332985438
 10
243.87221488349022
 20
115.14676519384872
 10
243.9
 20
115.12948729810778
 10
243.9288556548905
 20
115.11406362923366
 10
243.95865828381747
 20
115.10056023374436
  0
LWPOLYLINE
  5
92
330
17
100
AcDbEntity
  8
CUTOUTS
100
AcDbPolyline
 90
100
 70
1
 10
263.03928026734843
 20
115.08903493525244
 10
263.0705904774487
 20
115.07953708685547
 10
263.10245483899195
 20
115.07210735979838
 10
263.13473690389
 20
115.06677756931309
 10
263.1672984353849
 20
115.0635705383807
 10
263.2
 20
115.0625
 10
276.2
 20
115.0625
 10
276.23270156461507
 20
115.0635705383807
 10
276.26526309611
 20
115.06677756931309
 10
276.29754516100803
 20
115.07210735979838
 10
276.32940952255126
 20
115.07953708685547
 10
276.36071973265155
 20
115.08903493525244
 10
276.3913417161825
 20
115.10056023374436
 10
276.4211443451095
 20
115.11406362923366
 10
276.45
 20
115.12948729810778
 10
276.4777851165098
 20
115.14676519384872
 10
276.50438071450435
 20
115.16582332985438
 10
276.52967290755004
 20
115.18658009626051
 10
276.55355339059327
 20
115.20894660940672
 10
276.5759199037395
 20
115.23282709244997
 10
276.5966766701456
 20
115.25811928549564
 10
276.61573480615124
 20
115.2847148834902
 10
276.6330127018922
 20
115.3125
 10
276.6484363707663
 20
115.3413556548905
 10
276.6619397662556
 20
115.37115828381745
 10
276.6734650647475
 20
115.40178026734841
 10
276.68296291314454
 20
115.43309047744874
 10
276.6903926402016
 20
115.46495483899193
 10
276.6957224306869
 20
115.49723690388997
 10
276.6989294616193
 20
115.52979843538493
 10
276.7
 20
115.5625
 10
276.7
 20
128.5625
 10
276.6989294616193
 20
128.59520156461508
 10
276.6957224306869
 20
128.62776309611002
 10
276.6903926402016
 20
128.66004516100807
 10
276.68296291314454
 20
128.69190952255127
 10
276.6734650647475
 20
128.7232197326516
 10
276.6619397662556
 20
128.75384171618254
 10
276.6484363707663
 20
128.7836443451095
 10
276.6330127018922
 20
128.8125
 10
276.61573480615124
 20
128.8402851165098
 10
276.5966766701456
 20
128.86688071450436
 10
276.5759199037395
 20
128.89217290755005
 10
276.55355339059327
 20
128.91605339059328
 10
276.52967290755004
 20
128.9384199037395
 10
276.50438071450435
 20
128.9591766701456
 10
276.4777851165098
 20
128.97823480615128
 10
276.45
 20
128.9955127018922
 10
276.4211443451095
 20
129.01093637076633
 10
276.3913417161825
 20
129.02443976625565
 10
276.36071973265155
 20
129.03596506474756
 10
276.32940952255126
 20
129.04546291314455
 10
276.29754516100803
 20
129.0528926402016
 10
276.26526309611
 20
129.0582224306869
 10
276.23270156461507
 20
129.0614294616193
 10
276.2
 20
129.0625
 10
263.2
 20
129.0625
 10
263.1672984353849
 20
129.0614294616193
 10
263.13473690389
 20
129.0582224306869
 10
263.10245483899195
 20
129.0528926402016
 10
263.0705904774487
 20
129.04546291314455
 10
263.03928026734843
 20
129.03596506474756
 10
263.00865828381745
 20
129.02443976625565
 10
262.9788556548905
 20
129.01093637076633
 10
262.95
 20
128.9955127018922
 10
262.9222148834902
 20
128.97823480615128
 10
262.8956192854956
 20
128.9591766701456
 10
262.87032709244994
 20
128.9384199037395
 10
262.8464466094067
 20
128.91605339059328
 10
262.8240800962605
 20
128.89217290755005
 10
262.8033233298544
 20
128.86688071450436
 10
262.78426519384874
 20
128.8402851165098
 10
262.7669872981078
 20
128.8125
 10
262.75156362923366
 20
128.7836443451095
 10
262.73806023374436
 20
128.75384171618254
 10
262.72653493525246
 20
128.7232197326516
 10
262.71703708685544
 20
128.69190952255127
 10
262.7096073597984
 20
128.66004516100807
 10
262.7042775693131
 20
128.62776309611002
 10
262.7010705383807
 20
128.59520156461508
 10
262.7
 20
128.5625
 10
262.7
 20
115.5625
 10
262.7010705383807
 20
115.52979843538493
 10
262.7042775693131
 20
115.49723690388997
 10
262.7096073597984
 20
115.46495483899193
 10
262.71703708685544
 20
115.43309047744874
 10
262.72653493525246
 20
115.40178026734841
 10
262.73806023374436
 20
115.37115828381745
 10
262.75156362923366
 20
115.3413556548905
 10
262.7669872981078
 20
115.3125
 10
262.78426519384874
 20
115.2847148834902
 10
262.8033233298544
 20
115.25811928549564
 10
262.8240800962605
 20
115.23282709244997
 10
262.8464466094067
 20
115.20894660940672
 10
262.87032709244994
 20
115.18658009626051
 10
262.8956192854956
 20
115.16582332985438
 10
262.9222148834902
 20
115.14676519384872
 10
262.95
 20
115.12948729810778
 10
262.9788556548905
 20
115.11406362923366
 10
263.00865828381745
 20
115.10056023374436
  0
LWPOLYLINE
  5
93
330
17
100
AcDbEntity
  8
CUTOUTS
100
AcDbPolyline
 90
100
 70
1
 10
315.4267802673485
 20
115.08903493525244
 10
315.45809047744876
 20
115.07953708685547
 10
315.489954838992
 20
115.07210735979838
 10
315.52223690389
 20
115.06677756931309
 10
315.55479843538495
 20
115.0635705383807
 10
315.58750000000003
 20
115.0625
 10
328.58750000000003
 20
115.0625
 10
328.6202015646151
 20
115.0635705383807
 10
328.65276309611005
 20
115.06677756931309
 10
328.6850451610081
 20
115.07210735979838
 10
328.7169095225513
 20
115.07953708685547
 10
328.7482197326516
 20
115.08903493525244
 10
328.77884171618257
 20
115.10056023374436
 10
328.80864434510954
 20
115.11406362923366
 10
328.83750000000003
 20
115.12948729810778
 10
328.8652851165098
 20
115.14676519384872
 10
328.8918807145044
 20
115.16582332985438
 10
328.9171729075501
 20
115.18658009626051
 10
328.9410533905933
 20
115.20894660940672
 10
328.9634199037395
 20
115.23282709244997
 10
328.98417667014564
 20
115.25811928549564
 10
329.0032348061513
 20
115.2847148834902
 10
329.02051270189224
 20
115.3125
 10
329.03593637076636
 20
115.3413556548905
 10
329.04943976625566
 20
115.37115828381745
 10
329.06096506474756
 20
115.40178026734841
 10
329.0704629131446
 20
115.43309047744874
 10
329.07789264020164
 20
115.46495483899193
 10
329.08322243068693
 20
115.49723690388997
 10
329.08642946161933
 20
115.52979843538493
 10
329.08750000000003
 20
115.5625
 10
329.08750000000003
 20
128.5625
 10
329.08642946161933
 20
128.59520156461508
 10
329.08322243068693
 20
128.62776309611002
 10
329.07789264020164
 20
128.66004516100807
 10
329.0704629131446
 20
128.69190952255127
 10
329.06096506474756
 20
128.7232197326516
 10
329.04943976625566
 20
128.75384171618254
 10
329.03593637076636
 20
128.7836443451095
 10
329.02051270189224
 20
128.8125
 10
329.0032348061513
 20
128.8402851165098
 10
328.98417667014564
 20
128.86688071450436
 10
328.9634199037395
 20
128.89217290755005
 10
328.9410533905933
 20
128.91605339059328
 10
328.9171729075501
 20
128.9384199037395
 10
328.8918807145044
 20
128.9591766701456
 10
328.8652851165098
 20
128.97823480615128
 10
328.83750000000003
 20
128.9955127018922
 10
328.80864434510954
 20
129.01093637076633
 10
328.77884171618257
 20
129.02443976625565
 10
328.7482197326516
 20
129.03596506474756
 10
328.7169095225513
 20
129.04546291314455
 10
328.6850451610081
 20
129.0528926402016
 10
328.65276309611005
 20
129.0582224306869
 10
328.6202015646151
 20
129.0614294616193
 10
328.58750000000003
 20
129.0625
 10
315.58750000000003
 20
129.0625
 10
315.55479843538495
 20
129.0614294616193
 10
315.52223690389
 20
129.0582224306869
 10
315.489954838992
 20
129.0528926402016
 10
315.45809047744876
 20
129.04546291314455
 10
315.4267802673485
 20
129.03596506474756
 10
315.3961582838175
 20
129.02443976625565
 10
315.3663556548905
 20
129.01093637076633
 10
315.33750000000003
 20
128.9955127018922
 10
315.30971488349024
 20
128.97823480615128
 10
315.2831192854957
 20
128.9591766701456
 10
315.25782709245
 20
128.9384199037395
 10
315.23394660940676
 20
128.91605339059328
 10
315.21158009626055
 20
128.89217290755005
 10
315.1908233298544
 20
128.86688071450436
 10
315.1717651938488
 20
128.8402851165098
 10
315.1544872981078
 20
128.8125
 10
315.1390636292337
 20
128.7836443451095
 10
315.1255602337444
 20
128.75384171618254
 10
315.1140349352525
 20
128.7232197326516
 10
315.1045370868555
 20
128.69190952255127
 10
315.09710735979843
 20
128.66004516100807
 10
315.09177756931314
 20
128.62776309611002
 10
315.08857053838074
 20
128.59520156461508
 10
315.08750000000003
 20
128.5625
 10
315.08750000000003
 20
115.5625
 10
315.08857053838074
 20
115.52979843538493
 10
315.09177756931314
 20
115.49723690388997
 10
315.09710735979843
 20
115.46495483899193
 10
315.1045370868555
 20
115.43309047744874
 10
315.1140349352525
 20
115.40178026734841
 10
315.1255602337444
 20
115.37115828381745
 10
315.1390636292337
 20
115.3413556548905
 10
315.1544872981078
 20
115.3125
 10
315.1717651938488
 20
115.2847148834902
 10
315.1908233298544
 20
115.25811928549564
 10
315.21158009626055
 20
115.23282709244997
 10
315.23394660940676
 20
115.20894660940672
 10
315.25782709245
 20
115.18658009626051
 10
315.2831192854957
 20
115.16582332985438
 10
315.30971488349024
 20
115.14676519384872
 10
315.33750000000003
 20
115.12948729810778
 10
315.3663556548905
 20
115.11406362923366
 10
315.3961582838175
 20
115.10056023374436
  0
LWPOLYLINE
  5
94
330
17
100
AcDbEntity
  8
FLEX
100
AcDbPolyline
 90
66
 70
1
 10
290.94584213981176
 20
132.88638176738155
 10
290.8953380420956
 20
132.91665275860902
 10
290.84211005941904
 20
132.9418277195068
 10
290.7866708063527
 20
132.96166420143933
 10
290.7295541932097
 20
132.97597116824195
 10
290.6713102841978
 20
132.98461083600333
 10
290.6125
 20
132.9875
 10
262.6125
 20
132.9875
 10
262.55368971580225
 20
132.98461083600333
 10
262.4954458067903
 20
132.97597116824195
 10
262.43832919364735
 20
132.96166420143933
 10
262.382889940581
 20
132.9418277195068
 10
262.3296619579044
 20
132.91665275860902
 10
262.27915786018826
 20
132.88638176738155
 10
262.2318640295018
 20
132.85130627201767
 10
262.1882359312881
 20
132.81176406871194
 10
262.1486937279824
 20
132.7681359704982
 10
262.1136182326185
 20
132.72084213981177
 10
262.083347241391
 20
132.6703380420956
 10
262.05817228049324
 20
132.61711005941908
 10
262.0383357985607
 20
132.5616708063527
 10
262.0240288317581
 20
132.50455419320969
 10
262.0153891639967
 20
132.44631028419775
 10
262.0125
 20
132.38750000000002
 10
262.0153891639967
 20
132.32868971580228
 10
262.0240288317581
 20
132.27044580679035
 10
262.0383357985607
 20
132.21332919364733
 10
262.05817228049324
 20
132.15788994058096
 10
262.083347241391
 20
132.10466195790443
 10
262.1136182326185
 20
132.05415786018827
 10
262.1486937279824
 20
132.00686402950183
 10
262.1882359312881
 20
131.9632359312881
 10
262.2318640295018
 20
131.92369372798237
 10
262.27915786018826
 20
131.88861823261848
 10
262.3296619579044
 20
131.85834724139102
 10
262.382889940581
 20
131.83317228049324
 10
262.43832919364735
 20
131.8133357985607
 10
262.4954458067903
 20
131.79902883175808
 10
262.55368971580225
 20
131.7903891639967
 10
262.6125
 20
131.78750000000002
 10
290.6125
 20
131.78750000000002
 10
290.6713102841978
 20
131.7903891639967
 10
290.7295541932097
 20
131.79902883175808
 10
290.7866708063527
 20
131.8133357985607
 10
290.84211005941904
 20
131.83317228049324
 10
290.8953380420956
 20
131.85834724139102
 10
290.94584213981176
 20
131.88861823261848
 10
290.9931359704982
 20
131.92369372798237
 10
291.03676406871193
 20
131.9632359312881
 10
291.07630627201763
 20
132.00686402950183
 10
291.11138176738154
 20
132.05415786018827
 10
291.14165275860904
 20
132.10466195790443
 10
291.1668277195068
 20
132.15788994058096
 10
291.1866642014393
 20
132.21332919364733
 10
291.20097116824195
 20
132.27044580679035
 10
291.2096108360033
 20
132.32868971580228
 10
291.21250000000003
 20
132.38750000000002
 10
291.2096108360033
 20
132.44631028419775
 10
291.20097116824195
 20
132.50455419320969
 10
291.1866642014393
 20
132.5616708063527
 10
291.1668277195068
 20
132.61711005941908
 10
291.14165275860904
 20
132.6703380420956
 10
291.11138176738154
 20
132.72084213981177
 10
291.07630627201763
 20
132.7681359704982
 10
291.03676406871193
 20
132.81176406871194
 10
290.9931359704982
 20
132.85130627201767
  0
ENDSEC
  0
SECTION
  2
OBJECTS
  0
DICTIONARY
  5
A
330
0
100
AcDbDictionary
281
1
  3
ACAD_COLOR
350
B
  3
ACAD_GROUP
350
C
  3
ACAD_LAYOUT
350
D
  3
ACAD_MATERIAL
350
E
  3
ACAD_MLEADERSTYLE
350
F
  3
ACAD_MLINESTYLE
350
10
  3
ACAD_PLOTSETTINGS
350
11
  3
ACAD_PLOTSTYLENAME
350
12
  3
ACAD_SCALELIST
350
14
  3
ACAD_TABLESTYLE
350
15
  3
ACAD_VISUALSTYLE
350
16
  3
EZDXF_META
350
2D
  0
DICTIONARY
  5
B
330
A
100
AcDbDictionary
281
1
  0
DICTIONARY
  5
C
330
A
100
AcDbDictionary
281
1
  0
DICTIONARY
  5
D
330
A
100
AcDbDictionary
281
1
  3
Model
350
1A
  3
Layout1
350
1E
  0
DICTIONARY
  5
E
330
A
100
AcDbDictionary
281
1
  3
ByBlock
350
1F
  3
ByLayer
350
20
  3
Global
350
21
  0
DICTIONARY
  5
F
330
A
100
AcDbDictionary
281
1
  3
Standard
350
2C
  0
DICTIONARY
  5
10
330
A
100
AcDbDictionary
281
1
  3
Standard
350
22
  0
DICTIONARY
  5
11
330
A
100
AcDbDictionary
281
1
  0
ACDBDICTIONARYWDFLT
  5
12
330
A
100
AcDbDictionary
281
1
  3
Normal
350
13
100
AcDbDictionaryWithDefault
340
13
  0
ACDBPLACEHOLDER
  5
13
330
12
  0
DICTIONARY
  5
14
330
A
100
AcDbDictionary
281
1
  0
DICTIONARY
  5
15
330
A
100
AcDbDictionary
281
1
  0
DICTIONARY
  5
16
330
A
100
AcDbDictionary
281
1
  0
LAYOUT
  5
1A
330
D
100
AcDbPlotSettings
  1

  4
A3
  6

 40
7.5
 41
20.0
 42
7.5
 43
20.0
 44
420.0
 45
297.0
 46
0.0
 47
0.0
 48
0.0
 49
0.0
140
0.0
141
0.0
142
1.0
143
1.0
 70
1024
 72
1
 73
0
 74
5
  7

 75
16
 76
0
 77
2
 78
300
147
1.0
148
0.0
149
0.0
100
AcDbLayout
  1
Model
 70
1
 71
0
 10
0.0
 20
0.0
 11
420.0
 21
297.0
 12
0.0
 22
0.0
 32
0.0
 14
1e+20
 24
1e+20
 34
1e+20
 15
-1e+20
 25
-1e+20
 35
-1e+20
146
0.0
 13
0.0
 23
0.0
 33
0.0
 16
1.0
 26
0.0
 36
0.0
 17
0.0
 27
1.0
 37
0.0
 76
1
330
17
  0
LAYOUT
  5
1E
330
D
100
AcDbPlotSettings
  1

  4
A3
  6

 40
7.5
 41
20.0
 42
7.5
 43
20.0
 44
420.0
 45
297.0
 46
0.0
 47
0.0
 48
0.0
 49
0.0
140
0.0
141
0.0
142
1.0
143
1.0
 70
0
 72
1
 73
0
 74
5
  7

 75
16
 76
0
 77
2
 78
300
147
1.0
148
0.0
149
0.0
100
AcDbLayout
  1
Layout1
 70
1
 71
1
 10
0.0
 20
0.0
 11
420.0
 21
297.0
 12
0.0
 22
0.0
 32
0.0
 14
1e+20
 24
1e+20
 34
1e+20
 15
-1e+20
 25
-1e+20
 35
-1e+20
146
0.0
 13
0.0
 23
0.0
 33
0.0
 16
1.0
 26
0.0
 36
0.0
 17
0.0
 27
1.0
 37
0.0
 76
1
330
1B
  0
MATERIAL
  5
1F
102
{ACAD_REACTORS
330
E
102
}
330
E
100
AcDbMaterial
  1
ByBlock
  2

 70
0
 40
1.0
 71
1
 41
1.0
 91
-1023410177
 42
1.0
 72
1
  3

 73
1
 74
1
 75
1
 44
0.5
 73
0
 45
1.0
 46
1.0
 77
1
  4

 78
1
 79
1
170
1
 48
1.0
171
1
  6

172
1
173
1
174
1
140
1.0
141
1.0
175
1
  7

176
1
177
1
178
1
143
1.0
179
1
  8

270
1
271
1
272
1
145
1.0
146
1.0
273
1
  9

274
1
275
1
276
1
 42
1.0
 72
1
  3

 73
1
 74
1
 75
1
 94
63
  0
MATERIAL
  5
20
102
{ACAD_REACTORS
330
E
102
}
330
E
100
AcDbMaterial
  1
ByLayer
  2

 70
0
 40
1.0
 71
1
 41
1.0
 91
-1023410177
 42
1.0
 72
1
  3

 73
1
 74
1
 75
1
 44
0.5
 73
0
 45
1.0
 46
1.0
 77
1
  4

 78
1
 79
1
170
1
 48
1.0
171
1
  6

172
1
173
1
174
1
140
1.0
141
1.0
175
1
  7

176
1
177
1
178
1
143
1.0
179
1
  8

270
1
271
1
272
1
145
1.0
146
1.0
273
1
  9

274
1
275
1
276
1
 42
1.0
 72
1
  3

 73
1
 74
1
 75
1
 94
63
  0
MATERIAL
  5
21
102
{ACAD_REACTORS
330
E
102
}
330
E
100
AcDbMaterial
  1
Global
  2

 70
0
 40
1.0
 71
1
 41
1.0
 91
-1023410177
 42
1.0
 72
1
  3

 73
1
 74
1
 75
1
 44
0.5
 73
0
 45
1.0
 46
1.0
 77
1
  4

 78
1
 79
1
170
1
 48
1.0
171
1
  6

172
1
173
1
174
1
140
1.0
141
1.0
175
1
  7

176
1
177
1
178
1
143
1.0
179
1
  8

270
1
271
1
272
1
145
1.0
146
1.0
273
1
  9

274
1
275
1
276
1
 42
1.0
 72
1
  3

 73
1
 74
1
 75
1
 94
63
  0
MLINESTYLE
  5
22
102
{ACAD_REACTORS
330
10
102
}
330
10
100
AcDbMlineStyle
  2
Standard
 70
0
  3

 62
256
 51
90.0
 52
90.0
 71
2
 49
0.5
 62
256
  6
BYLAYER
 49
-0.5
 62
256
  6
BYLAYER
  0
MLEADERSTYLE
  5
2C
102
{ACAD_REACTORS
330
F
102
}
330
F
100
AcDbMLeaderStyle
179
2
170
2
171
1
172
0
 90
2
 40
0.0
 41
0.0
173
1
 91
-1056964608
 92
-2
290
1
 42
2.0
291
1
 43
8.0
  3
Standard
 44
4.0
300

342
29
174
1
175
1
176
0
178
1
 93
-1056964608
 45
4.0
292
0
297
0
 46
4.0
 94
-1056964608
 47
1.0
 49
1.0
140
1.0
294
1
141
0.0
177
0
142
1.0
295
0
296
0
143
3.75
271
0
272
9
273
9
  0
DICTIONARY
  5
2D
330
A
100
AcDbDictionary
280
1
281
1
  3
CREATED_BY_EZDXF
350
2E
  3
WRITTEN_BY_EZDXF
350
97
  0
DICTIONARYVAR
  5
2E
330
2D
100
DictionaryVariables
280
0
  1
1.4.4 @ 2026-10-03T22:55:36.803239+00:00
  0
DICTIONARYVAR
  5
97
330
2D
100
DictionaryVariables
280
0
  1
1.4.4 @ 2026-10-03T22:55:36.899475+00:00
  0
ENDSEC
  0
EOF
