ISO-10303-21;
HEADER;
FILE_DESCRIPTION(('Open CASCADE Model'),'2;1');
FILE_NAME('Open CASCADE Shape Model','2026-10-02T04:22:26',('Author'),(
    'Open CASCADE'),'Open CASCADE STEP processor 7.9','Open CASCADE 7.9'
  ,'Unknown');
FILE_SCHEMA(('AUTOMOTIVE_DESIGN { 1 0 10303 214 1 1 1 1 }'));
ENDSEC;
DATA;
#1 = APPLICATION_PROTOCOL_DEFINITION('international standard',
  'automotive_design',2000,#2);
#2 = APPLICATION_CONTEXT(
  'core data for automotive mechanical design processes');
#3 = SHAPE_DEFINITION_REPRESENTATION(#4,#10);
#4 = PRODUCT_DEFINITION_SHAPE('','',#5);
#5 = PRODUCT_DEFINITION('design','',#6,#9);
#6 = PRODUCT_DEFINITION_FORMATION('','',#7);
#7 = PRODUCT('Open CASCADE STEP translator 7.9 1',
  'Open CASCADE STEP translator 7.9 1','',(#8));
#8 = PRODUCT_CONTEXT('',#2,'mechanical');
#9 = PRODUCT_DEFINITION_CONTEXT('part definition',#2,'design');
#10 = ADVANCED_BREP_SHAPE_REPRESENTATION('',(#11,#15),#9967);
#11 = AXIS2_PLACEMENT_3D('',#12,#13,#14);
#12 = CARTESIAN_POINT('',(0.,0.,0.));
#13 = DIRECTION('',(0.,0.,1.));
#14 = DIRECTION('',(1.,0.,-0.));
#15 = MANIFOLD_SOLID_BREP('',#16);
#16 = CLOSED_SHELL('',(#17,#137,#220,#301,#2343,#2393,#2452,#2501,#2907,
    #2934,#2983,#3033,#3083,#3110,#3165,#3220,#3275,#3330,#3385,#3440,
    #3517,#3566,#3615,#3720,#3825,#3875,#3925,#3974,#4023,#4077,#4131,
    #4231,#4331,#4380,#4429,#4483,#4588,#4637,#4687,#4792,#4841,#4895,
    #4949,#4998,#5098,#5148,#5197,#5297,#5402,#5451,#5501,#5606,#5655,
    #5709,#5763,#5812,#5912,#5962,#6011,#6111,#6165,#6214,#6263,#6368,
    #6473,#6527,#6581,#6630,#6679,#6729,#6779,#6879,#6979,#7028,#7077,
    #7105,#7160,#7215,#7242,#7269,#7296,#7323,#7330,#7407,#7461,#7515,
    #7570,#7625,#7679,#7733,#7766,#7770,#7774,#7778,#7782,#7786,#7790,
    #8607,#8661,#8715,#8796,#8823,#8850,#8877,#8958,#8985,#9066,#9093,
    #9120,#9147,#9228,#9255,#9336,#9363,#9390,#9417,#9498,#9525,#9606,
    #9633,#9660,#9687,#9691,#9695,#9742,#9769,#9796,#9823,#9850,#9877,
    #9904,#9911,#9918,#9925,#9932,#9939,#9946,#9953,#9960));
#17 = ADVANCED_FACE('',(#18),#32,.F.);
#18 = FACE_BOUND('',#19,.F.);
#19 = EDGE_LOOP('',(#20,#55,#83,#111));
#20 = ORIENTED_EDGE('',*,*,#21,.F.);
#21 = EDGE_CURVE('',#22,#24,#26,.T.);
#22 = VERTEX_POINT('',#23);
#23 = CARTESIAN_POINT('',(0.,4.467147924319,14.898559978141));
#24 = VERTEX_POINT('',#25);
#25 = CARTESIAN_POINT('',(0.,3.845203567876,20.815965255582));
#26 = SURFACE_CURVE('',#27,(#31,#43),.PCURVE_S1.);
#27 = LINE('',#28,#29);
#28 = CARTESIAN_POINT('',(0.,4.467147924319,14.898559978141));
#29 = VECTOR('',#30,1.);
#30 = DIRECTION('',(0.,-0.104528463268,0.994521895368));
#31 = PCURVE('',#32,#37);
#32 = PLANE('',#33);
#33 = AXIS2_PLACEMENT_3D('',#34,#35,#36);
#34 = CARTESIAN_POINT('',(0.,-1.499983447891,14.271389198535));
#35 = DIRECTION('',(1.,0.,0.));
#36 = DIRECTION('',(0.,-0.104528463268,0.994521895368));
#37 = DEFINITIONAL_REPRESENTATION('',(#38),#42);
#38 = LINE('',#39,#40);
#39 = CARTESIAN_POINT('',(0.,-6.));
#40 = VECTOR('',#41,1.);
#41 = DIRECTION('',(1.,0.));
#42 = ( GEOMETRIC_REPRESENTATION_CONTEXT(2) 
PARAMETRIC_REPRESENTATION_CONTEXT() REPRESENTATION_CONTEXT('2D SPACE',''
  ) );
#43 = PCURVE('',#44,#49);
#44 = CYLINDRICAL_SURFACE('',#45,6.);
#45 = AXIS2_PLACEMENT_3D('',#46,#47,#48);
#46 = CARTESIAN_POINT('',(6.,4.467147924319,14.898559978141));
#47 = DIRECTION('',(0.,-0.104528463268,0.994521895368));
#48 = DIRECTION('',(-1.,-0.,0.));
#49 = DEFINITIONAL_REPRESENTATION('',(#50),#54);
#50 = LINE('',#51,#52);
#51 = CARTESIAN_POINT('',(0.,0.));
#52 = VECTOR('',#53,1.);
#53 = DIRECTION('',(0.,1.));
#54 = ( GEOMETRIC_REPRESENTATION_CONTEXT(2) 
PARAMETRIC_REPRESENTATION_CONTEXT() REPRESENTATION_CONTEXT('2D SPACE',''
  ) );
#55 = ORIENTED_EDGE('',*,*,#56,.T.);
#56 = EDGE_CURVE('',#22,#57,#59,.T.);
#57 = VERTEX_POINT('',#58);
#58 = CARTESIAN_POINT('',(0.,150.25162626161,30.221126087388));
#59 = SURFACE_CURVE('',#60,(#64,#71),.PCURVE_S1.);
#60 = LINE('',#61,#62);
#61 = CARTESIAN_POINT('',(0.,-1.499983447891,14.271389198535));
#62 = VECTOR('',#63,1.);
#63 = DIRECTION('',(0.,0.994521895368,0.104528463268));
#64 = PCURVE('',#32,#65);
#65 = DEFINITIONAL_REPRESENTATION('',(#66),#70);
#66 = LINE('',#67,#68);
#67 = CARTESIAN_POINT('',(0.,0.));
#68 = VECTOR('',#69,1.);
#69 = DIRECTION('',(0.,-1.));
#70 = ( GEOMETRIC_REPRESENTATION_CONTEXT(2) 
PARAMETRIC_REPRESENTATION_CONTEXT() REPRESENTATION_CONTEXT('2D SPACE',''
  ) );
#71 = PCURVE('',#72,#77);
#72 = PLANE('',#73);
#73 = AXIS2_PLACEMENT_3D('',#74,#75,#76);
#74 = CARTESIAN_POINT('',(0.,-1.499983447891,14.271389198535));
#75 = DIRECTION('',(0.,-0.104528463268,0.994521895368));
#76 = DIRECTION('',(1.,0.,0.));
#77 = DEFINITIONAL_REPRESENTATION('',(#78),#82);
#78 = LINE('',#79,#80);
#79 = CARTESIAN_POINT('',(0.,0.));
#80 = VECTOR('',#81,1.);
#81 = DIRECTION('',(0.,1.));
#82 = ( GEOMETRIC_REPRESENTATION_CONTEXT(2) 
PARAMETRIC_REPRESENTATION_CONTEXT() REPRESENTATION_CONTEXT('2D SPACE',''
  ) );
#83 = ORIENTED_EDGE('',*,*,#84,.T.);
#84 = EDGE_CURVE('',#57,#85,#87,.T.);
#85 = VERTEX_POINT('',#86);
#86 = CARTESIAN_POINT('',(0.,149.62968190517,36.138531364829));
#87 = SURFACE_CURVE('',#88,(#92,#99),.PCURVE_S1.);
#88 = LINE('',#89,#90);
#89 = CARTESIAN_POINT('',(0.,150.25162626161,30.221126087388));
#90 = VECTOR('',#91,1.);
#91 = DIRECTION('',(0.,-0.104528463268,0.994521895368));
#92 = PCURVE('',#32,#93);
#93 = DEFINITIONAL_REPRESENTATION('',(#94),#98);
#94 = LINE('',#95,#96);
#95 = CARTESIAN_POINT('',(-1.7763568394E-15,-152.5875));
#96 = VECTOR('',#97,1.);
#97 = DIRECTION('',(1.,0.));
#98 = ( GEOMETRIC_REPRESENTATION_CONTEXT(2) 
PARAMETRIC_REPRESENTATION_CONTEXT() REPRESENTATION_CONTEXT('2D SPACE',''
  ) );
#99 = PCURVE('',#100,#105);
#100 = CYLINDRICAL_SURFACE('',#101,6.);
#101 = AXIS2_PLACEMENT_3D('',#102,#103,#104);
#102 = CARTESIAN_POINT('',(6.,150.25162626161,30.221126087388));
#103 = DIRECTION('',(0.,-0.104528463268,0.994521895368));
#104 = DIRECTION('',(-1.,-0.,0.));
#105 = DEFINITIONAL_REPRESENTATION('',(#106),#110);
#106 = LINE('',#107,#108);
#107 = CARTESIAN_POINT('',(-0.,0.));
#108 = VECTOR('',#109,1.);
#109 = DIRECTION('',(-0.,1.));
#110 = ( GEOMETRIC_REPRESENTATION_CONTEXT(2) 
PARAMETRIC_REPRESENTATION_CONTEXT() REPRESENTATION_CONTEXT('2D SPACE',''
  ) );
#111 = ORIENTED_EDGE('',*,*,#112,.F.);
#112 = EDGE_CURVE('',#24,#85,#113,.T.);
#113 = SURFACE_CURVE('',#114,(#118,#125),.PCURVE_S1.);
#114 = LINE('',#115,#116);
#115 = CARTESIAN_POINT('',(0.,3.845203567876,20.815965255582));
#116 = VECTOR('',#117,1.);
#117 = DIRECTION('',(0.,0.994521895368,0.104528463268));
#118 = PCURVE('',#32,#119);
#119 = DEFINITIONAL_REPRESENTATION('',(#120),#124);
#120 = LINE('',#121,#122);
#121 = CARTESIAN_POINT('',(5.95,-6.));
#122 = VECTOR('',#123,1.);
#123 = DIRECTION('',(0.,-1.));
#124 = ( GEOMETRIC_REPRESENTATION_CONTEXT(2) 
PARAMETRIC_REPRESENTATION_CONTEXT() REPRESENTATION_CONTEXT('2D SPACE',''
  ) );
#125 = PCURVE('',#126,#131);
#126 = PLANE('',#127);
#127 = AXIS2_PLACEMENT_3D('',#128,#129,#130);
#128 = CARTESIAN_POINT('',(0.4,3.803392182569,21.213774013729));
#129 = DIRECTION('',(0.707106781187,7.391278520357E-02,-0.703233176253)
  );
#130 = DIRECTION('',(0.,0.994521895368,0.104528463268));
#131 = DEFINITIONAL_REPRESENTATION('',(#132),#136);
#132 = LINE('',#133,#134);
#133 = CARTESIAN_POINT('',(-2.775557561563E-17,-0.565685424949));
#134 = VECTOR('',#135,1.);
#135 = DIRECTION('',(1.,0.));
#136 = ( GEOMETRIC_REPRESENTATION_CONTEXT(2) 
PARAMETRIC_REPRESENTATION_CONTEXT() REPRESENTATION_CONTEXT('2D SPACE',''
  ) );
#137 = ADVANCED_FACE('',(#138),#44,.T.);
#138 = FACE_BOUND('',#139,.T.);
#139 = EDGE_LOOP('',(#140,#141,#165,#193));
#140 = ORIENTED_EDGE('',*,*,#21,.F.);
#141 = ORIENTED_EDGE('',*,*,#142,.T.);
#142 = EDGE_CURVE('',#22,#143,#145,.T.);
#143 = VERTEX_POINT('',#144);
#144 = CARTESIAN_POINT('',(6.,-1.499983447891,14.271389198535));
#145 = SURFACE_CURVE('',#146,(#151,#158),.PCURVE_S1.);
#146 = CIRCLE('',#147,6.);
#147 = AXIS2_PLACEMENT_3D('',#148,#149,#150);
#148 = CARTESIAN_POINT('',(6.,4.467147924319,14.898559978141));
#149 = DIRECTION('',(0.,-0.104528463268,0.994521895368));
#150 = DIRECTION('',(0.,-0.994521895368,-0.104528463268));
#151 = PCURVE('',#44,#152);
#152 = DEFINITIONAL_REPRESENTATION('',(#153),#157);
#153 = LINE('',#154,#155);
#154 = CARTESIAN_POINT('',(-4.712388980385,0.));
#155 = VECTOR('',#156,1.);
#156 = DIRECTION('',(1.,0.));
#157 = ( GEOMETRIC_REPRESENTATION_CONTEXT(2) 
PARAMETRIC_REPRESENTATION_CONTEXT() REPRESENTATION_CONTEXT('2D SPACE',''
  ) );
#158 = PCURVE('',#72,#159);
#159 = DEFINITIONAL_REPRESENTATION('',(#160),#164);
#160 = CIRCLE('',#161,6.);
#161 = AXIS2_PLACEMENT_2D('',#162,#163);
#162 = CARTESIAN_POINT('',(6.,6.));
#163 = DIRECTION('',(0.,-1.));
#164 = ( GEOMETRIC_REPRESENTATION_CONTEXT(2) 
PARAMETRIC_REPRESENTATION_CONTEXT() REPRESENTATION_CONTEXT('2D SPACE',''
  ) );
#165 = ORIENTED_EDGE('',*,*,#166,.T.);
#166 = EDGE_CURVE('',#143,#167,#169,.T.);
#167 = VERTEX_POINT('',#168);
#168 = CARTESIAN_POINT('',(6.,-2.121927804333,20.188794475976));
#169 = SURFACE_CURVE('',#170,(#174,#181),.PCURVE_S1.);
#170 = LINE('',#171,#172);
#171 = CARTESIAN_POINT('',(6.,-1.499983447891,14.271389198535));
#172 = VECTOR('',#173,1.);
#173 = DIRECTION('',(0.,-0.104528463268,0.994521895368));
#174 = PCURVE('',#44,#175);
#175 = DEFINITIONAL_REPRESENTATION('',(#176),#180);
#176 = LINE('',#177,#178);
#177 = CARTESIAN_POINT('',(1.570796326795,0.));
#178 = VECTOR('',#179,1.);
#179 = DIRECTION('',(0.,1.));
#180 = ( GEOMETRIC_REPRESENTATION_CONTEXT(2) 
PARAMETRIC_REPRESENTATION_CONTEXT() REPRESENTATION_CONTEXT('2D SPACE',''
  ) );
#181 = PCURVE('',#182,#187);
#182 = PLANE('',#183);
#183 = AXIS2_PLACEMENT_3D('',#184,#185,#186);
#184 = CARTESIAN_POINT('',(0.,-1.499983447891,14.271389198535));
#185 = DIRECTION('',(0.,0.994521895368,0.104528463268));
#186 = DIRECTION('',(0.,-0.104528463268,0.994521895368));
#187 = DEFINITIONAL_REPRESENTATION('',(#188),#192);
#188 = LINE('',#189,#190);
#189 = CARTESIAN_POINT('',(0.,6.));
#190 = VECTOR('',#191,1.);
#191 = DIRECTION('',(1.,0.));
#192 = ( GEOMETRIC_REPRESENTATION_CONTEXT(2) 
PARAMETRIC_REPRESENTATION_CONTEXT() REPRESENTATION_CONTEXT('2D SPACE',''
  ) );
#193 = ORIENTED_EDGE('',*,*,#194,.T.);
#194 = EDGE_CURVE('',#167,#24,#195,.T.);
#195 = SURFACE_CURVE('',#196,(#201,#208),.PCURVE_S1.);
#196 = CIRCLE('',#197,6.);
#197 = AXIS2_PLACEMENT_3D('',#198,#199,#200);
#198 = CARTESIAN_POINT('',(6.,3.845203567876,20.815965255582));
#199 = DIRECTION('',(0.,0.104528463268,-0.994521895368));
#200 = DIRECTION('',(-2.960594732334E-16,-0.994521895368,-0.104528463268
    ));
#201 = PCURVE('',#44,#202);
#202 = DEFINITIONAL_REPRESENTATION('',(#203),#207);
#203 = LINE('',#204,#205);
#204 = CARTESIAN_POINT('',(1.570796326795,5.95));
#205 = VECTOR('',#206,1.);
#206 = DIRECTION('',(-1.,-0.));
#207 = ( GEOMETRIC_REPRESENTATION_CONTEXT(2) 
PARAMETRIC_REPRESENTATION_CONTEXT() REPRESENTATION_CONTEXT('2D SPACE',''
  ) );
#208 = PCURVE('',#209,#214);
#209 = CONICAL_SURFACE('',#210,6.,0.785398163397);
#210 = AXIS2_PLACEMENT_3D('',#211,#212,#213);
#211 = CARTESIAN_POINT('',(6.,3.845203567876,20.815965255582));
#212 = DIRECTION('',(-0.,0.104528463268,-0.994521895368));
#213 = DIRECTION('',(-2.960594732334E-16,-0.994521895368,-0.104528463268
    ));
#214 = DEFINITIONAL_REPRESENTATION('',(#215),#219);
#215 = LINE('',#216,#217);
#216 = CARTESIAN_POINT('',(0.,-0.));
#217 = VECTOR('',#218,1.);
#218 = DIRECTION('',(1.,-0.));
#219 = ( GEOMETRIC_REPRESENTATION_CONTEXT(2) 
PARAMETRIC_REPRESENTATION_CONTEXT() REPRESENTATION_CONTEXT('2D SPACE',''
  ) );
#220 = ADVANCED_FACE('',(#221),#126,.F.);
#221 = FACE_BOUND('',#222,.F.);
#222 = EDGE_LOOP('',(#223,#246,#247,#275));
#223 = ORIENTED_EDGE('',*,*,#224,.F.);
#224 = EDGE_CURVE('',#24,#225,#227,.T.);
#225 = VERTEX_POINT('',#226);
#226 = CARTESIAN_POINT('',(0.8,3.761580797262,21.611582771876));
#227 = SURFACE_CURVE('',#228,(#232,#239),.PCURVE_S1.);
#228 = LINE('',#229,#230);
#229 = CARTESIAN_POINT('',(0.4,3.803392182569,21.213774013729));
#230 = VECTOR('',#231,1.);
#231 = DIRECTION('',(0.707106781187,-7.391278520357E-02,0.703233176253)
  );
#232 = PCURVE('',#126,#233);
#233 = DEFINITIONAL_REPRESENTATION('',(#234),#238);
#234 = LINE('',#235,#236);
#235 = CARTESIAN_POINT('',(0.,0.));
#236 = VECTOR('',#237,1.);
#237 = DIRECTION('',(1.387778780781E-17,1.));
#238 = ( GEOMETRIC_REPRESENTATION_CONTEXT(2) 
PARAMETRIC_REPRESENTATION_CONTEXT() REPRESENTATION_CONTEXT('2D SPACE',''
  ) );
#239 = PCURVE('',#209,#240);
#240 = DEFINITIONAL_REPRESENTATION('',(#241),#245);
#241 = LINE('',#242,#243);
#242 = CARTESIAN_POINT('',(1.570796326795,-0.4));
#243 = VECTOR('',#244,1.);
#244 = DIRECTION('',(0.,-1.));
#245 = ( GEOMETRIC_REPRESENTATION_CONTEXT(2) 
PARAMETRIC_REPRESENTATION_CONTEXT() REPRESENTATION_CONTEXT('2D SPACE',''
  ) );
#246 = ORIENTED_EDGE('',*,*,#112,.T.);
#247 = ORIENTED_EDGE('',*,*,#248,.T.);
#248 = EDGE_CURVE('',#85,#249,#251,.T.);
#249 = VERTEX_POINT('',#250);
#250 = CARTESIAN_POINT('',(0.8,149.54605913455,36.934148881124));
#251 = SURFACE_CURVE('',#252,(#256,#263),.PCURVE_S1.);
#252 = LINE('',#253,#254);
#253 = CARTESIAN_POINT('',(0.4,149.58787051986,36.536340122976));
#254 = VECTOR('',#255,1.);
#255 = DIRECTION('',(0.707106781187,-7.391278520357E-02,0.703233176253)
  );
#256 = PCURVE('',#126,#257);
#257 = DEFINITIONAL_REPRESENTATION('',(#258),#262);
#258 = LINE('',#259,#260);
#259 = CARTESIAN_POINT('',(146.5875,0.));
#260 = VECTOR('',#261,1.);
#261 = DIRECTION('',(1.387778780781E-17,1.));
#262 = ( GEOMETRIC_REPRESENTATION_CONTEXT(2) 
PARAMETRIC_REPRESENTATION_CONTEXT() REPRESENTATION_CONTEXT('2D SPACE',''
  ) );
#263 = PCURVE('',#264,#269);
#264 = CONICAL_SURFACE('',#265,6.,0.785398163397);
#265 = AXIS2_PLACEMENT_3D('',#266,#267,#268);
#266 = CARTESIAN_POINT('',(6.,149.62968190517,36.138531364829));
#267 = DIRECTION('',(-0.,0.104528463268,-0.994521895368));
#268 = DIRECTION('',(-1.,0.,0.));
#269 = DEFINITIONAL_REPRESENTATION('',(#270),#274);
#270 = LINE('',#271,#272);
#271 = CARTESIAN_POINT('',(0.,-0.4));
#272 = VECTOR('',#273,1.);
#273 = DIRECTION('',(0.,-1.));
#274 = ( GEOMETRIC_REPRESENTATION_CONTEXT(2) 
PARAMETRIC_REPRESENTATION_CONTEXT() REPRESENTATION_CONTEXT('2D SPACE',''
  ) );
#275 = ORIENTED_EDGE('',*,*,#276,.F.);
#276 = EDGE_CURVE('',#225,#249,#277,.T.);
#277 = SURFACE_CURVE('',#278,(#282,#289),.PCURVE_S1.);
#278 = LINE('',#279,#280);
#279 = CARTESIAN_POINT('',(0.8,3.761580797262,21.611582771876));
#280 = VECTOR('',#281,1.);
#281 = DIRECTION('',(0.,0.994521895368,0.104528463268));
#282 = PCURVE('',#126,#283);
#283 = DEFINITIONAL_REPRESENTATION('',(#284),#288);
#284 = LINE('',#285,#286);
#285 = CARTESIAN_POINT('',(-4.163336342344E-16,0.565685424949));
#286 = VECTOR('',#287,1.);
#287 = DIRECTION('',(1.,0.));
#288 = ( GEOMETRIC_REPRESENTATION_CONTEXT(2) 
PARAMETRIC_REPRESENTATION_CONTEXT() REPRESENTATION_CONTEXT('2D SPACE',''
  ) );
#289 = PCURVE('',#290,#295);
#290 = PLANE('',#291);
#291 = AXIS2_PLACEMENT_3D('',#292,#293,#294);
#292 = CARTESIAN_POINT('',(0.,-2.205550574947,20.984411992271));
#293 = DIRECTION('',(0.,-0.104528463268,0.994521895368));
#294 = DIRECTION('',(1.,0.,0.));
#295 = DEFINITIONAL_REPRESENTATION('',(#296),#300);
#296 = LINE('',#297,#298);
#297 = CARTESIAN_POINT('',(0.8,6.));
#298 = VECTOR('',#299,1.);
#299 = DIRECTION('',(0.,1.));
#300 = ( GEOMETRIC_REPRESENTATION_CONTEXT(2) 
PARAMETRIC_REPRESENTATION_CONTEXT() REPRESENTATION_CONTEXT('2D SPACE',''
  ) );
#301 = ADVANCED_FACE('',(#302,#473,#508,#543,#578,#613,#648,#683,#2273,
    #2308),#72,.F.);
#302 = FACE_BOUND('',#303,.F.);
#303 = EDGE_LOOP('',(#304,#305,#306,#329,#362,#390,#419,#447));
#304 = ORIENTED_EDGE('',*,*,#56,.F.);
#305 = ORIENTED_EDGE('',*,*,#142,.T.);
#306 = ORIENTED_EDGE('',*,*,#307,.T.);
#307 = EDGE_CURVE('',#143,#308,#310,.T.);
#308 = VERTEX_POINT('',#309);
#309 = CARTESIAN_POINT('',(352.6125,-1.499983447891,14.271389198535));
#310 = SURFACE_CURVE('',#311,(#315,#322),.PCURVE_S1.);
#311 = LINE('',#312,#313);
#312 = CARTESIAN_POINT('',(0.,-1.499983447891,14.271389198535));
#313 = VECTOR('',#314,1.);
#314 = DIRECTION('',(1.,0.,0.));
#315 = PCURVE('',#72,#316);
#316 = DEFINITIONAL_REPRESENTATION('',(#317),#321);
#317 = LINE('',#318,#319);
#318 = CARTESIAN_POINT('',(0.,0.));
#319 = VECTOR('',#320,1.);
#320 = DIRECTION('',(1.,0.));
#321 = ( GEOMETRIC_REPRESENTATION_CONTEXT(2) 
PARAMETRIC_REPRESENTATION_CONTEXT() REPRESENTATION_CONTEXT('2D SPACE',''
  ) );
#322 = PCURVE('',#182,#323);
#323 = DEFINITIONAL_REPRESENTATION('',(#324),#328);
#324 = LINE('',#325,#326);
#325 = CARTESIAN_POINT('',(0.,0.));
#326 = VECTOR('',#327,1.);
#327 = DIRECTION('',(0.,1.));
#328 = ( GEOMETRIC_REPRESENTATION_CONTEXT(2) 
PARAMETRIC_REPRESENTATION_CONTEXT() REPRESENTATION_CONTEXT('2D SPACE',''
  ) );
#329 = ORIENTED_EDGE('',*,*,#330,.F.);
#330 = EDGE_CURVE('',#331,#308,#333,.T.);
#331 = VERTEX_POINT('',#332);
#332 = CARTESIAN_POINT('',(358.6125,4.467147924319,14.898559978141));
#333 = SURFACE_CURVE('',#334,(#339,#350),.PCURVE_S1.);
#334 = CIRCLE('',#335,6.);
#335 = AXIS2_PLACEMENT_3D('',#336,#337,#338);
#336 = CARTESIAN_POINT('',(352.6125,4.467147924319,14.898559978141));
#337 = DIRECTION('',(0.,0.104528463268,-0.994521895368));
#338 = DIRECTION('',(0.,-0.994521895368,-0.104528463268));
#339 = PCURVE('',#72,#340);
#340 = DEFINITIONAL_REPRESENTATION('',(#341),#349);
#341 = ( BOUNDED_CURVE() B_SPLINE_CURVE(2,(#342,#343,#344,#345,#346,#347
,#348),.UNSPECIFIED.,.T.,.F.) B_SPLINE_CURVE_WITH_KNOTS((1,2,2,2,2,1),(
    -2.094395102393,0.,2.094395102393,4.188790204786,6.28318530718,
8.377580409573),.UNSPECIFIED.) CURVE() GEOMETRIC_REPRESENTATION_ITEM() 
RATIONAL_B_SPLINE_CURVE((1.,0.5,1.,0.5,1.,0.5,1.)) REPRESENTATION_ITEM(
  '') );
#342 = CARTESIAN_POINT('',(352.6125,-8.881784197001E-16));
#343 = CARTESIAN_POINT('',(342.22019515458,-8.881784197001E-16));
#344 = CARTESIAN_POINT('',(347.41634757729,9.));
#345 = CARTESIAN_POINT('',(352.6125,18.));
#346 = CARTESIAN_POINT('',(357.8086524227,9.));
#347 = CARTESIAN_POINT('',(363.00480484541,7.993605777301E-15));
#348 = CARTESIAN_POINT('',(352.6125,-8.881784197001E-16));
#349 = ( GEOMETRIC_REPRESENTATION_CONTEXT(2) 
PARAMETRIC_REPRESENTATION_CONTEXT() REPRESENTATION_CONTEXT('2D SPACE',''
  ) );
#350 = PCURVE('',#351,#356);
#351 = CYLINDRICAL_SURFACE('',#352,6.);
#352 = AXIS2_PLACEMENT_3D('',#353,#354,#355);
#353 = CARTESIAN_POINT('',(352.6125,4.467147924319,14.898559978141));
#354 = DIRECTION('',(0.,-0.104528463268,0.994521895368));
#355 = DIRECTION('',(1.,0.,0.));
#356 = DEFINITIONAL_REPRESENTATION('',(#357),#361);
#357 = LINE('',#358,#359);
#358 = CARTESIAN_POINT('',(4.712388980385,-0.));
#359 = VECTOR('',#360,1.);
#360 = DIRECTION('',(-1.,0.));
#361 = ( GEOMETRIC_REPRESENTATION_CONTEXT(2) 
PARAMETRIC_REPRESENTATION_CONTEXT() REPRESENTATION_CONTEXT('2D SPACE',''
  ) );
#362 = ORIENTED_EDGE('',*,*,#363,.T.);
#363 = EDGE_CURVE('',#331,#364,#366,.T.);
#364 = VERTEX_POINT('',#365);
#365 = CARTESIAN_POINT('',(358.6125,150.25162626161,30.221126087388));
#366 = SURFACE_CURVE('',#367,(#371,#378),.PCURVE_S1.);
#367 = LINE('',#368,#369);
#368 = CARTESIAN_POINT('',(358.6125,-1.499983447891,14.271389198535));
#369 = VECTOR('',#370,1.);
#370 = DIRECTION('',(0.,0.994521895368,0.104528463268));
#371 = PCURVE('',#72,#372);
#372 = DEFINITIONAL_REPRESENTATION('',(#373),#377);
#373 = LINE('',#374,#375);
#374 = CARTESIAN_POINT('',(358.6125,0.));
#375 = VECTOR('',#376,1.);
#376 = DIRECTION('',(0.,1.));
#377 = ( GEOMETRIC_REPRESENTATION_CONTEXT(2) 
PARAMETRIC_REPRESENTATION_CONTEXT() REPRESENTATION_CONTEXT('2D SPACE',''
  ) );
#378 = PCURVE('',#379,#384);
#379 = PLANE('',#380);
#380 = AXIS2_PLACEMENT_3D('',#381,#382,#383);
#381 = CARTESIAN_POINT('',(358.6125,-1.499983447891,14.271389198535));
#382 = DIRECTION('',(1.,0.,0.));
#383 = DIRECTION('',(0.,-0.104528463268,0.994521895368));
#384 = DEFINITIONAL_REPRESENTATION('',(#385),#389);
#385 = LINE('',#386,#387);
#386 = CARTESIAN_POINT('',(0.,0.));
#387 = VECTOR('',#388,1.);
#388 = DIRECTION('',(0.,-1.));
#389 = ( GEOMETRIC_REPRESENTATION_CONTEXT(2) 
PARAMETRIC_REPRESENTATION_CONTEXT() REPRESENTATION_CONTEXT('2D SPACE',''
  ) );
#390 = ORIENTED_EDGE('',*,*,#391,.T.);
#391 = EDGE_CURVE('',#364,#392,#394,.T.);
#392 = VERTEX_POINT('',#393);
#393 = CARTESIAN_POINT('',(352.6125,156.21875763382,30.848296866994));
#394 = SURFACE_CURVE('',#395,(#400,#407),.PCURVE_S1.);
#395 = CIRCLE('',#396,6.);
#396 = AXIS2_PLACEMENT_3D('',#397,#398,#399);
#397 = CARTESIAN_POINT('',(352.6125,150.25162626161,30.221126087388));
#398 = DIRECTION('',(0.,-0.104528463268,0.994521895368));
#399 = DIRECTION('',(0.,-0.994521895368,-0.104528463268));
#400 = PCURVE('',#72,#401);
#401 = DEFINITIONAL_REPRESENTATION('',(#402),#406);
#402 = CIRCLE('',#403,6.);
#403 = AXIS2_PLACEMENT_2D('',#404,#405);
#404 = CARTESIAN_POINT('',(352.6125,152.5875));
#405 = DIRECTION('',(0.,-1.));
#406 = ( GEOMETRIC_REPRESENTATION_CONTEXT(2) 
PARAMETRIC_REPRESENTATION_CONTEXT() REPRESENTATION_CONTEXT('2D SPACE',''
  ) );
#407 = PCURVE('',#408,#413);
#408 = CYLINDRICAL_SURFACE('',#409,6.);
#409 = AXIS2_PLACEMENT_3D('',#410,#411,#412);
#410 = CARTESIAN_POINT('',(352.6125,150.25162626161,30.221126087388));
#411 = DIRECTION('',(0.,-0.104528463268,0.994521895368));
#412 = DIRECTION('',(1.,0.,0.));
#413 = DEFINITIONAL_REPRESENTATION('',(#414),#418);
#414 = LINE('',#415,#416);
#415 = CARTESIAN_POINT('',(-1.570796326795,0.));
#416 = VECTOR('',#417,1.);
#417 = DIRECTION('',(1.,0.));
#418 = ( GEOMETRIC_REPRESENTATION_CONTEXT(2) 
PARAMETRIC_REPRESENTATION_CONTEXT() REPRESENTATION_CONTEXT('2D SPACE',''
  ) );
#419 = ORIENTED_EDGE('',*,*,#420,.F.);
#420 = EDGE_CURVE('',#421,#392,#423,.T.);
#421 = VERTEX_POINT('',#422);
#422 = CARTESIAN_POINT('',(6.,156.21875763382,30.848296866994));
#423 = SURFACE_CURVE('',#424,(#428,#435),.PCURVE_S1.);
#424 = LINE('',#425,#426);
#425 = CARTESIAN_POINT('',(0.,156.21875763382,30.848296866994));
#426 = VECTOR('',#427,1.);
#427 = DIRECTION('',(1.,0.,0.));
#428 = PCURVE('',#72,#429);
#429 = DEFINITIONAL_REPRESENTATION('',(#430),#434);
#430 = LINE('',#431,#432);
#431 = CARTESIAN_POINT('',(0.,158.5875));
#432 = VECTOR('',#433,1.);
#433 = DIRECTION('',(1.,0.));
#434 = ( GEOMETRIC_REPRESENTATION_CONTEXT(2) 
PARAMETRIC_REPRESENTATION_CONTEXT() REPRESENTATION_CONTEXT('2D SPACE',''
  ) );
#435 = PCURVE('',#436,#441);
#436 = PLANE('',#437);
#437 = AXIS2_PLACEMENT_3D('',#438,#439,#440);
#438 = CARTESIAN_POINT('',(0.,156.21875763382,30.848296866994));
#439 = DIRECTION('',(0.,0.994521895368,0.104528463268));
#440 = DIRECTION('',(0.,-0.104528463268,0.994521895368));
#441 = DEFINITIONAL_REPRESENTATION('',(#442),#446);
#442 = LINE('',#443,#444);
#443 = CARTESIAN_POINT('',(0.,0.));
#444 = VECTOR('',#445,1.);
#445 = DIRECTION('',(0.,1.));
#446 = ( GEOMETRIC_REPRESENTATION_CONTEXT(2) 
PARAMETRIC_REPRESENTATION_CONTEXT() REPRESENTATION_CONTEXT('2D SPACE',''
  ) );
#447 = ORIENTED_EDGE('',*,*,#448,.F.);
#448 = EDGE_CURVE('',#57,#421,#449,.T.);
#449 = SURFACE_CURVE('',#450,(#455,#466),.PCURVE_S1.);
#450 = CIRCLE('',#451,6.);
#451 = AXIS2_PLACEMENT_3D('',#452,#453,#454);
#452 = CARTESIAN_POINT('',(6.,150.25162626161,30.221126087388));
#453 = DIRECTION('',(0.,0.104528463268,-0.994521895368));
#454 = DIRECTION('',(0.,-0.994521895368,-0.104528463268));
#455 = PCURVE('',#72,#456);
#456 = DEFINITIONAL_REPRESENTATION('',(#457),#465);
#457 = ( BOUNDED_CURVE() B_SPLINE_CURVE(2,(#458,#459,#460,#461,#462,#463
,#464),.UNSPECIFIED.,.T.,.F.) B_SPLINE_CURVE_WITH_KNOTS((1,2,2,2,2,1),(
    -2.094395102393,0.,2.094395102393,4.188790204786,6.28318530718,
8.377580409573),.UNSPECIFIED.) CURVE() GEOMETRIC_REPRESENTATION_ITEM() 
RATIONAL_B_SPLINE_CURVE((1.,0.5,1.,0.5,1.,0.5,1.)) REPRESENTATION_ITEM(
  '') );
#458 = CARTESIAN_POINT('',(6.,146.5875));
#459 = CARTESIAN_POINT('',(-4.392304845413,146.5875));
#460 = CARTESIAN_POINT('',(0.803847577293,155.5875));
#461 = CARTESIAN_POINT('',(6.,164.5875));
#462 = CARTESIAN_POINT('',(11.196152422707,155.5875));
#463 = CARTESIAN_POINT('',(16.392304845413,146.5875));
#464 = CARTESIAN_POINT('',(6.,146.5875));
#465 = ( GEOMETRIC_REPRESENTATION_CONTEXT(2) 
PARAMETRIC_REPRESENTATION_CONTEXT() REPRESENTATION_CONTEXT('2D SPACE',''
  ) );
#466 = PCURVE('',#100,#467);
#467 = DEFINITIONAL_REPRESENTATION('',(#468),#472);
#468 = LINE('',#469,#470);
#469 = CARTESIAN_POINT('',(1.570796326795,-0.));
#470 = VECTOR('',#471,1.);
#471 = DIRECTION('',(-1.,0.));
#472 = ( GEOMETRIC_REPRESENTATION_CONTEXT(2) 
PARAMETRIC_REPRESENTATION_CONTEXT() REPRESENTATION_CONTEXT('2D SPACE',''
  ) );
#473 = FACE_BOUND('',#474,.F.);
#474 = EDGE_LOOP('',(#475));
#475 = ORIENTED_EDGE('',*,*,#476,.T.);
#476 = EDGE_CURVE('',#477,#477,#479,.T.);
#477 = VERTEX_POINT('',#478);
#478 = CARTESIAN_POINT('',(7.5,3.969886976635,14.846295746507));
#479 = SURFACE_CURVE('',#480,(#485,#496),.PCURVE_S1.);
#480 = CIRCLE('',#481,2.);
#481 = AXIS2_PLACEMENT_3D('',#482,#483,#484);
#482 = CARTESIAN_POINT('',(5.5,3.969886976635,14.846295746507));
#483 = DIRECTION('',(0.,0.104528463268,-0.994521895368));
#484 = DIRECTION('',(1.,0.,0.));
#485 = PCURVE('',#72,#486);
#486 = DEFINITIONAL_REPRESENTATION('',(#487),#495);
#487 = ( BOUNDED_CURVE() B_SPLINE_CURVE(2,(#488,#489,#490,#491,#492,#493
,#494),.UNSPECIFIED.,.T.,.F.) B_SPLINE_CURVE_WITH_KNOTS((1,2,2,2,2,1),(
    -2.094395102393,0.,2.094395102393,4.188790204786,6.28318530718,
8.377580409573),.UNSPECIFIED.) CURVE() GEOMETRIC_REPRESENTATION_ITEM() 
RATIONAL_B_SPLINE_CURVE((1.,0.5,1.,0.5,1.,0.5,1.)) REPRESENTATION_ITEM(
  '') );
#488 = CARTESIAN_POINT('',(7.5,5.5));
#489 = CARTESIAN_POINT('',(7.5,2.035898384862));
#490 = CARTESIAN_POINT('',(4.5,3.767949192431));
#491 = CARTESIAN_POINT('',(1.5,5.5));
#492 = CARTESIAN_POINT('',(4.5,7.232050807569));
#493 = CARTESIAN_POINT('',(7.5,8.964101615138));
#494 = CARTESIAN_POINT('',(7.5,5.5));
#495 = ( GEOMETRIC_REPRESENTATION_CONTEXT(2) 
PARAMETRIC_REPRESENTATION_CONTEXT() REPRESENTATION_CONTEXT('2D SPACE',''
  ) );
#496 = PCURVE('',#497,#502);
#497 = CYLINDRICAL_SURFACE('',#498,2.);
#498 = AXIS2_PLACEMENT_3D('',#499,#500,#501);
#499 = CARTESIAN_POINT('',(5.5,4.074415439902,13.851773851139));
#500 = DIRECTION('',(-0.,0.104528463268,-0.994521895368));
#501 = DIRECTION('',(1.,0.,0.));
#502 = DEFINITIONAL_REPRESENTATION('',(#503),#507);
#503 = LINE('',#504,#505);
#504 = CARTESIAN_POINT('',(-6.28318530718,-1.));
#505 = VECTOR('',#506,1.);
#506 = DIRECTION('',(1.,-0.));
#507 = ( GEOMETRIC_REPRESENTATION_CONTEXT(2) 
PARAMETRIC_REPRESENTATION_CONTEXT() REPRESENTATION_CONTEXT('2D SPACE',''
  ) );
#508 = FACE_BOUND('',#509,.F.);
#509 = EDGE_LOOP('',(#510));
#510 = ORIENTED_EDGE('',*,*,#511,.T.);
#511 = EDGE_CURVE('',#512,#512,#514,.T.);
#512 = VERTEX_POINT('',#513);
#513 = CARTESIAN_POINT('',(116.60625,3.969886976635,14.846295746507));
#514 = SURFACE_CURVE('',#515,(#520,#531),.PCURVE_S1.);
#515 = CIRCLE('',#516,2.);
#516 = AXIS2_PLACEMENT_3D('',#517,#518,#519);
#517 = CARTESIAN_POINT('',(114.60625,3.969886976635,14.846295746507));
#518 = DIRECTION('',(0.,0.104528463268,-0.994521895368));
#519 = DIRECTION('',(1.,0.,0.));
#520 = PCURVE('',#72,#521);
#521 = DEFINITIONAL_REPRESENTATION('',(#522),#530);
#522 = ( BOUNDED_CURVE() B_SPLINE_CURVE(2,(#523,#524,#525,#526,#527,#528
,#529),.UNSPECIFIED.,.T.,.F.) B_SPLINE_CURVE_WITH_KNOTS((1,2,2,2,2,1),(
    -2.094395102393,0.,2.094395102393,4.188790204786,6.28318530718,
8.377580409573),.UNSPECIFIED.) CURVE() GEOMETRIC_REPRESENTATION_ITEM() 
RATIONAL_B_SPLINE_CURVE((1.,0.5,1.,0.5,1.,0.5,1.)) REPRESENTATION_ITEM(
  '') );
#523 = CARTESIAN_POINT('',(116.60625,5.5));
#524 = CARTESIAN_POINT('',(116.60625,2.035898384862));
#525 = CARTESIAN_POINT('',(113.60625,3.767949192431));
#526 = CARTESIAN_POINT('',(110.60625,5.5));
#527 = CARTESIAN_POINT('',(113.60625,7.232050807569));
#528 = CARTESIAN_POINT('',(116.60625,8.964101615138));
#529 = CARTESIAN_POINT('',(116.60625,5.5));
#530 = ( GEOMETRIC_REPRESENTATION_CONTEXT(2) 
PARAMETRIC_REPRESENTATION_CONTEXT() REPRESENTATION_CONTEXT('2D SPACE',''
  ) );
#531 = PCURVE('',#532,#537);
#532 = CYLINDRICAL_SURFACE('',#533,2.);
#533 = AXIS2_PLACEMENT_3D('',#534,#535,#536);
#534 = CARTESIAN_POINT('',(114.60625,4.074415439902,13.851773851139));
#535 = DIRECTION('',(-0.,0.104528463268,-0.994521895368));
#536 = DIRECTION('',(1.,0.,0.));
#537 = DEFINITIONAL_REPRESENTATION('',(#538),#542);
#538 = LINE('',#539,#540);
#539 = CARTESIAN_POINT('',(-6.28318530718,-1.));
#540 = VECTOR('',#541,1.);
#541 = DIRECTION('',(1.,-0.));
#542 = ( GEOMETRIC_REPRESENTATION_CONTEXT(2) 
PARAMETRIC_REPRESENTATION_CONTEXT() REPRESENTATION_CONTEXT('2D SPACE',''
  ) );
#543 = FACE_BOUND('',#544,.F.);
#544 = EDGE_LOOP('',(#545));
#545 = ORIENTED_EDGE('',*,*,#546,.T.);
#546 = EDGE_CURVE('',#547,#547,#549,.T.);
#547 = VERTEX_POINT('',#548);
#548 = CARTESIAN_POINT('',(246.00625,3.969886976635,14.846295746507));
#549 = SURFACE_CURVE('',#550,(#555,#566),.PCURVE_S1.);
#550 = CIRCLE('',#551,2.);
#551 = AXIS2_PLACEMENT_3D('',#552,#553,#554);
#552 = CARTESIAN_POINT('',(244.00625,3.969886976635,14.846295746507));
#553 = DIRECTION('',(0.,0.104528463268,-0.994521895368));
#554 = DIRECTION('',(1.,0.,0.));
#555 = PCURVE('',#72,#556);
#556 = DEFINITIONAL_REPRESENTATION('',(#557),#565);
#557 = ( BOUNDED_CURVE() B_SPLINE_CURVE(2,(#558,#559,#560,#561,#562,#563
,#564),.UNSPECIFIED.,.T.,.F.) B_SPLINE_CURVE_WITH_KNOTS((1,2,2,2,2,1),(
    -2.094395102393,0.,2.094395102393,4.188790204786,6.28318530718,
8.377580409573),.UNSPECIFIED.) CURVE() GEOMETRIC_REPRESENTATION_ITEM() 
RATIONAL_B_SPLINE_CURVE((1.,0.5,1.,0.5,1.,0.5,1.)) REPRESENTATION_ITEM(
  '') );
#558 = CARTESIAN_POINT('',(246.00625,5.5));
#559 = CARTESIAN_POINT('',(246.00625,2.035898384862));
#560 = CARTESIAN_POINT('',(243.00625,3.767949192431));
#561 = CARTESIAN_POINT('',(240.00625,5.5));
#562 = CARTESIAN_POINT('',(243.00625,7.232050807569));
#563 = CARTESIAN_POINT('',(246.00625,8.964101615138));
#564 = CARTESIAN_POINT('',(246.00625,5.5));
#565 = ( GEOMETRIC_REPRESENTATION_CONTEXT(2) 
PARAMETRIC_REPRESENTATION_CONTEXT() REPRESENTATION_CONTEXT('2D SPACE',''
  ) );
#566 = PCURVE('',#567,#572);
#567 = CYLINDRICAL_SURFACE('',#568,2.);
#568 = AXIS2_PLACEMENT_3D('',#569,#570,#571);
#569 = CARTESIAN_POINT('',(244.00625,4.074415439902,13.851773851139));
#570 = DIRECTION('',(-0.,0.104528463268,-0.994521895368));
#571 = DIRECTION('',(1.,0.,0.));
#572 = DEFINITIONAL_REPRESENTATION('',(#573),#577);
#573 = LINE('',#574,#575);
#574 = CARTESIAN_POINT('',(-6.28318530718,-1.));
#575 = VECTOR('',#576,1.);
#576 = DIRECTION('',(1.,-0.));
#577 = ( GEOMETRIC_REPRESENTATION_CONTEXT(2) 
PARAMETRIC_REPRESENTATION_CONTEXT() REPRESENTATION_CONTEXT('2D SPACE',''
  ) );
#578 = FACE_BOUND('',#579,.F.);
#579 = EDGE_LOOP('',(#580));
#580 = ORIENTED_EDGE('',*,*,#581,.T.);
#581 = EDGE_CURVE('',#582,#582,#584,.T.);
#582 = VERTEX_POINT('',#583);
#583 = CARTESIAN_POINT('',(355.1125,3.969886976635,14.846295746507));
#584 = SURFACE_CURVE('',#585,(#590,#601),.PCURVE_S1.);
#585 = CIRCLE('',#586,2.);
#586 = AXIS2_PLACEMENT_3D('',#587,#588,#589);
#587 = CARTESIAN_POINT('',(353.1125,3.969886976635,14.846295746507));
#588 = DIRECTION('',(0.,0.104528463268,-0.994521895368));
#589 = DIRECTION('',(1.,0.,0.));
#590 = PCURVE('',#72,#591);
#591 = DEFINITIONAL_REPRESENTATION('',(#592),#600);
#592 = ( BOUNDED_CURVE() B_SPLINE_CURVE(2,(#593,#594,#595,#596,#597,#598
,#599),.UNSPECIFIED.,.T.,.F.) B_SPLINE_CURVE_WITH_KNOTS((1,2,2,2,2,1),(
    -2.094395102393,0.,2.094395102393,4.188790204786,6.28318530718,
8.377580409573),.UNSPECIFIED.) CURVE() GEOMETRIC_REPRESENTATION_ITEM() 
RATIONAL_B_SPLINE_CURVE((1.,0.5,1.,0.5,1.,0.5,1.)) REPRESENTATION_ITEM(
  '') );
#593 = CARTESIAN_POINT('',(355.1125,5.5));
#594 = CARTESIAN_POINT('',(355.1125,2.035898384862));
#595 = CARTESIAN_POINT('',(352.1125,3.767949192431));
#596 = CARTESIAN_POINT('',(349.1125,5.5));
#597 = CARTESIAN_POINT('',(352.1125,7.232050807569));
#598 = CARTESIAN_POINT('',(355.1125,8.964101615138));
#599 = CARTESIAN_POINT('',(355.1125,5.5));
#600 = ( GEOMETRIC_REPRESENTATION_CONTEXT(2) 
PARAMETRIC_REPRESENTATION_CONTEXT() REPRESENTATION_CONTEXT('2D SPACE',''
  ) );
#601 = PCURVE('',#602,#607);
#602 = CYLINDRICAL_SURFACE('',#603,2.);
#603 = AXIS2_PLACEMENT_3D('',#604,#605,#606);
#604 = CARTESIAN_POINT('',(353.1125,4.074415439902,13.851773851139));
#605 = DIRECTION('',(-0.,0.104528463268,-0.994521895368));
#606 = DIRECTION('',(1.,0.,0.));
#607 = DEFINITIONAL_REPRESENTATION('',(#608),#612);
#608 = LINE('',#609,#610);
#609 = CARTESIAN_POINT('',(-6.28318530718,-1.));
#610 = VECTOR('',#611,1.);
#611 = DIRECTION('',(1.,-0.));
#612 = ( GEOMETRIC_REPRESENTATION_CONTEXT(2) 
PARAMETRIC_REPRESENTATION_CONTEXT() REPRESENTATION_CONTEXT('2D SPACE',''
  ) );
#613 = FACE_BOUND('',#614,.F.);
#614 = EDGE_LOOP('',(#615));
#615 = ORIENTED_EDGE('',*,*,#616,.T.);
#616 = EDGE_CURVE('',#617,#617,#619,.T.);
#617 = VERTEX_POINT('',#618);
#618 = CARTESIAN_POINT('',(7.5,150.7488872093,30.273390319022));
#619 = SURFACE_CURVE('',#620,(#625,#636),.PCURVE_S1.);
#620 = CIRCLE('',#621,2.);
#621 = AXIS2_PLACEMENT_3D('',#622,#623,#624);
#622 = CARTESIAN_POINT('',(5.5,150.7488872093,30.273390319022));
#623 = DIRECTION('',(0.,0.104528463268,-0.994521895368));
#624 = DIRECTION('',(1.,0.,0.));
#625 = PCURVE('',#72,#626);
#626 = DEFINITIONAL_REPRESENTATION('',(#627),#635);
#627 = ( BOUNDED_CURVE() B_SPLINE_CURVE(2,(#628,#629,#630,#631,#632,#633
,#634),.UNSPECIFIED.,.T.,.F.) B_SPLINE_CURVE_WITH_KNOTS((1,2,2,2,2,1),(
    -2.094395102393,0.,2.094395102393,4.188790204786,6.28318530718,
8.377580409573),.UNSPECIFIED.) CURVE() GEOMETRIC_REPRESENTATION_ITEM() 
RATIONAL_B_SPLINE_CURVE((1.,0.5,1.,0.5,1.,0.5,1.)) REPRESENTATION_ITEM(
  '') );
#628 = CARTESIAN_POINT('',(7.5,153.0875));
#629 = CARTESIAN_POINT('',(7.5,149.62339838486));
#630 = CARTESIAN_POINT('',(4.5,151.35544919243));
#631 = CARTESIAN_POINT('',(1.5,153.0875));
#632 = CARTESIAN_POINT('',(4.5,154.81955080756));
#633 = CARTESIAN_POINT('',(7.5,156.55160161513));
#634 = CARTESIAN_POINT('',(7.5,153.0875));
#635 = ( GEOMETRIC_REPRESENTATION_CONTEXT(2) 
PARAMETRIC_REPRESENTATION_CONTEXT() REPRESENTATION_CONTEXT('2D SPACE',''
  ) );
#636 = PCURVE('',#637,#642);
#637 = CYLINDRICAL_SURFACE('',#638,2.);
#638 = AXIS2_PLACEMENT_3D('',#639,#640,#641);
#639 = CARTESIAN_POINT('',(5.5,150.85341567256,29.278868423653));
#640 = DIRECTION('',(-0.,0.104528463268,-0.994521895368));
#641 = DIRECTION('',(1.,0.,0.));
#642 = DEFINITIONAL_REPRESENTATION('',(#643),#647);
#643 = LINE('',#644,#645);
#644 = CARTESIAN_POINT('',(-6.28318530718,-1.));
#645 = VECTOR('',#646,1.);
#646 = DIRECTION('',(1.,-0.));
#647 = ( GEOMETRIC_REPRESENTATION_CONTEXT(2) 
PARAMETRIC_REPRESENTATION_CONTEXT() REPRESENTATION_CONTEXT('2D SPACE',''
  ) );
#648 = FACE_BOUND('',#649,.F.);
#649 = EDGE_LOOP('',(#650));
#650 = ORIENTED_EDGE('',*,*,#651,.T.);
#651 = EDGE_CURVE('',#652,#652,#654,.T.);
#652 = VERTEX_POINT('',#653);
#653 = CARTESIAN_POINT('',(116.60625,150.7488872093,30.273390319022));
#654 = SURFACE_CURVE('',#655,(#660,#671),.PCURVE_S1.);
#655 = CIRCLE('',#656,2.);
#656 = AXIS2_PLACEMENT_3D('',#657,#658,#659);
#657 = CARTESIAN_POINT('',(114.60625,150.7488872093,30.273390319022));
#658 = DIRECTION('',(0.,0.104528463268,-0.994521895368));
#659 = DIRECTION('',(1.,0.,0.));
#660 = PCURVE('',#72,#661);
#661 = DEFINITIONAL_REPRESENTATION('',(#662),#670);
#662 = ( BOUNDED_CURVE() B_SPLINE_CURVE(2,(#663,#664,#665,#666,#667,#668
,#669),.UNSPECIFIED.,.T.,.F.) B_SPLINE_CURVE_WITH_KNOTS((1,2,2,2,2,1),(
    -2.094395102393,0.,2.094395102393,4.188790204786,6.28318530718,
8.377580409573),.UNSPECIFIED.) CURVE() GEOMETRIC_REPRESENTATION_ITEM() 
RATIONAL_B_SPLINE_CURVE((1.,0.5,1.,0.5,1.,0.5,1.)) REPRESENTATION_ITEM(
  '') );
#663 = CARTESIAN_POINT('',(116.60625,153.0875));
#664 = CARTESIAN_POINT('',(116.60625,149.62339838486));
#665 = CARTESIAN_POINT('',(113.60625,151.35544919243));
#666 = CARTESIAN_POINT('',(110.60625,153.0875));
#667 = CARTESIAN_POINT('',(113.60625,154.81955080756));
#668 = CARTESIAN_POINT('',(116.60625,156.55160161513));
#669 = CARTESIAN_POINT('',(116.60625,153.0875));
#670 = ( GEOMETRIC_REPRESENTATION_CONTEXT(2) 
PARAMETRIC_REPRESENTATION_CONTEXT() REPRESENTATION_CONTEXT('2D SPACE',''
  ) );
#671 = PCURVE('',#672,#677);
#672 = CYLINDRICAL_SURFACE('',#673,2.);
#673 = AXIS2_PLACEMENT_3D('',#674,#675,#676);
#674 = CARTESIAN_POINT('',(114.60625,150.85341567256,29.278868423653));
#675 = DIRECTION('',(-0.,0.104528463268,-0.994521895368));
#676 = DIRECTION('',(1.,0.,0.));
#677 = DEFINITIONAL_REPRESENTATION('',(#678),#682);
#678 = LINE('',#679,#680);
#679 = CARTESIAN_POINT('',(-6.28318530718,-1.));
#680 = VECTOR('',#681,1.);
#681 = DIRECTION('',(1.,-0.));
#682 = ( GEOMETRIC_REPRESENTATION_CONTEXT(2) 
PARAMETRIC_REPRESENTATION_CONTEXT() REPRESENTATION_CONTEXT('2D SPACE',''
  ) );
#683 = FACE_BOUND('',#684,.F.);
#684 = EDGE_LOOP('',(#685,#716,#744,#772,#801,#829,#858,#886,#914,#943,
    #971,#999,#1028,#1056,#1085,#1113,#1141,#1169,#1198,#1226,#1255,
    #1283,#1311,#1339,#1368,#1396,#1425,#1453,#1481,#1510,#1538,#1566,
    #1595,#1623,#1652,#1680,#1708,#1737,#1765,#1793,#1822,#1850,#1879,
    #1907,#1935,#1963,#1992,#2020,#2049,#2077,#2105,#2133,#2162,#2190,
    #2219,#2247));
#685 = ORIENTED_EDGE('',*,*,#686,.F.);
#686 = EDGE_CURVE('',#687,#689,#691,.T.);
#687 = VERTEX_POINT('',#688);
#688 = CARTESIAN_POINT('',(11.,11.428801191897,15.630259221014));
#689 = VERTEX_POINT('',#690);
#690 = CARTESIAN_POINT('',(13.,9.43975740116,15.421202294479));
#691 = SURFACE_CURVE('',#692,(#697,#704),.PCURVE_S1.);
#692 = CIRCLE('',#693,2.);
#693 = AXIS2_PLACEMENT_3D('',#694,#695,#696);
#694 = CARTESIAN_POINT('',(13.,11.428801191897,15.630259221014));
#695 = DIRECTION('',(0.,-0.104528463268,0.994521895368));
#696 = DIRECTION('',(-1.,-0.,0.));
#697 = PCURVE('',#72,#698);
#698 = DEFINITIONAL_REPRESENTATION('',(#699),#703);
#699 = CIRCLE('',#700,2.);
#700 = AXIS2_PLACEMENT_2D('',#701,#702);
#701 = CARTESIAN_POINT('',(13.,13.));
#702 = DIRECTION('',(-1.,0.));
#703 = ( GEOMETRIC_REPRESENTATION_CONTEXT(2) 
PARAMETRIC_REPRESENTATION_CONTEXT() REPRESENTATION_CONTEXT('2D SPACE',''
  ) );
#704 = PCURVE('',#705,#710);
#705 = CYLINDRICAL_SURFACE('',#706,2.);
#706 = AXIS2_PLACEMENT_3D('',#707,#708,#709);
#707 = CARTESIAN_POINT('',(13.,11.533329655164,14.635737325646));
#708 = DIRECTION('',(0.,-0.104528463268,0.994521895368));
#709 = DIRECTION('',(-1.,-0.,0.));
#710 = DEFINITIONAL_REPRESENTATION('',(#711),#715);
#711 = LINE('',#712,#713);
#712 = CARTESIAN_POINT('',(0.,1.));
#713 = VECTOR('',#714,1.);
#714 = DIRECTION('',(1.,0.));
#715 = ( GEOMETRIC_REPRESENTATION_CONTEXT(2) 
PARAMETRIC_REPRESENTATION_CONTEXT() REPRESENTATION_CONTEXT('2D SPACE',''
  ) );
#716 = ORIENTED_EDGE('',*,*,#717,.T.);
#717 = EDGE_CURVE('',#687,#718,#720,.T.);
#718 = VERTEX_POINT('',#719);
#719 = CARTESIAN_POINT('',(11.,66.9169071916,21.462294168454));
#720 = SURFACE_CURVE('',#721,(#725,#732),.PCURVE_S1.);
#721 = LINE('',#722,#723);
#722 = CARTESIAN_POINT('',(11.,3.969886976635,14.846295746507));
#723 = VECTOR('',#724,1.);
#724 = DIRECTION('',(0.,0.994521895368,0.104528463268));
#725 = PCURVE('',#72,#726);
#726 = DEFINITIONAL_REPRESENTATION('',(#727),#731);
#727 = LINE('',#728,#729);
#728 = CARTESIAN_POINT('',(11.,5.5));
#729 = VECTOR('',#730,1.);
#730 = DIRECTION('',(0.,1.));
#731 = ( GEOMETRIC_REPRESENTATION_CONTEXT(2) 
PARAMETRIC_REPRESENTATION_CONTEXT() REPRESENTATION_CONTEXT('2D SPACE',''
  ) );
#732 = PCURVE('',#733,#738);
#733 = PLANE('',#734);
#734 = AXIS2_PLACEMENT_3D('',#735,#736,#737);
#735 = CARTESIAN_POINT('',(11.,9.544285864428,14.426680399111));
#736 = DIRECTION('',(1.,0.,0.));
#737 = DIRECTION('',(0.,-0.104528463268,0.994521895368));
#738 = DEFINITIONAL_REPRESENTATION('',(#739),#743);
#739 = LINE('',#740,#741);
#740 = CARTESIAN_POINT('',(1.,5.5));
#741 = VECTOR('',#742,1.);
#742 = DIRECTION('',(0.,-1.));
#743 = ( GEOMETRIC_REPRESENTATION_CONTEXT(2) 
PARAMETRIC_REPRESENTATION_CONTEXT() REPRESENTATION_CONTEXT('2D SPACE',''
  ) );
#744 = ORIENTED_EDGE('',*,*,#745,.T.);
#745 = EDGE_CURVE('',#718,#746,#748,.T.);
#746 = VERTEX_POINT('',#747);
#747 = CARTESIAN_POINT('',(6.5,66.9169071916,21.462294168454));
#748 = SURFACE_CURVE('',#749,(#753,#760),.PCURVE_S1.);
#749 = LINE('',#750,#751);
#750 = CARTESIAN_POINT('',(3.,66.9169071916,21.462294168454));
#751 = VECTOR('',#752,1.);
#752 = DIRECTION('',(-1.,0.,0.));
#753 = PCURVE('',#72,#754);
#754 = DEFINITIONAL_REPRESENTATION('',(#755),#759);
#755 = LINE('',#756,#757);
#756 = CARTESIAN_POINT('',(3.,68.79375));
#757 = VECTOR('',#758,1.);
#758 = DIRECTION('',(-1.,0.));
#759 = ( GEOMETRIC_REPRESENTATION_CONTEXT(2) 
PARAMETRIC_REPRESENTATION_CONTEXT() REPRESENTATION_CONTEXT('2D SPACE',''
  ) );
#760 = PCURVE('',#761,#766);
#761 = PLANE('',#762);
#762 = AXIS2_PLACEMENT_3D('',#763,#764,#765);
#763 = CARTESIAN_POINT('',(6.,67.021435654868,20.467772273086));
#764 = DIRECTION('',(0.,0.994521895368,0.104528463268));
#765 = DIRECTION('',(0.,-0.104528463268,0.994521895368));
#766 = DEFINITIONAL_REPRESENTATION('',(#767),#771);
#767 = LINE('',#768,#769);
#768 = CARTESIAN_POINT('',(1.,-3.));
#769 = VECTOR('',#770,1.);
#770 = DIRECTION('',(0.,-1.));
#771 = ( GEOMETRIC_REPRESENTATION_CONTEXT(2) 
PARAMETRIC_REPRESENTATION_CONTEXT() REPRESENTATION_CONTEXT('2D SPACE',''
  ) );
#772 = ORIENTED_EDGE('',*,*,#773,.F.);
#773 = EDGE_CURVE('',#774,#746,#776,.T.);
#774 = VERTEX_POINT('',#775);
#775 = CARTESIAN_POINT('',(6.,67.414168139284,21.514558400088));
#776 = SURFACE_CURVE('',#777,(#782,#789),.PCURVE_S1.);
#777 = CIRCLE('',#778,0.5);
#778 = AXIS2_PLACEMENT_3D('',#779,#780,#781);
#779 = CARTESIAN_POINT('',(6.5,67.414168139284,21.514558400088));
#780 = DIRECTION('',(0.,-0.104528463268,0.994521895368));
#781 = DIRECTION('',(-1.,-0.,0.));
#782 = PCURVE('',#72,#783);
#783 = DEFINITIONAL_REPRESENTATION('',(#784),#788);
#784 = CIRCLE('',#785,0.5);
#785 = AXIS2_PLACEMENT_2D('',#786,#787);
#786 = CARTESIAN_POINT('',(6.5,69.29375));
#787 = DIRECTION('',(-1.,0.));
#788 = ( GEOMETRIC_REPRESENTATION_CONTEXT(2) 
PARAMETRIC_REPRESENTATION_CONTEXT() REPRESENTATION_CONTEXT('2D SPACE',''
  ) );
#789 = PCURVE('',#790,#795);
#790 = CYLINDRICAL_SURFACE('',#791,0.5);
#791 = AXIS2_PLACEMENT_3D('',#792,#793,#794);
#792 = CARTESIAN_POINT('',(6.5,67.518696602552,20.520036504719));
#793 = DIRECTION('',(0.,-0.104528463268,0.994521895368));
#794 = DIRECTION('',(-1.,-0.,0.));
#795 = DEFINITIONAL_REPRESENTATION('',(#796),#800);
#796 = LINE('',#797,#798);
#797 = CARTESIAN_POINT('',(0.,1.));
#798 = VECTOR('',#799,1.);
#799 = DIRECTION('',(1.,0.));
#800 = ( GEOMETRIC_REPRESENTATION_CONTEXT(2) 
PARAMETRIC_REPRESENTATION_CONTEXT() REPRESENTATION_CONTEXT('2D SPACE',''
  ) );
#801 = ORIENTED_EDGE('',*,*,#802,.T.);
#802 = EDGE_CURVE('',#774,#803,#805,.T.);
#803 = VERTEX_POINT('',#804);
#804 = CARTESIAN_POINT('',(6.,87.30460604665,23.605127665441));
#805 = SURFACE_CURVE('',#806,(#810,#817),.PCURVE_S1.);
#806 = LINE('',#807,#808);
#807 = CARTESIAN_POINT('',(6.,32.708461871855,17.866841683494));
#808 = VECTOR('',#809,1.);
#809 = DIRECTION('',(0.,0.994521895368,0.104528463268));
#810 = PCURVE('',#72,#811);
#811 = DEFINITIONAL_REPRESENTATION('',(#812),#816);
#812 = LINE('',#813,#814);
#813 = CARTESIAN_POINT('',(6.,34.396875));
#814 = VECTOR('',#815,1.);
#815 = DIRECTION('',(0.,1.));
#816 = ( GEOMETRIC_REPRESENTATION_CONTEXT(2) 
PARAMETRIC_REPRESENTATION_CONTEXT() REPRESENTATION_CONTEXT('2D SPACE',''
  ) );
#817 = PCURVE('',#818,#823);
#818 = PLANE('',#819);
#819 = AXIS2_PLACEMENT_3D('',#820,#821,#822);
#820 = CARTESIAN_POINT('',(6.,67.021435654868,20.467772273086));
#821 = DIRECTION('',(1.,0.,0.));
#822 = DIRECTION('',(0.,-0.104528463268,0.994521895368));
#823 = DEFINITIONAL_REPRESENTATION('',(#824),#828);
#824 = LINE('',#825,#826);
#825 = CARTESIAN_POINT('',(1.,34.396875));
#826 = VECTOR('',#827,1.);
#827 = DIRECTION('',(0.,-1.));
#828 = ( GEOMETRIC_REPRESENTATION_CONTEXT(2) 
PARAMETRIC_REPRESENTATION_CONTEXT() REPRESENTATION_CONTEXT('2D SPACE',''
  ) );
#829 = ORIENTED_EDGE('',*,*,#830,.F.);
#830 = EDGE_CURVE('',#831,#803,#833,.T.);
#831 = VERTEX_POINT('',#832);
#832 = CARTESIAN_POINT('',(6.5,87.801866994334,23.657391897075));
#833 = SURFACE_CURVE('',#834,(#839,#846),.PCURVE_S1.);
#834 = CIRCLE('',#835,0.5);
#835 = AXIS2_PLACEMENT_3D('',#836,#837,#838);
#836 = CARTESIAN_POINT('',(6.5,87.30460604665,23.605127665441));
#837 = DIRECTION('',(0.,-0.104528463268,0.994521895368));
#838 = DIRECTION('',(-1.,-0.,0.));
#839 = PCURVE('',#72,#840);
#840 = DEFINITIONAL_REPRESENTATION('',(#841),#845);
#841 = CIRCLE('',#842,0.5);
#842 = AXIS2_PLACEMENT_2D('',#843,#844);
#843 = CARTESIAN_POINT('',(6.5,89.29375));
#844 = DIRECTION('',(-1.,0.));
#845 = ( GEOMETRIC_REPRESENTATION_CONTEXT(2) 
PARAMETRIC_REPRESENTATION_CONTEXT() REPRESENTATION_CONTEXT('2D SPACE',''
  ) );
#846 = PCURVE('',#847,#852);
#847 = CYLINDRICAL_SURFACE('',#848,0.5);
#848 = AXIS2_PLACEMENT_3D('',#849,#850,#851);
#849 = CARTESIAN_POINT('',(6.5,87.409134509918,22.610605770072));
#850 = DIRECTION('',(0.,-0.104528463268,0.994521895368));
#851 = DIRECTION('',(-1.,-0.,0.));
#852 = DEFINITIONAL_REPRESENTATION('',(#853),#857);
#853 = LINE('',#854,#855);
#854 = CARTESIAN_POINT('',(-6.28318530718,1.));
#855 = VECTOR('',#856,1.);
#856 = DIRECTION('',(1.,-0.));
#857 = ( GEOMETRIC_REPRESENTATION_CONTEXT(2) 
PARAMETRIC_REPRESENTATION_CONTEXT() REPRESENTATION_CONTEXT('2D SPACE',''
  ) );
#858 = ORIENTED_EDGE('',*,*,#859,.F.);
#859 = EDGE_CURVE('',#860,#831,#862,.T.);
#860 = VERTEX_POINT('',#861);
#861 = CARTESIAN_POINT('',(11.,87.801866994334,23.657391897075));
#862 = SURFACE_CURVE('',#863,(#867,#874),.PCURVE_S1.);
#863 = LINE('',#864,#865);
#864 = CARTESIAN_POINT('',(3.,87.801866994334,23.657391897075));
#865 = VECTOR('',#866,1.);
#866 = DIRECTION('',(-1.,0.,0.));
#867 = PCURVE('',#72,#868);
#868 = DEFINITIONAL_REPRESENTATION('',(#869),#873);
#869 = LINE('',#870,#871);
#870 = CARTESIAN_POINT('',(3.,89.79375));
#871 = VECTOR('',#872,1.);
#872 = DIRECTION('',(-1.,0.));
#873 = ( GEOMETRIC_REPRESENTATION_CONTEXT(2) 
PARAMETRIC_REPRESENTATION_CONTEXT() REPRESENTATION_CONTEXT('2D SPACE',''
  ) );
#874 = PCURVE('',#875,#880);
#875 = PLANE('',#876);
#876 = AXIS2_PLACEMENT_3D('',#877,#878,#879);
#877 = CARTESIAN_POINT('',(6.,87.906395457602,22.662870001706));
#878 = DIRECTION('',(0.,0.994521895368,0.104528463268));
#879 = DIRECTION('',(0.,-0.104528463268,0.994521895368));
#880 = DEFINITIONAL_REPRESENTATION('',(#881),#885);
#881 = LINE('',#882,#883);
#882 = CARTESIAN_POINT('',(1.,-3.));
#883 = VECTOR('',#884,1.);
#884 = DIRECTION('',(0.,-1.));
#885 = ( GEOMETRIC_REPRESENTATION_CONTEXT(2) 
PARAMETRIC_REPRESENTATION_CONTEXT() REPRESENTATION_CONTEXT('2D SPACE',''
  ) );
#886 = ORIENTED_EDGE('',*,*,#887,.T.);
#887 = EDGE_CURVE('',#860,#888,#890,.T.);
#888 = VERTEX_POINT('',#889);
#889 = CARTESIAN_POINT('',(11.,143.28997299403,29.489426844514));
#890 = SURFACE_CURVE('',#891,(#895,#902),.PCURVE_S1.);
#891 = LINE('',#892,#893);
#892 = CARTESIAN_POINT('',(11.,3.969886976635,14.846295746507));
#893 = VECTOR('',#894,1.);
#894 = DIRECTION('',(0.,0.994521895368,0.104528463268));
#895 = PCURVE('',#72,#896);
#896 = DEFINITIONAL_REPRESENTATION('',(#897),#901);
#897 = LINE('',#898,#899);
#898 = CARTESIAN_POINT('',(11.,5.5));
#899 = VECTOR('',#900,1.);
#900 = DIRECTION('',(0.,1.));
#901 = ( GEOMETRIC_REPRESENTATION_CONTEXT(2) 
PARAMETRIC_REPRESENTATION_CONTEXT() REPRESENTATION_CONTEXT('2D SPACE',''
  ) );
#902 = PCURVE('',#903,#908);
#903 = PLANE('',#904);
#904 = AXIS2_PLACEMENT_3D('',#905,#906,#907);
#905 = CARTESIAN_POINT('',(11.,9.544285864428,14.426680399111));
#906 = DIRECTION('',(1.,0.,0.));
#907 = DIRECTION('',(0.,-0.104528463268,0.994521895368));
#908 = DEFINITIONAL_REPRESENTATION('',(#909),#913);
#909 = LINE('',#910,#911);
#910 = CARTESIAN_POINT('',(1.,5.5));
#911 = VECTOR('',#912,1.);
#912 = DIRECTION('',(0.,-1.));
#913 = ( GEOMETRIC_REPRESENTATION_CONTEXT(2) 
PARAMETRIC_REPRESENTATION_CONTEXT() REPRESENTATION_CONTEXT('2D SPACE',''
  ) );
#914 = ORIENTED_EDGE('',*,*,#915,.F.);
#915 = EDGE_CURVE('',#916,#888,#918,.T.);
#916 = VERTEX_POINT('',#917);
#917 = CARTESIAN_POINT('',(13.,145.27901678477,29.69848377105));
#918 = SURFACE_CURVE('',#919,(#924,#931),.PCURVE_S1.);
#919 = CIRCLE('',#920,2.);
#920 = AXIS2_PLACEMENT_3D('',#921,#922,#923);
#921 = CARTESIAN_POINT('',(13.,143.28997299403,29.489426844514));
#922 = DIRECTION('',(0.,-0.104528463268,0.994521895368));
#923 = DIRECTION('',(-1.,-0.,0.));
#924 = PCURVE('',#72,#925);
#925 = DEFINITIONAL_REPRESENTATION('',(#926),#930);
#926 = CIRCLE('',#927,2.);
#927 = AXIS2_PLACEMENT_2D('',#928,#929);
#928 = CARTESIAN_POINT('',(13.,145.5875));
#929 = DIRECTION('',(-1.,0.));
#930 = ( GEOMETRIC_REPRESENTATION_CONTEXT(2) 
PARAMETRIC_REPRESENTATION_CONTEXT() REPRESENTATION_CONTEXT('2D SPACE',''
  ) );
#931 = PCURVE('',#932,#937);
#932 = CYLINDRICAL_SURFACE('',#933,2.);
#933 = AXIS2_PLACEMENT_3D('',#934,#935,#936);
#934 = CARTESIAN_POINT('',(13.,143.3945014573,28.494904949146));
#935 = DIRECTION('',(0.,-0.104528463268,0.994521895368));
#936 = DIRECTION('',(-1.,-0.,0.));
#937 = DEFINITIONAL_REPRESENTATION('',(#938),#942);
#938 = LINE('',#939,#940);
#939 = CARTESIAN_POINT('',(-6.28318530718,1.));
#940 = VECTOR('',#941,1.);
#941 = DIRECTION('',(1.,-0.));
#942 = ( GEOMETRIC_REPRESENTATION_CONTEXT(2) 
PARAMETRIC_REPRESENTATION_CONTEXT() REPRESENTATION_CONTEXT('2D SPACE',''
  ) );
#943 = ORIENTED_EDGE('',*,*,#944,.F.);
#944 = EDGE_CURVE('',#945,#916,#947,.T.);
#945 = VERTEX_POINT('',#946);
#946 = CARTESIAN_POINT('',(59.5,145.27901678477,29.69848377105));
#947 = SURFACE_CURVE('',#948,(#952,#959),.PCURVE_S1.);
#948 = LINE('',#949,#950);
#949 = CARTESIAN_POINT('',(5.5,145.27901678477,29.69848377105));
#950 = VECTOR('',#951,1.);
#951 = DIRECTION('',(-1.,0.,0.));
#952 = PCURVE('',#72,#953);
#953 = DEFINITIONAL_REPRESENTATION('',(#954),#958);
#954 = LINE('',#955,#956);
#955 = CARTESIAN_POINT('',(5.5,147.5875));
#956 = VECTOR('',#957,1.);
#957 = DIRECTION('',(-1.,0.));
#958 = ( GEOMETRIC_REPRESENTATION_CONTEXT(2) 
PARAMETRIC_REPRESENTATION_CONTEXT() REPRESENTATION_CONTEXT('2D SPACE',''
  ) );
#959 = PCURVE('',#960,#965);
#960 = PLANE('',#961);
#961 = AXIS2_PLACEMENT_3D('',#962,#963,#964);
#962 = CARTESIAN_POINT('',(11.,145.38354524804,28.703961875681));
#963 = DIRECTION('',(0.,0.994521895368,0.104528463268));
#964 = DIRECTION('',(0.,-0.104528463268,0.994521895368));
#965 = DEFINITIONAL_REPRESENTATION('',(#966),#970);
#966 = LINE('',#967,#968);
#967 = CARTESIAN_POINT('',(1.,-5.5));
#968 = VECTOR('',#969,1.);
#969 = DIRECTION('',(0.,-1.));
#970 = ( GEOMETRIC_REPRESENTATION_CONTEXT(2) 
PARAMETRIC_REPRESENTATION_CONTEXT() REPRESENTATION_CONTEXT('2D SPACE',''
  ) );
#971 = ORIENTED_EDGE('',*,*,#972,.T.);
#972 = EDGE_CURVE('',#945,#973,#975,.T.);
#973 = VERTEX_POINT('',#974);
#974 = CARTESIAN_POINT('',(59.5,149.75436531393,30.168861855754));
#975 = SURFACE_CURVE('',#976,(#980,#987),.PCURVE_S1.);
#976 = LINE('',#977,#978);
#977 = CARTESIAN_POINT('',(59.5,70.894994773073,21.880408021524));
#978 = VECTOR('',#979,1.);
#979 = DIRECTION('',(0.,0.994521895368,0.104528463268));
#980 = PCURVE('',#72,#981);
#981 = DEFINITIONAL_REPRESENTATION('',(#982),#986);
#982 = LINE('',#983,#984);
#983 = CARTESIAN_POINT('',(59.5,72.79375));
#984 = VECTOR('',#985,1.);
#985 = DIRECTION('',(0.,1.));
#986 = ( GEOMETRIC_REPRESENTATION_CONTEXT(2) 
PARAMETRIC_REPRESENTATION_CONTEXT() REPRESENTATION_CONTEXT('2D SPACE',''
  ) );
#987 = PCURVE('',#988,#993);
#988 = PLANE('',#989);
#989 = AXIS2_PLACEMENT_3D('',#990,#991,#992);
#990 = CARTESIAN_POINT('',(59.5,143.3945014573,28.494904949146));
#991 = DIRECTION('',(1.,0.,0.));
#992 = DIRECTION('',(0.,-0.104528463268,0.994521895368));
#993 = DEFINITIONAL_REPRESENTATION('',(#994),#998);
#994 = LINE('',#995,#996);
#995 = CARTESIAN_POINT('',(1.,72.79375));
#996 = VECTOR('',#997,1.);
#997 = DIRECTION('',(0.,-1.));
#998 = ( GEOMETRIC_REPRESENTATION_CONTEXT(2) 
PARAMETRIC_REPRESENTATION_CONTEXT() REPRESENTATION_CONTEXT('2D SPACE',''
  ) );
#999 = ORIENTED_EDGE('',*,*,#1000,.F.);
#1000 = EDGE_CURVE('',#1001,#973,#1003,.T.);
#1001 = VERTEX_POINT('',#1002);
#1002 = CARTESIAN_POINT('',(60.,150.25162626161,30.221126087388));
#1003 = SURFACE_CURVE('',#1004,(#1009,#1016),.PCURVE_S1.);
#1004 = CIRCLE('',#1005,0.5);
#1005 = AXIS2_PLACEMENT_3D('',#1006,#1007,#1008);
#1006 = CARTESIAN_POINT('',(60.,149.75436531393,30.168861855754));
#1007 = DIRECTION('',(0.,-0.104528463268,0.994521895368));
#1008 = DIRECTION('',(-1.,-0.,0.));
#1009 = PCURVE('',#72,#1010);
#1010 = DEFINITIONAL_REPRESENTATION('',(#1011),#1015);
#1011 = CIRCLE('',#1012,0.5);
#1012 = AXIS2_PLACEMENT_2D('',#1013,#1014);
#1013 = CARTESIAN_POINT('',(60.,152.0875));
#1014 = DIRECTION('',(-1.,0.));
#1015 = ( GEOMETRIC_REPRESENTATION_CONTEXT(2) 
PARAMETRIC_REPRESENTATION_CONTEXT() REPRESENTATION_CONTEXT('2D SPACE',''
  ) );
#1016 = PCURVE('',#1017,#1022);
#1017 = CYLINDRICAL_SURFACE('',#1018,0.5);
#1018 = AXIS2_PLACEMENT_3D('',#1019,#1020,#1021);
#1019 = CARTESIAN_POINT('',(60.,149.85889377719,29.174339960386));
#1020 = DIRECTION('',(0.,-0.104528463268,0.994521895368));
#1021 = DIRECTION('',(-1.,-0.,0.));
#1022 = DEFINITIONAL_REPRESENTATION('',(#1023),#1027);
#1023 = LINE('',#1024,#1025);
#1024 = CARTESIAN_POINT('',(-6.28318530718,1.));
#1025 = VECTOR('',#1026,1.);
#1026 = DIRECTION('',(1.,-0.));
#1027 = ( GEOMETRIC_REPRESENTATION_CONTEXT(2) 
PARAMETRIC_REPRESENTATION_CONTEXT() REPRESENTATION_CONTEXT('2D SPACE',''
  ) );
#1028 = ORIENTED_EDGE('',*,*,#1029,.F.);
#1029 = EDGE_CURVE('',#1030,#1001,#1032,.T.);
#1030 = VERTEX_POINT('',#1031);
#1031 = CARTESIAN_POINT('',(80.,150.25162626161,30.221126087388));
#1032 = SURFACE_CURVE('',#1033,(#1037,#1044),.PCURVE_S1.);
#1033 = LINE('',#1034,#1035);
#1034 = CARTESIAN_POINT('',(29.75,150.25162626161,30.221126087388));
#1035 = VECTOR('',#1036,1.);
#1036 = DIRECTION('',(-1.,0.,0.));
#1037 = PCURVE('',#72,#1038);
#1038 = DEFINITIONAL_REPRESENTATION('',(#1039),#1043);
#1039 = LINE('',#1040,#1041);
#1040 = CARTESIAN_POINT('',(29.75,152.5875));
#1041 = VECTOR('',#1042,1.);
#1042 = DIRECTION('',(-1.,0.));
#1043 = ( GEOMETRIC_REPRESENTATION_CONTEXT(2) 
PARAMETRIC_REPRESENTATION_CONTEXT() REPRESENTATION_CONTEXT('2D SPACE',''
  ) );
#1044 = PCURVE('',#1045,#1050);
#1045 = PLANE('',#1046);
#1046 = AXIS2_PLACEMENT_3D('',#1047,#1048,#1049);
#1047 = CARTESIAN_POINT('',(59.5,150.35615472488,29.22660419202));
#1048 = DIRECTION('',(0.,0.994521895368,0.104528463268));
#1049 = DIRECTION('',(0.,-0.104528463268,0.994521895368));
#1050 = DEFINITIONAL_REPRESENTATION('',(#1051),#1055);
#1051 = LINE('',#1052,#1053);
#1052 = CARTESIAN_POINT('',(1.,-29.75));
#1053 = VECTOR('',#1054,1.);
#1054 = DIRECTION('',(0.,-1.));
#1055 = ( GEOMETRIC_REPRESENTATION_CONTEXT(2) 
PARAMETRIC_REPRESENTATION_CONTEXT() REPRESENTATION_CONTEXT('2D SPACE',''
  ) );
#1056 = ORIENTED_EDGE('',*,*,#1057,.F.);
#1057 = EDGE_CURVE('',#1058,#1030,#1060,.T.);
#1058 = VERTEX_POINT('',#1059);
#1059 = CARTESIAN_POINT('',(80.5,149.75436531393,30.168861855754));
#1060 = SURFACE_CURVE('',#1061,(#1066,#1073),.PCURVE_S1.);
#1061 = CIRCLE('',#1062,0.5);
#1062 = AXIS2_PLACEMENT_3D('',#1063,#1064,#1065);
#1063 = CARTESIAN_POINT('',(80.,149.75436531393,30.168861855754));
#1064 = DIRECTION('',(0.,-0.104528463268,0.994521895368));
#1065 = DIRECTION('',(1.,0.,0.));
#1066 = PCURVE('',#72,#1067);
#1067 = DEFINITIONAL_REPRESENTATION('',(#1068),#1072);
#1068 = CIRCLE('',#1069,0.5);
#1069 = AXIS2_PLACEMENT_2D('',#1070,#1071);
#1070 = CARTESIAN_POINT('',(80.,152.0875));
#1071 = DIRECTION('',(1.,0.));
#1072 = ( GEOMETRIC_REPRESENTATION_CONTEXT(2) 
PARAMETRIC_REPRESENTATION_CONTEXT() REPRESENTATION_CONTEXT('2D SPACE',''
  ) );
#1073 = PCURVE('',#1074,#1079);
#1074 = CYLINDRICAL_SURFACE('',#1075,0.5);
#1075 = AXIS2_PLACEMENT_3D('',#1076,#1077,#1078);
#1076 = CARTESIAN_POINT('',(80.,149.85889377719,29.174339960386));
#1077 = DIRECTION('',(0.,-0.104528463268,0.994521895368));
#1078 = DIRECTION('',(1.,0.,0.));
#1079 = DEFINITIONAL_REPRESENTATION('',(#1080),#1084);
#1080 = LINE('',#1081,#1082);
#1081 = CARTESIAN_POINT('',(0.,1.));
#1082 = VECTOR('',#1083,1.);
#1083 = DIRECTION('',(1.,0.));
#1084 = ( GEOMETRIC_REPRESENTATION_CONTEXT(2) 
PARAMETRIC_REPRESENTATION_CONTEXT() REPRESENTATION_CONTEXT('2D SPACE',''
  ) );
#1085 = ORIENTED_EDGE('',*,*,#1086,.F.);
#1086 = EDGE_CURVE('',#1087,#1058,#1089,.T.);
#1087 = VERTEX_POINT('',#1088);
#1088 = CARTESIAN_POINT('',(80.5,145.27901678477,29.69848377105));
#1089 = SURFACE_CURVE('',#1090,(#1094,#1101),.PCURVE_S1.);
#1090 = LINE('',#1091,#1092);
#1091 = CARTESIAN_POINT('',(80.5,70.894994773073,21.880408021524));
#1092 = VECTOR('',#1093,1.);
#1093 = DIRECTION('',(0.,0.994521895368,0.104528463268));
#1094 = PCURVE('',#72,#1095);
#1095 = DEFINITIONAL_REPRESENTATION('',(#1096),#1100);
#1096 = LINE('',#1097,#1098);
#1097 = CARTESIAN_POINT('',(80.5,72.79375));
#1098 = VECTOR('',#1099,1.);
#1099 = DIRECTION('',(0.,1.));
#1100 = ( GEOMETRIC_REPRESENTATION_CONTEXT(2) 
PARAMETRIC_REPRESENTATION_CONTEXT() REPRESENTATION_CONTEXT('2D SPACE',''
  ) );
#1101 = PCURVE('',#1102,#1107);
#1102 = PLANE('',#1103);
#1103 = AXIS2_PLACEMENT_3D('',#1104,#1105,#1106);
#1104 = CARTESIAN_POINT('',(80.5,143.3945014573,28.494904949146));
#1105 = DIRECTION('',(1.,0.,0.));
#1106 = DIRECTION('',(0.,-0.104528463268,0.994521895368));
#1107 = DEFINITIONAL_REPRESENTATION('',(#1108),#1112);
#1108 = LINE('',#1109,#1110);
#1109 = CARTESIAN_POINT('',(1.,72.79375));
#1110 = VECTOR('',#1111,1.);
#1111 = DIRECTION('',(0.,-1.));
#1112 = ( GEOMETRIC_REPRESENTATION_CONTEXT(2) 
PARAMETRIC_REPRESENTATION_CONTEXT() REPRESENTATION_CONTEXT('2D SPACE',''
  ) );
#1113 = ORIENTED_EDGE('',*,*,#1114,.F.);
#1114 = EDGE_CURVE('',#1115,#1087,#1117,.T.);
#1115 = VERTEX_POINT('',#1116);
#1116 = CARTESIAN_POINT('',(168.80625,145.27901678477,29.69848377105));
#1117 = SURFACE_CURVE('',#1118,(#1122,#1129),.PCURVE_S1.);
#1118 = LINE('',#1119,#1120);
#1119 = CARTESIAN_POINT('',(5.5,145.27901678477,29.69848377105));
#1120 = VECTOR('',#1121,1.);
#1121 = DIRECTION('',(-1.,0.,0.));
#1122 = PCURVE('',#72,#1123);
#1123 = DEFINITIONAL_REPRESENTATION('',(#1124),#1128);
#1124 = LINE('',#1125,#1126);
#1125 = CARTESIAN_POINT('',(5.5,147.5875));
#1126 = VECTOR('',#1127,1.);
#1127 = DIRECTION('',(-1.,0.));
#1128 = ( GEOMETRIC_REPRESENTATION_CONTEXT(2) 
PARAMETRIC_REPRESENTATION_CONTEXT() REPRESENTATION_CONTEXT('2D SPACE',''
  ) );
#1129 = PCURVE('',#1130,#1135);
#1130 = PLANE('',#1131);
#1131 = AXIS2_PLACEMENT_3D('',#1132,#1133,#1134);
#1132 = CARTESIAN_POINT('',(11.,145.38354524804,28.703961875681));
#1133 = DIRECTION('',(0.,0.994521895368,0.104528463268));
#1134 = DIRECTION('',(0.,-0.104528463268,0.994521895368));
#1135 = DEFINITIONAL_REPRESENTATION('',(#1136),#1140);
#1136 = LINE('',#1137,#1138);
#1137 = CARTESIAN_POINT('',(1.,-5.5));
#1138 = VECTOR('',#1139,1.);
#1139 = DIRECTION('',(0.,-1.));
#1140 = ( GEOMETRIC_REPRESENTATION_CONTEXT(2) 
PARAMETRIC_REPRESENTATION_CONTEXT() REPRESENTATION_CONTEXT('2D SPACE',''
  ) );
#1141 = ORIENTED_EDGE('',*,*,#1142,.T.);
#1142 = EDGE_CURVE('',#1115,#1143,#1145,.T.);
#1143 = VERTEX_POINT('',#1144);
#1144 = CARTESIAN_POINT('',(168.80625,149.75436531393,30.168861855754));
#1145 = SURFACE_CURVE('',#1146,(#1150,#1157),.PCURVE_S1.);
#1146 = LINE('',#1147,#1148);
#1147 = CARTESIAN_POINT('',(168.80625,70.894994773073,21.880408021524));
#1148 = VECTOR('',#1149,1.);
#1149 = DIRECTION('',(0.,0.994521895368,0.104528463268));
#1150 = PCURVE('',#72,#1151);
#1151 = DEFINITIONAL_REPRESENTATION('',(#1152),#1156);
#1152 = LINE('',#1153,#1154);
#1153 = CARTESIAN_POINT('',(168.80625,72.79375));
#1154 = VECTOR('',#1155,1.);
#1155 = DIRECTION('',(0.,1.));
#1156 = ( GEOMETRIC_REPRESENTATION_CONTEXT(2) 
PARAMETRIC_REPRESENTATION_CONTEXT() REPRESENTATION_CONTEXT('2D SPACE',''
  ) );
#1157 = PCURVE('',#1158,#1163);
#1158 = PLANE('',#1159);
#1159 = AXIS2_PLACEMENT_3D('',#1160,#1161,#1162);
#1160 = CARTESIAN_POINT('',(168.80625,143.3945014573,28.494904949146));
#1161 = DIRECTION('',(1.,0.,0.));
#1162 = DIRECTION('',(0.,-0.104528463268,0.994521895368));
#1163 = DEFINITIONAL_REPRESENTATION('',(#1164),#1168);
#1164 = LINE('',#1165,#1166);
#1165 = CARTESIAN_POINT('',(1.,72.79375));
#1166 = VECTOR('',#1167,1.);
#1167 = DIRECTION('',(0.,-1.));
#1168 = ( GEOMETRIC_REPRESENTATION_CONTEXT(2) 
PARAMETRIC_REPRESENTATION_CONTEXT() REPRESENTATION_CONTEXT('2D SPACE',''
  ) );
#1169 = ORIENTED_EDGE('',*,*,#1170,.F.);
#1170 = EDGE_CURVE('',#1171,#1143,#1173,.T.);
#1171 = VERTEX_POINT('',#1172);
#1172 = CARTESIAN_POINT('',(169.30625,150.25162626161,30.221126087388));
#1173 = SURFACE_CURVE('',#1174,(#1179,#1186),.PCURVE_S1.);
#1174 = CIRCLE('',#1175,0.5);
#1175 = AXIS2_PLACEMENT_3D('',#1176,#1177,#1178);
#1176 = CARTESIAN_POINT('',(169.30625,149.75436531393,30.168861855754));
#1177 = DIRECTION('',(0.,-0.104528463268,0.994521895368));
#1178 = DIRECTION('',(-1.,-0.,0.));
#1179 = PCURVE('',#72,#1180);
#1180 = DEFINITIONAL_REPRESENTATION('',(#1181),#1185);
#1181 = CIRCLE('',#1182,0.5);
#1182 = AXIS2_PLACEMENT_2D('',#1183,#1184);
#1183 = CARTESIAN_POINT('',(169.30625,152.0875));
#1184 = DIRECTION('',(-1.,0.));
#1185 = ( GEOMETRIC_REPRESENTATION_CONTEXT(2) 
PARAMETRIC_REPRESENTATION_CONTEXT() REPRESENTATION_CONTEXT('2D SPACE',''
  ) );
#1186 = PCURVE('',#1187,#1192);
#1187 = CYLINDRICAL_SURFACE('',#1188,0.5);
#1188 = AXIS2_PLACEMENT_3D('',#1189,#1190,#1191);
#1189 = CARTESIAN_POINT('',(169.30625,149.85889377719,29.174339960386));
#1190 = DIRECTION('',(0.,-0.104528463268,0.994521895368));
#1191 = DIRECTION('',(-1.,-0.,0.));
#1192 = DEFINITIONAL_REPRESENTATION('',(#1193),#1197);
#1193 = LINE('',#1194,#1195);
#1194 = CARTESIAN_POINT('',(-6.28318530718,1.));
#1195 = VECTOR('',#1196,1.);
#1196 = DIRECTION('',(1.,-0.));
#1197 = ( GEOMETRIC_REPRESENTATION_CONTEXT(2) 
PARAMETRIC_REPRESENTATION_CONTEXT() REPRESENTATION_CONTEXT('2D SPACE',''
  ) );
#1198 = ORIENTED_EDGE('',*,*,#1199,.F.);
#1199 = EDGE_CURVE('',#1200,#1171,#1202,.T.);
#1200 = VERTEX_POINT('',#1201);
#1201 = CARTESIAN_POINT('',(189.30625,150.25162626161,30.221126087388));
#1202 = SURFACE_CURVE('',#1203,(#1207,#1214),.PCURVE_S1.);
#1203 = LINE('',#1204,#1205);
#1204 = CARTESIAN_POINT('',(84.403125,150.25162626161,30.221126087388));
#1205 = VECTOR('',#1206,1.);
#1206 = DIRECTION('',(-1.,0.,0.));
#1207 = PCURVE('',#72,#1208);
#1208 = DEFINITIONAL_REPRESENTATION('',(#1209),#1213);
#1209 = LINE('',#1210,#1211);
#1210 = CARTESIAN_POINT('',(84.403125,152.5875));
#1211 = VECTOR('',#1212,1.);
#1212 = DIRECTION('',(-1.,0.));
#1213 = ( GEOMETRIC_REPRESENTATION_CONTEXT(2) 
PARAMETRIC_REPRESENTATION_CONTEXT() REPRESENTATION_CONTEXT('2D SPACE',''
  ) );
#1214 = PCURVE('',#1215,#1220);
#1215 = PLANE('',#1216);
#1216 = AXIS2_PLACEMENT_3D('',#1217,#1218,#1219);
#1217 = CARTESIAN_POINT('',(168.80625,150.35615472488,29.22660419202));
#1218 = DIRECTION('',(0.,0.994521895368,0.104528463268));
#1219 = DIRECTION('',(0.,-0.104528463268,0.994521895368));
#1220 = DEFINITIONAL_REPRESENTATION('',(#1221),#1225);
#1221 = LINE('',#1222,#1223);
#1222 = CARTESIAN_POINT('',(1.,-84.403125));
#1223 = VECTOR('',#1224,1.);
#1224 = DIRECTION('',(0.,-1.));
#1225 = ( GEOMETRIC_REPRESENTATION_CONTEXT(2) 
PARAMETRIC_REPRESENTATION_CONTEXT() REPRESENTATION_CONTEXT('2D SPACE',''
  ) );
#1226 = ORIENTED_EDGE('',*,*,#1227,.F.);
#1227 = EDGE_CURVE('',#1228,#1200,#1230,.T.);
#1228 = VERTEX_POINT('',#1229);
#1229 = CARTESIAN_POINT('',(189.80625,149.75436531393,30.168861855754));
#1230 = SURFACE_CURVE('',#1231,(#1236,#1243),.PCURVE_S1.);
#1231 = CIRCLE('',#1232,0.5);
#1232 = AXIS2_PLACEMENT_3D('',#1233,#1234,#1235);
#1233 = CARTESIAN_POINT('',(189.30625,149.75436531393,30.168861855754));
#1234 = DIRECTION('',(0.,-0.104528463268,0.994521895368));
#1235 = DIRECTION('',(1.,0.,0.));
#1236 = PCURVE('',#72,#1237);
#1237 = DEFINITIONAL_REPRESENTATION('',(#1238),#1242);
#1238 = CIRCLE('',#1239,0.5);
#1239 = AXIS2_PLACEMENT_2D('',#1240,#1241);
#1240 = CARTESIAN_POINT('',(189.30625,152.0875));
#1241 = DIRECTION('',(1.,0.));
#1242 = ( GEOMETRIC_REPRESENTATION_CONTEXT(2) 
PARAMETRIC_REPRESENTATION_CONTEXT() REPRESENTATION_CONTEXT('2D SPACE',''
  ) );
#1243 = PCURVE('',#1244,#1249);
#1244 = CYLINDRICAL_SURFACE('',#1245,0.5);
#1245 = AXIS2_PLACEMENT_3D('',#1246,#1247,#1248);
#1246 = CARTESIAN_POINT('',(189.30625,149.85889377719,29.174339960386));
#1247 = DIRECTION('',(0.,-0.104528463268,0.994521895368));
#1248 = DIRECTION('',(1.,0.,0.));
#1249 = DEFINITIONAL_REPRESENTATION('',(#1250),#1254);
#1250 = LINE('',#1251,#1252);
#1251 = CARTESIAN_POINT('',(0.,1.));
#1252 = VECTOR('',#1253,1.);
#1253 = DIRECTION('',(1.,0.));
#1254 = ( GEOMETRIC_REPRESENTATION_CONTEXT(2) 
PARAMETRIC_REPRESENTATION_CONTEXT() REPRESENTATION_CONTEXT('2D SPACE',''
  ) );
#1255 = ORIENTED_EDGE('',*,*,#1256,.F.);
#1256 = EDGE_CURVE('',#1257,#1228,#1259,.T.);
#1257 = VERTEX_POINT('',#1258);
#1258 = CARTESIAN_POINT('',(189.80625,145.27901678477,29.69848377105));
#1259 = SURFACE_CURVE('',#1260,(#1264,#1271),.PCURVE_S1.);
#1260 = LINE('',#1261,#1262);
#1261 = CARTESIAN_POINT('',(189.80625,70.894994773073,21.880408021524));
#1262 = VECTOR('',#1263,1.);
#1263 = DIRECTION('',(0.,0.994521895368,0.104528463268));
#1264 = PCURVE('',#72,#1265);
#1265 = DEFINITIONAL_REPRESENTATION('',(#1266),#1270);
#1266 = LINE('',#1267,#1268);
#1267 = CARTESIAN_POINT('',(189.80625,72.79375));
#1268 = VECTOR('',#1269,1.);
#1269 = DIRECTION('',(0.,1.));
#1270 = ( GEOMETRIC_REPRESENTATION_CONTEXT(2) 
PARAMETRIC_REPRESENTATION_CONTEXT() REPRESENTATION_CONTEXT('2D SPACE',''
  ) );
#1271 = PCURVE('',#1272,#1277);
#1272 = PLANE('',#1273);
#1273 = AXIS2_PLACEMENT_3D('',#1274,#1275,#1276);
#1274 = CARTESIAN_POINT('',(189.80625,143.3945014573,28.494904949146));
#1275 = DIRECTION('',(1.,0.,0.));
#1276 = DIRECTION('',(0.,-0.104528463268,0.994521895368));
#1277 = DEFINITIONAL_REPRESENTATION('',(#1278),#1282);
#1278 = LINE('',#1279,#1280);
#1279 = CARTESIAN_POINT('',(1.,72.79375));
#1280 = VECTOR('',#1281,1.);
#1281 = DIRECTION('',(0.,-1.));
#1282 = ( GEOMETRIC_REPRESENTATION_CONTEXT(2) 
PARAMETRIC_REPRESENTATION_CONTEXT() REPRESENTATION_CONTEXT('2D SPACE',''
  ) );
#1283 = ORIENTED_EDGE('',*,*,#1284,.F.);
#1284 = EDGE_CURVE('',#1285,#1257,#1287,.T.);
#1285 = VERTEX_POINT('',#1286);
#1286 = CARTESIAN_POINT('',(278.1125,145.27901678477,29.69848377105));
#1287 = SURFACE_CURVE('',#1288,(#1292,#1299),.PCURVE_S1.);
#1288 = LINE('',#1289,#1290);
#1289 = CARTESIAN_POINT('',(5.5,145.27901678477,29.69848377105));
#1290 = VECTOR('',#1291,1.);
#1291 = DIRECTION('',(-1.,0.,0.));
#1292 = PCURVE('',#72,#1293);
#1293 = DEFINITIONAL_REPRESENTATION('',(#1294),#1298);
#1294 = LINE('',#1295,#1296);
#1295 = CARTESIAN_POINT('',(5.5,147.5875));
#1296 = VECTOR('',#1297,1.);
#1297 = DIRECTION('',(-1.,0.));
#1298 = ( GEOMETRIC_REPRESENTATION_CONTEXT(2) 
PARAMETRIC_REPRESENTATION_CONTEXT() REPRESENTATION_CONTEXT('2D SPACE',''
  ) );
#1299 = PCURVE('',#1300,#1305);
#1300 = PLANE('',#1301);
#1301 = AXIS2_PLACEMENT_3D('',#1302,#1303,#1304);
#1302 = CARTESIAN_POINT('',(11.,145.38354524804,28.703961875681));
#1303 = DIRECTION('',(0.,0.994521895368,0.104528463268));
#1304 = DIRECTION('',(0.,-0.104528463268,0.994521895368));
#1305 = DEFINITIONAL_REPRESENTATION('',(#1306),#1310);
#1306 = LINE('',#1307,#1308);
#1307 = CARTESIAN_POINT('',(1.,-5.5));
#1308 = VECTOR('',#1309,1.);
#1309 = DIRECTION('',(0.,-1.));
#1310 = ( GEOMETRIC_REPRESENTATION_CONTEXT(2) 
PARAMETRIC_REPRESENTATION_CONTEXT() REPRESENTATION_CONTEXT('2D SPACE',''
  ) );
#1311 = ORIENTED_EDGE('',*,*,#1312,.T.);
#1312 = EDGE_CURVE('',#1285,#1313,#1315,.T.);
#1313 = VERTEX_POINT('',#1314);
#1314 = CARTESIAN_POINT('',(278.1125,149.75436531393,30.168861855754));
#1315 = SURFACE_CURVE('',#1316,(#1320,#1327),.PCURVE_S1.);
#1316 = LINE('',#1317,#1318);
#1317 = CARTESIAN_POINT('',(278.1125,70.894994773073,21.880408021524));
#1318 = VECTOR('',#1319,1.);
#1319 = DIRECTION('',(0.,0.994521895368,0.104528463268));
#1320 = PCURVE('',#72,#1321);
#1321 = DEFINITIONAL_REPRESENTATION('',(#1322),#1326);
#1322 = LINE('',#1323,#1324);
#1323 = CARTESIAN_POINT('',(278.1125,72.79375));
#1324 = VECTOR('',#1325,1.);
#1325 = DIRECTION('',(0.,1.));
#1326 = ( GEOMETRIC_REPRESENTATION_CONTEXT(2) 
PARAMETRIC_REPRESENTATION_CONTEXT() REPRESENTATION_CONTEXT('2D SPACE',''
  ) );
#1327 = PCURVE('',#1328,#1333);
#1328 = PLANE('',#1329);
#1329 = AXIS2_PLACEMENT_3D('',#1330,#1331,#1332);
#1330 = CARTESIAN_POINT('',(278.1125,143.3945014573,28.494904949146));
#1331 = DIRECTION('',(1.,0.,0.));
#1332 = DIRECTION('',(0.,-0.104528463268,0.994521895368));
#1333 = DEFINITIONAL_REPRESENTATION('',(#1334),#1338);
#1334 = LINE('',#1335,#1336);
#1335 = CARTESIAN_POINT('',(1.,72.79375));
#1336 = VECTOR('',#1337,1.);
#1337 = DIRECTION('',(0.,-1.));
#1338 = ( GEOMETRIC_REPRESENTATION_CONTEXT(2) 
PARAMETRIC_REPRESENTATION_CONTEXT() REPRESENTATION_CONTEXT('2D SPACE',''
  ) );
#1339 = ORIENTED_EDGE('',*,*,#1340,.F.);
#1340 = EDGE_CURVE('',#1341,#1313,#1343,.T.);
#1341 = VERTEX_POINT('',#1342);
#1342 = CARTESIAN_POINT('',(278.6125,150.25162626161,30.221126087388));
#1343 = SURFACE_CURVE('',#1344,(#1349,#1356),.PCURVE_S1.);
#1344 = CIRCLE('',#1345,0.5);
#1345 = AXIS2_PLACEMENT_3D('',#1346,#1347,#1348);
#1346 = CARTESIAN_POINT('',(278.6125,149.75436531393,30.168861855754));
#1347 = DIRECTION('',(0.,-0.104528463268,0.994521895368));
#1348 = DIRECTION('',(-1.,-0.,0.));
#1349 = PCURVE('',#72,#1350);
#1350 = DEFINITIONAL_REPRESENTATION('',(#1351),#1355);
#1351 = CIRCLE('',#1352,0.5);
#1352 = AXIS2_PLACEMENT_2D('',#1353,#1354);
#1353 = CARTESIAN_POINT('',(278.6125,152.0875));
#1354 = DIRECTION('',(-1.,0.));
#1355 = ( GEOMETRIC_REPRESENTATION_CONTEXT(2) 
PARAMETRIC_REPRESENTATION_CONTEXT() REPRESENTATION_CONTEXT('2D SPACE',''
  ) );
#1356 = PCURVE('',#1357,#1362);
#1357 = CYLINDRICAL_SURFACE('',#1358,0.5);
#1358 = AXIS2_PLACEMENT_3D('',#1359,#1360,#1361);
#1359 = CARTESIAN_POINT('',(278.6125,149.85889377719,29.174339960386));
#1360 = DIRECTION('',(0.,-0.104528463268,0.994521895368));
#1361 = DIRECTION('',(-1.,-0.,0.));
#1362 = DEFINITIONAL_REPRESENTATION('',(#1363),#1367);
#1363 = LINE('',#1364,#1365);
#1364 = CARTESIAN_POINT('',(-6.28318530718,1.));
#1365 = VECTOR('',#1366,1.);
#1366 = DIRECTION('',(1.,-0.));
#1367 = ( GEOMETRIC_REPRESENTATION_CONTEXT(2) 
PARAMETRIC_REPRESENTATION_CONTEXT() REPRESENTATION_CONTEXT('2D SPACE',''
  ) );
#1368 = ORIENTED_EDGE('',*,*,#1369,.F.);
#1369 = EDGE_CURVE('',#1370,#1341,#1372,.T.);
#1370 = VERTEX_POINT('',#1371);
#1371 = CARTESIAN_POINT('',(298.6125,150.25162626161,30.221126087388));
#1372 = SURFACE_CURVE('',#1373,(#1377,#1384),.PCURVE_S1.);
#1373 = LINE('',#1374,#1375);
#1374 = CARTESIAN_POINT('',(139.05625,150.25162626161,30.221126087388));
#1375 = VECTOR('',#1376,1.);
#1376 = DIRECTION('',(-1.,0.,0.));
#1377 = PCURVE('',#72,#1378);
#1378 = DEFINITIONAL_REPRESENTATION('',(#1379),#1383);
#1379 = LINE('',#1380,#1381);
#1380 = CARTESIAN_POINT('',(139.05625,152.5875));
#1381 = VECTOR('',#1382,1.);
#1382 = DIRECTION('',(-1.,0.));
#1383 = ( GEOMETRIC_REPRESENTATION_CONTEXT(2) 
PARAMETRIC_REPRESENTATION_CONTEXT() REPRESENTATION_CONTEXT('2D SPACE',''
  ) );
#1384 = PCURVE('',#1385,#1390);
#1385 = PLANE('',#1386);
#1386 = AXIS2_PLACEMENT_3D('',#1387,#1388,#1389);
#1387 = CARTESIAN_POINT('',(278.1125,150.35615472488,29.22660419202));
#1388 = DIRECTION('',(0.,0.994521895368,0.104528463268));
#1389 = DIRECTION('',(0.,-0.104528463268,0.994521895368));
#1390 = DEFINITIONAL_REPRESENTATION('',(#1391),#1395);
#1391 = LINE('',#1392,#1393);
#1392 = CARTESIAN_POINT('',(1.,-139.05625));
#1393 = VECTOR('',#1394,1.);
#1394 = DIRECTION('',(0.,-1.));
#1395 = ( GEOMETRIC_REPRESENTATION_CONTEXT(2) 
PARAMETRIC_REPRESENTATION_CONTEXT() REPRESENTATION_CONTEXT('2D SPACE',''
  ) );
#1396 = ORIENTED_EDGE('',*,*,#1397,.F.);
#1397 = EDGE_CURVE('',#1398,#1370,#1400,.T.);
#1398 = VERTEX_POINT('',#1399);
#1399 = CARTESIAN_POINT('',(299.1125,149.75436531393,30.168861855754));
#1400 = SURFACE_CURVE('',#1401,(#1406,#1413),.PCURVE_S1.);
#1401 = CIRCLE('',#1402,0.5);
#1402 = AXIS2_PLACEMENT_3D('',#1403,#1404,#1405);
#1403 = CARTESIAN_POINT('',(298.6125,149.75436531393,30.168861855754));
#1404 = DIRECTION('',(0.,-0.104528463268,0.994521895368));
#1405 = DIRECTION('',(1.,0.,0.));
#1406 = PCURVE('',#72,#1407);
#1407 = DEFINITIONAL_REPRESENTATION('',(#1408),#1412);
#1408 = CIRCLE('',#1409,0.5);
#1409 = AXIS2_PLACEMENT_2D('',#1410,#1411);
#1410 = CARTESIAN_POINT('',(298.6125,152.0875));
#1411 = DIRECTION('',(1.,0.));
#1412 = ( GEOMETRIC_REPRESENTATION_CONTEXT(2) 
PARAMETRIC_REPRESENTATION_CONTEXT() REPRESENTATION_CONTEXT('2D SPACE',''
  ) );
#1413 = PCURVE('',#1414,#1419);
#1414 = CYLINDRICAL_SURFACE('',#1415,0.5);
#1415 = AXIS2_PLACEMENT_3D('',#1416,#1417,#1418);
#1416 = CARTESIAN_POINT('',(298.6125,149.85889377719,29.174339960386));
#1417 = DIRECTION('',(0.,-0.104528463268,0.994521895368));
#1418 = DIRECTION('',(1.,0.,0.));
#1419 = DEFINITIONAL_REPRESENTATION('',(#1420),#1424);
#1420 = LINE('',#1421,#1422);
#1421 = CARTESIAN_POINT('',(0.,1.));
#1422 = VECTOR('',#1423,1.);
#1423 = DIRECTION('',(1.,0.));
#1424 = ( GEOMETRIC_REPRESENTATION_CONTEXT(2) 
PARAMETRIC_REPRESENTATION_CONTEXT() REPRESENTATION_CONTEXT('2D SPACE',''
  ) );
#1425 = ORIENTED_EDGE('',*,*,#1426,.F.);
#1426 = EDGE_CURVE('',#1427,#1398,#1429,.T.);
#1427 = VERTEX_POINT('',#1428);
#1428 = CARTESIAN_POINT('',(299.1125,145.27901678477,29.69848377105));
#1429 = SURFACE_CURVE('',#1430,(#1434,#1441),.PCURVE_S1.);
#1430 = LINE('',#1431,#1432);
#1431 = CARTESIAN_POINT('',(299.1125,70.894994773073,21.880408021524));
#1432 = VECTOR('',#1433,1.);
#1433 = DIRECTION('',(0.,0.994521895368,0.104528463268));
#1434 = PCURVE('',#72,#1435);
#1435 = DEFINITIONAL_REPRESENTATION('',(#1436),#1440);
#1436 = LINE('',#1437,#1438);
#1437 = CARTESIAN_POINT('',(299.1125,72.79375));
#1438 = VECTOR('',#1439,1.);
#1439 = DIRECTION('',(0.,1.));
#1440 = ( GEOMETRIC_REPRESENTATION_CONTEXT(2) 
PARAMETRIC_REPRESENTATION_CONTEXT() REPRESENTATION_CONTEXT('2D SPACE',''
  ) );
#1441 = PCURVE('',#1442,#1447);
#1442 = PLANE('',#1443);
#1443 = AXIS2_PLACEMENT_3D('',#1444,#1445,#1446);
#1444 = CARTESIAN_POINT('',(299.1125,143.3945014573,28.494904949146));
#1445 = DIRECTION('',(1.,0.,0.));
#1446 = DIRECTION('',(0.,-0.104528463268,0.994521895368));
#1447 = DEFINITIONAL_REPRESENTATION('',(#1448),#1452);
#1448 = LINE('',#1449,#1450);
#1449 = CARTESIAN_POINT('',(1.,72.79375));
#1450 = VECTOR('',#1451,1.);
#1451 = DIRECTION('',(0.,-1.));
#1452 = ( GEOMETRIC_REPRESENTATION_CONTEXT(2) 
PARAMETRIC_REPRESENTATION_CONTEXT() REPRESENTATION_CONTEXT('2D SPACE',''
  ) );
#1453 = ORIENTED_EDGE('',*,*,#1454,.F.);
#1454 = EDGE_CURVE('',#1455,#1427,#1457,.T.);
#1455 = VERTEX_POINT('',#1456);
#1456 = CARTESIAN_POINT('',(345.6125,145.27901678477,29.69848377105));
#1457 = SURFACE_CURVE('',#1458,(#1462,#1469),.PCURVE_S1.);
#1458 = LINE('',#1459,#1460);
#1459 = CARTESIAN_POINT('',(5.5,145.27901678477,29.69848377105));
#1460 = VECTOR('',#1461,1.);
#1461 = DIRECTION('',(-1.,0.,0.));
#1462 = PCURVE('',#72,#1463);
#1463 = DEFINITIONAL_REPRESENTATION('',(#1464),#1468);
#1464 = LINE('',#1465,#1466);
#1465 = CARTESIAN_POINT('',(5.5,147.5875));
#1466 = VECTOR('',#1467,1.);
#1467 = DIRECTION('',(-1.,0.));
#1468 = ( GEOMETRIC_REPRESENTATION_CONTEXT(2) 
PARAMETRIC_REPRESENTATION_CONTEXT() REPRESENTATION_CONTEXT('2D SPACE',''
  ) );
#1469 = PCURVE('',#1470,#1475);
#1470 = PLANE('',#1471);
#1471 = AXIS2_PLACEMENT_3D('',#1472,#1473,#1474);
#1472 = CARTESIAN_POINT('',(11.,145.38354524804,28.703961875681));
#1473 = DIRECTION('',(0.,0.994521895368,0.104528463268));
#1474 = DIRECTION('',(0.,-0.104528463268,0.994521895368));
#1475 = DEFINITIONAL_REPRESENTATION('',(#1476),#1480);
#1476 = LINE('',#1477,#1478);
#1477 = CARTESIAN_POINT('',(1.,-5.5));
#1478 = VECTOR('',#1479,1.);
#1479 = DIRECTION('',(0.,-1.));
#1480 = ( GEOMETRIC_REPRESENTATION_CONTEXT(2) 
PARAMETRIC_REPRESENTATION_CONTEXT() REPRESENTATION_CONTEXT('2D SPACE',''
  ) );
#1481 = ORIENTED_EDGE('',*,*,#1482,.F.);
#1482 = EDGE_CURVE('',#1483,#1455,#1485,.T.);
#1483 = VERTEX_POINT('',#1484);
#1484 = CARTESIAN_POINT('',(347.6125,143.28997299403,29.489426844514));
#1485 = SURFACE_CURVE('',#1486,(#1491,#1498),.PCURVE_S1.);
#1486 = CIRCLE('',#1487,2.);
#1487 = AXIS2_PLACEMENT_3D('',#1488,#1489,#1490);
#1488 = CARTESIAN_POINT('',(345.6125,143.28997299403,29.489426844514));
#1489 = DIRECTION('',(0.,-0.104528463268,0.994521895368));
#1490 = DIRECTION('',(1.,0.,0.));
#1491 = PCURVE('',#72,#1492);
#1492 = DEFINITIONAL_REPRESENTATION('',(#1493),#1497);
#1493 = CIRCLE('',#1494,2.);
#1494 = AXIS2_PLACEMENT_2D('',#1495,#1496);
#1495 = CARTESIAN_POINT('',(345.6125,145.5875));
#1496 = DIRECTION('',(1.,0.));
#1497 = ( GEOMETRIC_REPRESENTATION_CONTEXT(2) 
PARAMETRIC_REPRESENTATION_CONTEXT() REPRESENTATION_CONTEXT('2D SPACE',''
  ) );
#1498 = PCURVE('',#1499,#1504);
#1499 = CYLINDRICAL_SURFACE('',#1500,2.);
#1500 = AXIS2_PLACEMENT_3D('',#1501,#1502,#1503);
#1501 = CARTESIAN_POINT('',(345.6125,143.3945014573,28.494904949146));
#1502 = DIRECTION('',(0.,-0.104528463268,0.994521895368));
#1503 = DIRECTION('',(1.,0.,0.));
#1504 = DEFINITIONAL_REPRESENTATION('',(#1505),#1509);
#1505 = LINE('',#1506,#1507);
#1506 = CARTESIAN_POINT('',(0.,1.));
#1507 = VECTOR('',#1508,1.);
#1508 = DIRECTION('',(1.,0.));
#1509 = ( GEOMETRIC_REPRESENTATION_CONTEXT(2) 
PARAMETRIC_REPRESENTATION_CONTEXT() REPRESENTATION_CONTEXT('2D SPACE',''
  ) );
#1510 = ORIENTED_EDGE('',*,*,#1511,.F.);
#1511 = EDGE_CURVE('',#1512,#1483,#1514,.T.);
#1512 = VERTEX_POINT('',#1513);
#1513 = CARTESIAN_POINT('',(347.6125,87.801866994334,23.657391897075));
#1514 = SURFACE_CURVE('',#1515,(#1519,#1526),.PCURVE_S1.);
#1515 = LINE('',#1516,#1517);
#1516 = CARTESIAN_POINT('',(347.6125,3.969886976635,14.846295746507));
#1517 = VECTOR('',#1518,1.);
#1518 = DIRECTION('',(0.,0.994521895368,0.104528463268));
#1519 = PCURVE('',#72,#1520);
#1520 = DEFINITIONAL_REPRESENTATION('',(#1521),#1525);
#1521 = LINE('',#1522,#1523);
#1522 = CARTESIAN_POINT('',(347.6125,5.5));
#1523 = VECTOR('',#1524,1.);
#1524 = DIRECTION('',(0.,1.));
#1525 = ( GEOMETRIC_REPRESENTATION_CONTEXT(2) 
PARAMETRIC_REPRESENTATION_CONTEXT() REPRESENTATION_CONTEXT('2D SPACE',''
  ) );
#1526 = PCURVE('',#1527,#1532);
#1527 = PLANE('',#1528);
#1528 = AXIS2_PLACEMENT_3D('',#1529,#1530,#1531);
#1529 = CARTESIAN_POINT('',(347.6125,9.544285864428,14.426680399111));
#1530 = DIRECTION('',(1.,0.,0.));
#1531 = DIRECTION('',(0.,-0.104528463268,0.994521895368));
#1532 = DEFINITIONAL_REPRESENTATION('',(#1533),#1537);
#1533 = LINE('',#1534,#1535);
#1534 = CARTESIAN_POINT('',(1.,5.5));
#1535 = VECTOR('',#1536,1.);
#1536 = DIRECTION('',(0.,-1.));
#1537 = ( GEOMETRIC_REPRESENTATION_CONTEXT(2) 
PARAMETRIC_REPRESENTATION_CONTEXT() REPRESENTATION_CONTEXT('2D SPACE',''
  ) );
#1538 = ORIENTED_EDGE('',*,*,#1539,.F.);
#1539 = EDGE_CURVE('',#1540,#1512,#1542,.T.);
#1540 = VERTEX_POINT('',#1541);
#1541 = CARTESIAN_POINT('',(352.1125,87.801866994334,23.657391897075));
#1542 = SURFACE_CURVE('',#1543,(#1547,#1554),.PCURVE_S1.);
#1543 = LINE('',#1544,#1545);
#1544 = CARTESIAN_POINT('',(172.80625,87.801866994334,23.657391897075));
#1545 = VECTOR('',#1546,1.);
#1546 = DIRECTION('',(-1.,0.,0.));
#1547 = PCURVE('',#72,#1548);
#1548 = DEFINITIONAL_REPRESENTATION('',(#1549),#1553);
#1549 = LINE('',#1550,#1551);
#1550 = CARTESIAN_POINT('',(172.80625,89.79375));
#1551 = VECTOR('',#1552,1.);
#1552 = DIRECTION('',(-1.,0.));
#1553 = ( GEOMETRIC_REPRESENTATION_CONTEXT(2) 
PARAMETRIC_REPRESENTATION_CONTEXT() REPRESENTATION_CONTEXT('2D SPACE',''
  ) );
#1554 = PCURVE('',#1555,#1560);
#1555 = PLANE('',#1556);
#1556 = AXIS2_PLACEMENT_3D('',#1557,#1558,#1559);
#1557 = CARTESIAN_POINT('',(345.6125,87.906395457602,22.662870001706));
#1558 = DIRECTION('',(0.,0.994521895368,0.104528463268));
#1559 = DIRECTION('',(0.,-0.104528463268,0.994521895368));
#1560 = DEFINITIONAL_REPRESENTATION('',(#1561),#1565);
#1561 = LINE('',#1562,#1563);
#1562 = CARTESIAN_POINT('',(1.,-172.80625));
#1563 = VECTOR('',#1564,1.);
#1564 = DIRECTION('',(0.,-1.));
#1565 = ( GEOMETRIC_REPRESENTATION_CONTEXT(2) 
PARAMETRIC_REPRESENTATION_CONTEXT() REPRESENTATION_CONTEXT('2D SPACE',''
  ) );
#1566 = ORIENTED_EDGE('',*,*,#1567,.F.);
#1567 = EDGE_CURVE('',#1568,#1540,#1570,.T.);
#1568 = VERTEX_POINT('',#1569);
#1569 = CARTESIAN_POINT('',(352.6125,87.30460604665,23.605127665441));
#1570 = SURFACE_CURVE('',#1571,(#1576,#1583),.PCURVE_S1.);
#1571 = CIRCLE('',#1572,0.5);
#1572 = AXIS2_PLACEMENT_3D('',#1573,#1574,#1575);
#1573 = CARTESIAN_POINT('',(352.1125,87.30460604665,23.605127665441));
#1574 = DIRECTION('',(0.,-0.104528463268,0.994521895368));
#1575 = DIRECTION('',(1.,0.,0.));
#1576 = PCURVE('',#72,#1577);
#1577 = DEFINITIONAL_REPRESENTATION('',(#1578),#1582);
#1578 = CIRCLE('',#1579,0.5);
#1579 = AXIS2_PLACEMENT_2D('',#1580,#1581);
#1580 = CARTESIAN_POINT('',(352.1125,89.29375));
#1581 = DIRECTION('',(1.,0.));
#1582 = ( GEOMETRIC_REPRESENTATION_CONTEXT(2) 
PARAMETRIC_REPRESENTATION_CONTEXT() REPRESENTATION_CONTEXT('2D SPACE',''
  ) );
#1583 = PCURVE('',#1584,#1589);
#1584 = CYLINDRICAL_SURFACE('',#1585,0.5);
#1585 = AXIS2_PLACEMENT_3D('',#1586,#1587,#1588);
#1586 = CARTESIAN_POINT('',(352.1125,87.409134509918,22.610605770072));
#1587 = DIRECTION('',(0.,-0.104528463268,0.994521895368));
#1588 = DIRECTION('',(1.,0.,0.));
#1589 = DEFINITIONAL_REPRESENTATION('',(#1590),#1594);
#1590 = LINE('',#1591,#1592);
#1591 = CARTESIAN_POINT('',(0.,1.));
#1592 = VECTOR('',#1593,1.);
#1593 = DIRECTION('',(1.,0.));
#1594 = ( GEOMETRIC_REPRESENTATION_CONTEXT(2) 
PARAMETRIC_REPRESENTATION_CONTEXT() REPRESENTATION_CONTEXT('2D SPACE',''
  ) );
#1595 = ORIENTED_EDGE('',*,*,#1596,.F.);
#1596 = EDGE_CURVE('',#1597,#1568,#1599,.T.);
#1597 = VERTEX_POINT('',#1598);
#1598 = CARTESIAN_POINT('',(352.6125,67.414168139284,21.514558400088));
#1599 = SURFACE_CURVE('',#1600,(#1604,#1611),.PCURVE_S1.);
#1600 = LINE('',#1601,#1602);
#1601 = CARTESIAN_POINT('',(352.6125,32.708461871855,17.866841683494));
#1602 = VECTOR('',#1603,1.);
#1603 = DIRECTION('',(0.,0.994521895368,0.104528463268));
#1604 = PCURVE('',#72,#1605);
#1605 = DEFINITIONAL_REPRESENTATION('',(#1606),#1610);
#1606 = LINE('',#1607,#1608);
#1607 = CARTESIAN_POINT('',(352.6125,34.396875));
#1608 = VECTOR('',#1609,1.);
#1609 = DIRECTION('',(0.,1.));
#1610 = ( GEOMETRIC_REPRESENTATION_CONTEXT(2) 
PARAMETRIC_REPRESENTATION_CONTEXT() REPRESENTATION_CONTEXT('2D SPACE',''
  ) );
#1611 = PCURVE('',#1612,#1617);
#1612 = PLANE('',#1613);
#1613 = AXIS2_PLACEMENT_3D('',#1614,#1615,#1616);
#1614 = CARTESIAN_POINT('',(352.6125,67.021435654868,20.467772273086));
#1615 = DIRECTION('',(1.,0.,0.));
#1616 = DIRECTION('',(0.,-0.104528463268,0.994521895368));
#1617 = DEFINITIONAL_REPRESENTATION('',(#1618),#1622);
#1618 = LINE('',#1619,#1620);
#1619 = CARTESIAN_POINT('',(1.,34.396875));
#1620 = VECTOR('',#1621,1.);
#1621 = DIRECTION('',(0.,-1.));
#1622 = ( GEOMETRIC_REPRESENTATION_CONTEXT(2) 
PARAMETRIC_REPRESENTATION_CONTEXT() REPRESENTATION_CONTEXT('2D SPACE',''
  ) );
#1623 = ORIENTED_EDGE('',*,*,#1624,.F.);
#1624 = EDGE_CURVE('',#1625,#1597,#1627,.T.);
#1625 = VERTEX_POINT('',#1626);
#1626 = CARTESIAN_POINT('',(352.1125,66.9169071916,21.462294168454));
#1627 = SURFACE_CURVE('',#1628,(#1633,#1640),.PCURVE_S1.);
#1628 = CIRCLE('',#1629,0.5);
#1629 = AXIS2_PLACEMENT_3D('',#1630,#1631,#1632);
#1630 = CARTESIAN_POINT('',(352.1125,67.414168139284,21.514558400088));
#1631 = DIRECTION('',(0.,-0.104528463268,0.994521895368));
#1632 = DIRECTION('',(1.,0.,0.));
#1633 = PCURVE('',#72,#1634);
#1634 = DEFINITIONAL_REPRESENTATION('',(#1635),#1639);
#1635 = CIRCLE('',#1636,0.5);
#1636 = AXIS2_PLACEMENT_2D('',#1637,#1638);
#1637 = CARTESIAN_POINT('',(352.1125,69.29375));
#1638 = DIRECTION('',(1.,0.));
#1639 = ( GEOMETRIC_REPRESENTATION_CONTEXT(2) 
PARAMETRIC_REPRESENTATION_CONTEXT() REPRESENTATION_CONTEXT('2D SPACE',''
  ) );
#1640 = PCURVE('',#1641,#1646);
#1641 = CYLINDRICAL_SURFACE('',#1642,0.5);
#1642 = AXIS2_PLACEMENT_3D('',#1643,#1644,#1645);
#1643 = CARTESIAN_POINT('',(352.1125,67.518696602552,20.520036504719));
#1644 = DIRECTION('',(0.,-0.104528463268,0.994521895368));
#1645 = DIRECTION('',(1.,0.,0.));
#1646 = DEFINITIONAL_REPRESENTATION('',(#1647),#1651);
#1647 = LINE('',#1648,#1649);
#1648 = CARTESIAN_POINT('',(-6.28318530718,1.));
#1649 = VECTOR('',#1650,1.);
#1650 = DIRECTION('',(1.,-0.));
#1651 = ( GEOMETRIC_REPRESENTATION_CONTEXT(2) 
PARAMETRIC_REPRESENTATION_CONTEXT() REPRESENTATION_CONTEXT('2D SPACE',''
  ) );
#1652 = ORIENTED_EDGE('',*,*,#1653,.T.);
#1653 = EDGE_CURVE('',#1625,#1654,#1656,.T.);
#1654 = VERTEX_POINT('',#1655);
#1655 = CARTESIAN_POINT('',(347.6125,66.9169071916,21.462294168454));
#1656 = SURFACE_CURVE('',#1657,(#1661,#1668),.PCURVE_S1.);
#1657 = LINE('',#1658,#1659);
#1658 = CARTESIAN_POINT('',(172.80625,66.9169071916,21.462294168454));
#1659 = VECTOR('',#1660,1.);
#1660 = DIRECTION('',(-1.,0.,0.));
#1661 = PCURVE('',#72,#1662);
#1662 = DEFINITIONAL_REPRESENTATION('',(#1663),#1667);
#1663 = LINE('',#1664,#1665);
#1664 = CARTESIAN_POINT('',(172.80625,68.79375));
#1665 = VECTOR('',#1666,1.);
#1666 = DIRECTION('',(-1.,0.));
#1667 = ( GEOMETRIC_REPRESENTATION_CONTEXT(2) 
PARAMETRIC_REPRESENTATION_CONTEXT() REPRESENTATION_CONTEXT('2D SPACE',''
  ) );
#1668 = PCURVE('',#1669,#1674);
#1669 = PLANE('',#1670);
#1670 = AXIS2_PLACEMENT_3D('',#1671,#1672,#1673);
#1671 = CARTESIAN_POINT('',(345.6125,67.021435654868,20.467772273086));
#1672 = DIRECTION('',(0.,0.994521895368,0.104528463268));
#1673 = DIRECTION('',(0.,-0.104528463268,0.994521895368));
#1674 = DEFINITIONAL_REPRESENTATION('',(#1675),#1679);
#1675 = LINE('',#1676,#1677);
#1676 = CARTESIAN_POINT('',(1.,-172.80625));
#1677 = VECTOR('',#1678,1.);
#1678 = DIRECTION('',(0.,-1.));
#1679 = ( GEOMETRIC_REPRESENTATION_CONTEXT(2) 
PARAMETRIC_REPRESENTATION_CONTEXT() REPRESENTATION_CONTEXT('2D SPACE',''
  ) );
#1680 = ORIENTED_EDGE('',*,*,#1681,.F.);
#1681 = EDGE_CURVE('',#1682,#1654,#1684,.T.);
#1682 = VERTEX_POINT('',#1683);
#1683 = CARTESIAN_POINT('',(347.6125,11.428801191897,15.630259221014));
#1684 = SURFACE_CURVE('',#1685,(#1689,#1696),.PCURVE_S1.);
#1685 = LINE('',#1686,#1687);
#1686 = CARTESIAN_POINT('',(347.6125,3.969886976635,14.846295746507));
#1687 = VECTOR('',#1688,1.);
#1688 = DIRECTION('',(0.,0.994521895368,0.104528463268));
#1689 = PCURVE('',#72,#1690);
#1690 = DEFINITIONAL_REPRESENTATION('',(#1691),#1695);
#1691 = LINE('',#1692,#1693);
#1692 = CARTESIAN_POINT('',(347.6125,5.5));
#1693 = VECTOR('',#1694,1.);
#1694 = DIRECTION('',(0.,1.));
#1695 = ( GEOMETRIC_REPRESENTATION_CONTEXT(2) 
PARAMETRIC_REPRESENTATION_CONTEXT() REPRESENTATION_CONTEXT('2D SPACE',''
  ) );
#1696 = PCURVE('',#1697,#1702);
#1697 = PLANE('',#1698);
#1698 = AXIS2_PLACEMENT_3D('',#1699,#1700,#1701);
#1699 = CARTESIAN_POINT('',(347.6125,9.544285864428,14.426680399111));
#1700 = DIRECTION('',(1.,0.,0.));
#1701 = DIRECTION('',(0.,-0.104528463268,0.994521895368));
#1702 = DEFINITIONAL_REPRESENTATION('',(#1703),#1707);
#1703 = LINE('',#1704,#1705);
#1704 = CARTESIAN_POINT('',(1.,5.5));
#1705 = VECTOR('',#1706,1.);
#1706 = DIRECTION('',(0.,-1.));
#1707 = ( GEOMETRIC_REPRESENTATION_CONTEXT(2) 
PARAMETRIC_REPRESENTATION_CONTEXT() REPRESENTATION_CONTEXT('2D SPACE',''
  ) );
#1708 = ORIENTED_EDGE('',*,*,#1709,.F.);
#1709 = EDGE_CURVE('',#1710,#1682,#1712,.T.);
#1710 = VERTEX_POINT('',#1711);
#1711 = CARTESIAN_POINT('',(345.6125,9.43975740116,15.421202294479));
#1712 = SURFACE_CURVE('',#1713,(#1718,#1725),.PCURVE_S1.);
#1713 = CIRCLE('',#1714,2.);
#1714 = AXIS2_PLACEMENT_3D('',#1715,#1716,#1717);
#1715 = CARTESIAN_POINT('',(345.6125,11.428801191897,15.630259221014));
#1716 = DIRECTION('',(0.,-0.104528463268,0.994521895368));
#1717 = DIRECTION('',(1.,0.,0.));
#1718 = PCURVE('',#72,#1719);
#1719 = DEFINITIONAL_REPRESENTATION('',(#1720),#1724);
#1720 = CIRCLE('',#1721,2.);
#1721 = AXIS2_PLACEMENT_2D('',#1722,#1723);
#1722 = CARTESIAN_POINT('',(345.6125,13.));
#1723 = DIRECTION('',(1.,0.));
#1724 = ( GEOMETRIC_REPRESENTATION_CONTEXT(2) 
PARAMETRIC_REPRESENTATION_CONTEXT() REPRESENTATION_CONTEXT('2D SPACE',''
  ) );
#1725 = PCURVE('',#1726,#1731);
#1726 = CYLINDRICAL_SURFACE('',#1727,2.);
#1727 = AXIS2_PLACEMENT_3D('',#1728,#1729,#1730);
#1728 = CARTESIAN_POINT('',(345.6125,11.533329655164,14.635737325646));
#1729 = DIRECTION('',(0.,-0.104528463268,0.994521895368));
#1730 = DIRECTION('',(1.,0.,0.));
#1731 = DEFINITIONAL_REPRESENTATION('',(#1732),#1736);
#1732 = LINE('',#1733,#1734);
#1733 = CARTESIAN_POINT('',(-6.28318530718,1.));
#1734 = VECTOR('',#1735,1.);
#1735 = DIRECTION('',(1.,-0.));
#1736 = ( GEOMETRIC_REPRESENTATION_CONTEXT(2) 
PARAMETRIC_REPRESENTATION_CONTEXT() REPRESENTATION_CONTEXT('2D SPACE',''
  ) );
#1737 = ORIENTED_EDGE('',*,*,#1738,.T.);
#1738 = EDGE_CURVE('',#1710,#1739,#1741,.T.);
#1739 = VERTEX_POINT('',#1740);
#1740 = CARTESIAN_POINT('',(299.1125,9.43975740116,15.421202294479));
#1741 = SURFACE_CURVE('',#1742,(#1746,#1753),.PCURVE_S1.);
#1742 = LINE('',#1743,#1744);
#1743 = CARTESIAN_POINT('',(5.5,9.43975740116,15.421202294479));
#1744 = VECTOR('',#1745,1.);
#1745 = DIRECTION('',(-1.,0.,0.));
#1746 = PCURVE('',#72,#1747);
#1747 = DEFINITIONAL_REPRESENTATION('',(#1748),#1752);
#1748 = LINE('',#1749,#1750);
#1749 = CARTESIAN_POINT('',(5.5,11.));
#1750 = VECTOR('',#1751,1.);
#1751 = DIRECTION('',(-1.,0.));
#1752 = ( GEOMETRIC_REPRESENTATION_CONTEXT(2) 
PARAMETRIC_REPRESENTATION_CONTEXT() REPRESENTATION_CONTEXT('2D SPACE',''
  ) );
#1753 = PCURVE('',#1754,#1759);
#1754 = PLANE('',#1755);
#1755 = AXIS2_PLACEMENT_3D('',#1756,#1757,#1758);
#1756 = CARTESIAN_POINT('',(11.,9.544285864428,14.426680399111));
#1757 = DIRECTION('',(0.,0.994521895368,0.104528463268));
#1758 = DIRECTION('',(0.,-0.104528463268,0.994521895368));
#1759 = DEFINITIONAL_REPRESENTATION('',(#1760),#1764);
#1760 = LINE('',#1761,#1762);
#1761 = CARTESIAN_POINT('',(1.,-5.5));
#1762 = VECTOR('',#1763,1.);
#1763 = DIRECTION('',(0.,-1.));
#1764 = ( GEOMETRIC_REPRESENTATION_CONTEXT(2) 
PARAMETRIC_REPRESENTATION_CONTEXT() REPRESENTATION_CONTEXT('2D SPACE',''
  ) );
#1765 = ORIENTED_EDGE('',*,*,#1766,.F.);
#1766 = EDGE_CURVE('',#1767,#1739,#1769,.T.);
#1767 = VERTEX_POINT('',#1768);
#1768 = CARTESIAN_POINT('',(299.1125,4.964408872003,14.950824209774));
#1769 = SURFACE_CURVE('',#1770,(#1774,#1781),.PCURVE_S1.);
#1770 = LINE('',#1771,#1772);
#1771 = CARTESIAN_POINT('',(299.1125,1.483582238214,14.584974588338));
#1772 = VECTOR('',#1773,1.);
#1773 = DIRECTION('',(0.,0.994521895368,0.104528463268));
#1774 = PCURVE('',#72,#1775);
#1775 = DEFINITIONAL_REPRESENTATION('',(#1776),#1780);
#1776 = LINE('',#1777,#1778);
#1777 = CARTESIAN_POINT('',(299.1125,3.));
#1778 = VECTOR('',#1779,1.);
#1779 = DIRECTION('',(0.,1.));
#1780 = ( GEOMETRIC_REPRESENTATION_CONTEXT(2) 
PARAMETRIC_REPRESENTATION_CONTEXT() REPRESENTATION_CONTEXT('2D SPACE',''
  ) );
#1781 = PCURVE('',#1782,#1787);
#1782 = PLANE('',#1783);
#1783 = AXIS2_PLACEMENT_3D('',#1784,#1785,#1786);
#1784 = CARTESIAN_POINT('',(299.1125,4.571676387586,13.904038082772));
#1785 = DIRECTION('',(1.,0.,0.));
#1786 = DIRECTION('',(0.,-0.104528463268,0.994521895368));
#1787 = DEFINITIONAL_REPRESENTATION('',(#1788),#1792);
#1788 = LINE('',#1789,#1790);
#1789 = CARTESIAN_POINT('',(1.,3.));
#1790 = VECTOR('',#1791,1.);
#1791 = DIRECTION('',(0.,-1.));
#1792 = ( GEOMETRIC_REPRESENTATION_CONTEXT(2) 
PARAMETRIC_REPRESENTATION_CONTEXT() REPRESENTATION_CONTEXT('2D SPACE',''
  ) );
#1793 = ORIENTED_EDGE('',*,*,#1794,.F.);
#1794 = EDGE_CURVE('',#1795,#1767,#1797,.T.);
#1795 = VERTEX_POINT('',#1796);
#1796 = CARTESIAN_POINT('',(298.6125,4.467147924319,14.898559978141));
#1797 = SURFACE_CURVE('',#1798,(#1803,#1810),.PCURVE_S1.);
#1798 = CIRCLE('',#1799,0.5);
#1799 = AXIS2_PLACEMENT_3D('',#1800,#1801,#1802);
#1800 = CARTESIAN_POINT('',(298.6125,4.964408872003,14.950824209774));
#1801 = DIRECTION('',(0.,-0.104528463268,0.994521895368));
#1802 = DIRECTION('',(1.,0.,0.));
#1803 = PCURVE('',#72,#1804);
#1804 = DEFINITIONAL_REPRESENTATION('',(#1805),#1809);
#1805 = CIRCLE('',#1806,0.5);
#1806 = AXIS2_PLACEMENT_2D('',#1807,#1808);
#1807 = CARTESIAN_POINT('',(298.6125,6.5));
#1808 = DIRECTION('',(1.,0.));
#1809 = ( GEOMETRIC_REPRESENTATION_CONTEXT(2) 
PARAMETRIC_REPRESENTATION_CONTEXT() REPRESENTATION_CONTEXT('2D SPACE',''
  ) );
#1810 = PCURVE('',#1811,#1816);
#1811 = CYLINDRICAL_SURFACE('',#1812,0.5);
#1812 = AXIS2_PLACEMENT_3D('',#1813,#1814,#1815);
#1813 = CARTESIAN_POINT('',(298.6125,5.068937335271,13.956302314406));
#1814 = DIRECTION('',(0.,-0.104528463268,0.994521895368));
#1815 = DIRECTION('',(1.,0.,0.));
#1816 = DEFINITIONAL_REPRESENTATION('',(#1817),#1821);
#1817 = LINE('',#1818,#1819);
#1818 = CARTESIAN_POINT('',(-6.28318530718,1.));
#1819 = VECTOR('',#1820,1.);
#1820 = DIRECTION('',(1.,-0.));
#1821 = ( GEOMETRIC_REPRESENTATION_CONTEXT(2) 
PARAMETRIC_REPRESENTATION_CONTEXT() REPRESENTATION_CONTEXT('2D SPACE',''
  ) );
#1822 = ORIENTED_EDGE('',*,*,#1823,.T.);
#1823 = EDGE_CURVE('',#1795,#1824,#1826,.T.);
#1824 = VERTEX_POINT('',#1825);
#1825 = CARTESIAN_POINT('',(278.6125,4.467147924319,14.898559978141));
#1826 = SURFACE_CURVE('',#1827,(#1831,#1838),.PCURVE_S1.);
#1827 = LINE('',#1828,#1829);
#1828 = CARTESIAN_POINT('',(139.05625,4.467147924319,14.898559978141));
#1829 = VECTOR('',#1830,1.);
#1830 = DIRECTION('',(-1.,0.,0.));
#1831 = PCURVE('',#72,#1832);
#1832 = DEFINITIONAL_REPRESENTATION('',(#1833),#1837);
#1833 = LINE('',#1834,#1835);
#1834 = CARTESIAN_POINT('',(139.05625,6.));
#1835 = VECTOR('',#1836,1.);
#1836 = DIRECTION('',(-1.,0.));
#1837 = ( GEOMETRIC_REPRESENTATION_CONTEXT(2) 
PARAMETRIC_REPRESENTATION_CONTEXT() REPRESENTATION_CONTEXT('2D SPACE',''
  ) );
#1838 = PCURVE('',#1839,#1844);
#1839 = PLANE('',#1840);
#1840 = AXIS2_PLACEMENT_3D('',#1841,#1842,#1843);
#1841 = CARTESIAN_POINT('',(278.1125,4.571676387586,13.904038082772));
#1842 = DIRECTION('',(0.,0.994521895368,0.104528463268));
#1843 = DIRECTION('',(0.,-0.104528463268,0.994521895368));
#1844 = DEFINITIONAL_REPRESENTATION('',(#1845),#1849);
#1845 = LINE('',#1846,#1847);
#1846 = CARTESIAN_POINT('',(1.,-139.05625));
#1847 = VECTOR('',#1848,1.);
#1848 = DIRECTION('',(0.,-1.));
#1849 = ( GEOMETRIC_REPRESENTATION_CONTEXT(2) 
PARAMETRIC_REPRESENTATION_CONTEXT() REPRESENTATION_CONTEXT('2D SPACE',''
  ) );
#1850 = ORIENTED_EDGE('',*,*,#1851,.F.);
#1851 = EDGE_CURVE('',#1852,#1824,#1854,.T.);
#1852 = VERTEX_POINT('',#1853);
#1853 = CARTESIAN_POINT('',(278.1125,4.964408872003,14.950824209774));
#1854 = SURFACE_CURVE('',#1855,(#1860,#1867),.PCURVE_S1.);
#1855 = CIRCLE('',#1856,0.5);
#1856 = AXIS2_PLACEMENT_3D('',#1857,#1858,#1859);
#1857 = CARTESIAN_POINT('',(278.6125,4.964408872003,14.950824209774));
#1858 = DIRECTION('',(0.,-0.104528463268,0.994521895368));
#1859 = DIRECTION('',(-1.,-0.,0.));
#1860 = PCURVE('',#72,#1861);
#1861 = DEFINITIONAL_REPRESENTATION('',(#1862),#1866);
#1862 = CIRCLE('',#1863,0.5);
#1863 = AXIS2_PLACEMENT_2D('',#1864,#1865);
#1864 = CARTESIAN_POINT('',(278.6125,6.5));
#1865 = DIRECTION('',(-1.,0.));
#1866 = ( GEOMETRIC_REPRESENTATION_CONTEXT(2) 
PARAMETRIC_REPRESENTATION_CONTEXT() REPRESENTATION_CONTEXT('2D SPACE',''
  ) );
#1867 = PCURVE('',#1868,#1873);
#1868 = CYLINDRICAL_SURFACE('',#1869,0.5);
#1869 = AXIS2_PLACEMENT_3D('',#1870,#1871,#1872);
#1870 = CARTESIAN_POINT('',(278.6125,5.068937335271,13.956302314406));
#1871 = DIRECTION('',(0.,-0.104528463268,0.994521895368));
#1872 = DIRECTION('',(-1.,-0.,0.));
#1873 = DEFINITIONAL_REPRESENTATION('',(#1874),#1878);
#1874 = LINE('',#1875,#1876);
#1875 = CARTESIAN_POINT('',(0.,1.));
#1876 = VECTOR('',#1877,1.);
#1877 = DIRECTION('',(1.,0.));
#1878 = ( GEOMETRIC_REPRESENTATION_CONTEXT(2) 
PARAMETRIC_REPRESENTATION_CONTEXT() REPRESENTATION_CONTEXT('2D SPACE',''
  ) );
#1879 = ORIENTED_EDGE('',*,*,#1880,.T.);
#1880 = EDGE_CURVE('',#1852,#1881,#1883,.T.);
#1881 = VERTEX_POINT('',#1882);
#1882 = CARTESIAN_POINT('',(278.1125,9.43975740116,15.421202294479));
#1883 = SURFACE_CURVE('',#1884,(#1888,#1895),.PCURVE_S1.);
#1884 = LINE('',#1885,#1886);
#1885 = CARTESIAN_POINT('',(278.1125,1.483582238214,14.584974588338));
#1886 = VECTOR('',#1887,1.);
#1887 = DIRECTION('',(0.,0.994521895368,0.104528463268));
#1888 = PCURVE('',#72,#1889);
#1889 = DEFINITIONAL_REPRESENTATION('',(#1890),#1894);
#1890 = LINE('',#1891,#1892);
#1891 = CARTESIAN_POINT('',(278.1125,3.));
#1892 = VECTOR('',#1893,1.);
#1893 = DIRECTION('',(0.,1.));
#1894 = ( GEOMETRIC_REPRESENTATION_CONTEXT(2) 
PARAMETRIC_REPRESENTATION_CONTEXT() REPRESENTATION_CONTEXT('2D SPACE',''
  ) );
#1895 = PCURVE('',#1896,#1901);
#1896 = PLANE('',#1897);
#1897 = AXIS2_PLACEMENT_3D('',#1898,#1899,#1900);
#1898 = CARTESIAN_POINT('',(278.1125,4.571676387586,13.904038082772));
#1899 = DIRECTION('',(1.,0.,0.));
#1900 = DIRECTION('',(0.,-0.104528463268,0.994521895368));
#1901 = DEFINITIONAL_REPRESENTATION('',(#1902),#1906);
#1902 = LINE('',#1903,#1904);
#1903 = CARTESIAN_POINT('',(1.,3.));
#1904 = VECTOR('',#1905,1.);
#1905 = DIRECTION('',(0.,-1.));
#1906 = ( GEOMETRIC_REPRESENTATION_CONTEXT(2) 
PARAMETRIC_REPRESENTATION_CONTEXT() REPRESENTATION_CONTEXT('2D SPACE',''
  ) );
#1907 = ORIENTED_EDGE('',*,*,#1908,.T.);
#1908 = EDGE_CURVE('',#1881,#1909,#1911,.T.);
#1909 = VERTEX_POINT('',#1910);
#1910 = CARTESIAN_POINT('',(189.80625,9.43975740116,15.421202294479));
#1911 = SURFACE_CURVE('',#1912,(#1916,#1923),.PCURVE_S1.);
#1912 = LINE('',#1913,#1914);
#1913 = CARTESIAN_POINT('',(5.5,9.43975740116,15.421202294479));
#1914 = VECTOR('',#1915,1.);
#1915 = DIRECTION('',(-1.,0.,0.));
#1916 = PCURVE('',#72,#1917);
#1917 = DEFINITIONAL_REPRESENTATION('',(#1918),#1922);
#1918 = LINE('',#1919,#1920);
#1919 = CARTESIAN_POINT('',(5.5,11.));
#1920 = VECTOR('',#1921,1.);
#1921 = DIRECTION('',(-1.,0.));
#1922 = ( GEOMETRIC_REPRESENTATION_CONTEXT(2) 
PARAMETRIC_REPRESENTATION_CONTEXT() REPRESENTATION_CONTEXT('2D SPACE',''
  ) );
#1923 = PCURVE('',#1924,#1929);
#1924 = PLANE('',#1925);
#1925 = AXIS2_PLACEMENT_3D('',#1926,#1927,#1928);
#1926 = CARTESIAN_POINT('',(11.,9.544285864428,14.426680399111));
#1927 = DIRECTION('',(0.,0.994521895368,0.104528463268));
#1928 = DIRECTION('',(0.,-0.104528463268,0.994521895368));
#1929 = DEFINITIONAL_REPRESENTATION('',(#1930),#1934);
#1930 = LINE('',#1931,#1932);
#1931 = CARTESIAN_POINT('',(1.,-5.5));
#1932 = VECTOR('',#1933,1.);
#1933 = DIRECTION('',(0.,-1.));
#1934 = ( GEOMETRIC_REPRESENTATION_CONTEXT(2) 
PARAMETRIC_REPRESENTATION_CONTEXT() REPRESENTATION_CONTEXT('2D SPACE',''
  ) );
#1935 = ORIENTED_EDGE('',*,*,#1936,.F.);
#1936 = EDGE_CURVE('',#1937,#1909,#1939,.T.);
#1937 = VERTEX_POINT('',#1938);
#1938 = CARTESIAN_POINT('',(189.80625,4.964408872003,14.950824209774));
#1939 = SURFACE_CURVE('',#1940,(#1944,#1951),.PCURVE_S1.);
#1940 = LINE('',#1941,#1942);
#1941 = CARTESIAN_POINT('',(189.80625,1.483582238214,14.584974588338));
#1942 = VECTOR('',#1943,1.);
#1943 = DIRECTION('',(0.,0.994521895368,0.104528463268));
#1944 = PCURVE('',#72,#1945);
#1945 = DEFINITIONAL_REPRESENTATION('',(#1946),#1950);
#1946 = LINE('',#1947,#1948);
#1947 = CARTESIAN_POINT('',(189.80625,3.));
#1948 = VECTOR('',#1949,1.);
#1949 = DIRECTION('',(0.,1.));
#1950 = ( GEOMETRIC_REPRESENTATION_CONTEXT(2) 
PARAMETRIC_REPRESENTATION_CONTEXT() REPRESENTATION_CONTEXT('2D SPACE',''
  ) );
#1951 = PCURVE('',#1952,#1957);
#1952 = PLANE('',#1953);
#1953 = AXIS2_PLACEMENT_3D('',#1954,#1955,#1956);
#1954 = CARTESIAN_POINT('',(189.80625,4.571676387586,13.904038082772));
#1955 = DIRECTION('',(1.,0.,0.));
#1956 = DIRECTION('',(0.,-0.104528463268,0.994521895368));
#1957 = DEFINITIONAL_REPRESENTATION('',(#1958),#1962);
#1958 = LINE('',#1959,#1960);
#1959 = CARTESIAN_POINT('',(1.,3.));
#1960 = VECTOR('',#1961,1.);
#1961 = DIRECTION('',(0.,-1.));
#1962 = ( GEOMETRIC_REPRESENTATION_CONTEXT(2) 
PARAMETRIC_REPRESENTATION_CONTEXT() REPRESENTATION_CONTEXT('2D SPACE',''
  ) );
#1963 = ORIENTED_EDGE('',*,*,#1964,.F.);
#1964 = EDGE_CURVE('',#1965,#1937,#1967,.T.);
#1965 = VERTEX_POINT('',#1966);
#1966 = CARTESIAN_POINT('',(189.30625,4.467147924319,14.898559978141));
#1967 = SURFACE_CURVE('',#1968,(#1973,#1980),.PCURVE_S1.);
#1968 = CIRCLE('',#1969,0.5);
#1969 = AXIS2_PLACEMENT_3D('',#1970,#1971,#1972);
#1970 = CARTESIAN_POINT('',(189.30625,4.964408872003,14.950824209774));
#1971 = DIRECTION('',(0.,-0.104528463268,0.994521895368));
#1972 = DIRECTION('',(1.,0.,0.));
#1973 = PCURVE('',#72,#1974);
#1974 = DEFINITIONAL_REPRESENTATION('',(#1975),#1979);
#1975 = CIRCLE('',#1976,0.5);
#1976 = AXIS2_PLACEMENT_2D('',#1977,#1978);
#1977 = CARTESIAN_POINT('',(189.30625,6.5));
#1978 = DIRECTION('',(1.,0.));
#1979 = ( GEOMETRIC_REPRESENTATION_CONTEXT(2) 
PARAMETRIC_REPRESENTATION_CONTEXT() REPRESENTATION_CONTEXT('2D SPACE',''
  ) );
#1980 = PCURVE('',#1981,#1986);
#1981 = CYLINDRICAL_SURFACE('',#1982,0.5);
#1982 = AXIS2_PLACEMENT_3D('',#1983,#1984,#1985);
#1983 = CARTESIAN_POINT('',(189.30625,5.068937335271,13.956302314406));
#1984 = DIRECTION('',(0.,-0.104528463268,0.994521895368));
#1985 = DIRECTION('',(1.,0.,0.));
#1986 = DEFINITIONAL_REPRESENTATION('',(#1987),#1991);
#1987 = LINE('',#1988,#1989);
#1988 = CARTESIAN_POINT('',(-6.28318530718,1.));
#1989 = VECTOR('',#1990,1.);
#1990 = DIRECTION('',(1.,-0.));
#1991 = ( GEOMETRIC_REPRESENTATION_CONTEXT(2) 
PARAMETRIC_REPRESENTATION_CONTEXT() REPRESENTATION_CONTEXT('2D SPACE',''
  ) );
#1992 = ORIENTED_EDGE('',*,*,#1993,.T.);
#1993 = EDGE_CURVE('',#1965,#1994,#1996,.T.);
#1994 = VERTEX_POINT('',#1995);
#1995 = CARTESIAN_POINT('',(169.30625,4.467147924319,14.898559978141));
#1996 = SURFACE_CURVE('',#1997,(#2001,#2008),.PCURVE_S1.);
#1997 = LINE('',#1998,#1999);
#1998 = CARTESIAN_POINT('',(84.403125,4.467147924319,14.898559978141));
#1999 = VECTOR('',#2000,1.);
#2000 = DIRECTION('',(-1.,0.,0.));
#2001 = PCURVE('',#72,#2002);
#2002 = DEFINITIONAL_REPRESENTATION('',(#2003),#2007);
#2003 = LINE('',#2004,#2005);
#2004 = CARTESIAN_POINT('',(84.403125,6.));
#2005 = VECTOR('',#2006,1.);
#2006 = DIRECTION('',(-1.,0.));
#2007 = ( GEOMETRIC_REPRESENTATION_CONTEXT(2) 
PARAMETRIC_REPRESENTATION_CONTEXT() REPRESENTATION_CONTEXT('2D SPACE',''
  ) );
#2008 = PCURVE('',#2009,#2014);
#2009 = PLANE('',#2010);
#2010 = AXIS2_PLACEMENT_3D('',#2011,#2012,#2013);
#2011 = CARTESIAN_POINT('',(168.80625,4.571676387586,13.904038082772));
#2012 = DIRECTION('',(0.,0.994521895368,0.104528463268));
#2013 = DIRECTION('',(0.,-0.104528463268,0.994521895368));
#2014 = DEFINITIONAL_REPRESENTATION('',(#2015),#2019);
#2015 = LINE('',#2016,#2017);
#2016 = CARTESIAN_POINT('',(1.,-84.403125));
#2017 = VECTOR('',#2018,1.);
#2018 = DIRECTION('',(0.,-1.));
#2019 = ( GEOMETRIC_REPRESENTATION_CONTEXT(2) 
PARAMETRIC_REPRESENTATION_CONTEXT() REPRESENTATION_CONTEXT('2D SPACE',''
  ) );
#2020 = ORIENTED_EDGE('',*,*,#2021,.F.);
#2021 = EDGE_CURVE('',#2022,#1994,#2024,.T.);
#2022 = VERTEX_POINT('',#2023);
#2023 = CARTESIAN_POINT('',(168.80625,4.964408872003,14.950824209774));
#2024 = SURFACE_CURVE('',#2025,(#2030,#2037),.PCURVE_S1.);
#2025 = CIRCLE('',#2026,0.5);
#2026 = AXIS2_PLACEMENT_3D('',#2027,#2028,#2029);
#2027 = CARTESIAN_POINT('',(169.30625,4.964408872003,14.950824209774));
#2028 = DIRECTION('',(0.,-0.104528463268,0.994521895368));
#2029 = DIRECTION('',(-1.,-0.,0.));
#2030 = PCURVE('',#72,#2031);
#2031 = DEFINITIONAL_REPRESENTATION('',(#2032),#2036);
#2032 = CIRCLE('',#2033,0.5);
#2033 = AXIS2_PLACEMENT_2D('',#2034,#2035);
#2034 = CARTESIAN_POINT('',(169.30625,6.5));
#2035 = DIRECTION('',(-1.,0.));
#2036 = ( GEOMETRIC_REPRESENTATION_CONTEXT(2) 
PARAMETRIC_REPRESENTATION_CONTEXT() REPRESENTATION_CONTEXT('2D SPACE',''
  ) );
#2037 = PCURVE('',#2038,#2043);
#2038 = CYLINDRICAL_SURFACE('',#2039,0.5);
#2039 = AXIS2_PLACEMENT_3D('',#2040,#2041,#2042);
#2040 = CARTESIAN_POINT('',(169.30625,5.068937335271,13.956302314406));
#2041 = DIRECTION('',(0.,-0.104528463268,0.994521895368));
#2042 = DIRECTION('',(-1.,-0.,0.));
#2043 = DEFINITIONAL_REPRESENTATION('',(#2044),#2048);
#2044 = LINE('',#2045,#2046);
#2045 = CARTESIAN_POINT('',(0.,1.));
#2046 = VECTOR('',#2047,1.);
#2047 = DIRECTION('',(1.,0.));
#2048 = ( GEOMETRIC_REPRESENTATION_CONTEXT(2) 
PARAMETRIC_REPRESENTATION_CONTEXT() REPRESENTATION_CONTEXT('2D SPACE',''
  ) );
#2049 = ORIENTED_EDGE('',*,*,#2050,.T.);
#2050 = EDGE_CURVE('',#2022,#2051,#2053,.T.);
#2051 = VERTEX_POINT('',#2052);
#2052 = CARTESIAN_POINT('',(168.80625,9.43975740116,15.421202294479));
#2053 = SURFACE_CURVE('',#2054,(#2058,#2065),.PCURVE_S1.);
#2054 = LINE('',#2055,#2056);
#2055 = CARTESIAN_POINT('',(168.80625,1.483582238214,14.584974588338));
#2056 = VECTOR('',#2057,1.);
#2057 = DIRECTION('',(0.,0.994521895368,0.104528463268));
#2058 = PCURVE('',#72,#2059);
#2059 = DEFINITIONAL_REPRESENTATION('',(#2060),#2064);
#2060 = LINE('',#2061,#2062);
#2061 = CARTESIAN_POINT('',(168.80625,3.));
#2062 = VECTOR('',#2063,1.);
#2063 = DIRECTION('',(0.,1.));
#2064 = ( GEOMETRIC_REPRESENTATION_CONTEXT(2) 
PARAMETRIC_REPRESENTATION_CONTEXT() REPRESENTATION_CONTEXT('2D SPACE',''
  ) );
#2065 = PCURVE('',#2066,#2071);
#2066 = PLANE('',#2067);
#2067 = AXIS2_PLACEMENT_3D('',#2068,#2069,#2070);
#2068 = CARTESIAN_POINT('',(168.80625,4.571676387586,13.904038082772));
#2069 = DIRECTION('',(1.,0.,0.));
#2070 = DIRECTION('',(0.,-0.104528463268,0.994521895368));
#2071 = DEFINITIONAL_REPRESENTATION('',(#2072),#2076);
#2072 = LINE('',#2073,#2074);
#2073 = CARTESIAN_POINT('',(1.,3.));
#2074 = VECTOR('',#2075,1.);
#2075 = DIRECTION('',(0.,-1.));
#2076 = ( GEOMETRIC_REPRESENTATION_CONTEXT(2) 
PARAMETRIC_REPRESENTATION_CONTEXT() REPRESENTATION_CONTEXT('2D SPACE',''
  ) );
#2077 = ORIENTED_EDGE('',*,*,#2078,.T.);
#2078 = EDGE_CURVE('',#2051,#2079,#2081,.T.);
#2079 = VERTEX_POINT('',#2080);
#2080 = CARTESIAN_POINT('',(80.5,9.43975740116,15.421202294479));
#2081 = SURFACE_CURVE('',#2082,(#2086,#2093),.PCURVE_S1.);
#2082 = LINE('',#2083,#2084);
#2083 = CARTESIAN_POINT('',(5.5,9.43975740116,15.421202294479));
#2084 = VECTOR('',#2085,1.);
#2085 = DIRECTION('',(-1.,0.,0.));
#2086 = PCURVE('',#72,#2087);
#2087 = DEFINITIONAL_REPRESENTATION('',(#2088),#2092);
#2088 = LINE('',#2089,#2090);
#2089 = CARTESIAN_POINT('',(5.5,11.));
#2090 = VECTOR('',#2091,1.);
#2091 = DIRECTION('',(-1.,0.));
#2092 = ( GEOMETRIC_REPRESENTATION_CONTEXT(2) 
PARAMETRIC_REPRESENTATION_CONTEXT() REPRESENTATION_CONTEXT('2D SPACE',''
  ) );
#2093 = PCURVE('',#2094,#2099);
#2094 = PLANE('',#2095);
#2095 = AXIS2_PLACEMENT_3D('',#2096,#2097,#2098);
#2096 = CARTESIAN_POINT('',(11.,9.544285864428,14.426680399111));
#2097 = DIRECTION('',(0.,0.994521895368,0.104528463268));
#2098 = DIRECTION('',(0.,-0.104528463268,0.994521895368));
#2099 = DEFINITIONAL_REPRESENTATION('',(#2100),#2104);
#2100 = LINE('',#2101,#2102);
#2101 = CARTESIAN_POINT('',(1.,-5.5));
#2102 = VECTOR('',#2103,1.);
#2103 = DIRECTION('',(0.,-1.));
#2104 = ( GEOMETRIC_REPRESENTATION_CONTEXT(2) 
PARAMETRIC_REPRESENTATION_CONTEXT() REPRESENTATION_CONTEXT('2D SPACE',''
  ) );
#2105 = ORIENTED_EDGE('',*,*,#2106,.F.);
#2106 = EDGE_CURVE('',#2107,#2079,#2109,.T.);
#2107 = VERTEX_POINT('',#2108);
#2108 = CARTESIAN_POINT('',(80.5,4.964408872003,14.950824209774));
#2109 = SURFACE_CURVE('',#2110,(#2114,#2121),.PCURVE_S1.);
#2110 = LINE('',#2111,#2112);
#2111 = CARTESIAN_POINT('',(80.5,1.483582238214,14.584974588338));
#2112 = VECTOR('',#2113,1.);
#2113 = DIRECTION('',(0.,0.994521895368,0.104528463268));
#2114 = PCURVE('',#72,#2115);
#2115 = DEFINITIONAL_REPRESENTATION('',(#2116),#2120);
#2116 = LINE('',#2117,#2118);
#2117 = CARTESIAN_POINT('',(80.5,3.));
#2118 = VECTOR('',#2119,1.);
#2119 = DIRECTION('',(0.,1.));
#2120 = ( GEOMETRIC_REPRESENTATION_CONTEXT(2) 
PARAMETRIC_REPRESENTATION_CONTEXT() REPRESENTATION_CONTEXT('2D SPACE',''
  ) );
#2121 = PCURVE('',#2122,#2127);
#2122 = PLANE('',#2123);
#2123 = AXIS2_PLACEMENT_3D('',#2124,#2125,#2126);
#2124 = CARTESIAN_POINT('',(80.5,4.571676387586,13.904038082772));
#2125 = DIRECTION('',(1.,0.,0.));
#2126 = DIRECTION('',(0.,-0.104528463268,0.994521895368));
#2127 = DEFINITIONAL_REPRESENTATION('',(#2128),#2132);
#2128 = LINE('',#2129,#2130);
#2129 = CARTESIAN_POINT('',(1.,3.));
#2130 = VECTOR('',#2131,1.);
#2131 = DIRECTION('',(0.,-1.));
#2132 = ( GEOMETRIC_REPRESENTATION_CONTEXT(2) 
PARAMETRIC_REPRESENTATION_CONTEXT() REPRESENTATION_CONTEXT('2D SPACE',''
  ) );
#2133 = ORIENTED_EDGE('',*,*,#2134,.F.);
#2134 = EDGE_CURVE('',#2135,#2107,#2137,.T.);
#2135 = VERTEX_POINT('',#2136);
#2136 = CARTESIAN_POINT('',(80.,4.467147924319,14.898559978141));
#2137 = SURFACE_CURVE('',#2138,(#2143,#2150),.PCURVE_S1.);
#2138 = CIRCLE('',#2139,0.5);
#2139 = AXIS2_PLACEMENT_3D('',#2140,#2141,#2142);
#2140 = CARTESIAN_POINT('',(80.,4.964408872003,14.950824209774));
#2141 = DIRECTION('',(0.,-0.104528463268,0.994521895368));
#2142 = DIRECTION('',(1.,0.,0.));
#2143 = PCURVE('',#72,#2144);
#2144 = DEFINITIONAL_REPRESENTATION('',(#2145),#2149);
#2145 = CIRCLE('',#2146,0.5);
#2146 = AXIS2_PLACEMENT_2D('',#2147,#2148);
#2147 = CARTESIAN_POINT('',(80.,6.5));
#2148 = DIRECTION('',(1.,0.));
#2149 = ( GEOMETRIC_REPRESENTATION_CONTEXT(2) 
PARAMETRIC_REPRESENTATION_CONTEXT() REPRESENTATION_CONTEXT('2D SPACE',''
  ) );
#2150 = PCURVE('',#2151,#2156);
#2151 = CYLINDRICAL_SURFACE('',#2152,0.5);
#2152 = AXIS2_PLACEMENT_3D('',#2153,#2154,#2155);
#2153 = CARTESIAN_POINT('',(80.,5.068937335271,13.956302314406));
#2154 = DIRECTION('',(0.,-0.104528463268,0.994521895368));
#2155 = DIRECTION('',(1.,0.,0.));
#2156 = DEFINITIONAL_REPRESENTATION('',(#2157),#2161);
#2157 = LINE('',#2158,#2159);
#2158 = CARTESIAN_POINT('',(-6.28318530718,1.));
#2159 = VECTOR('',#2160,1.);
#2160 = DIRECTION('',(1.,-0.));
#2161 = ( GEOMETRIC_REPRESENTATION_CONTEXT(2) 
PARAMETRIC_REPRESENTATION_CONTEXT() REPRESENTATION_CONTEXT('2D SPACE',''
  ) );
#2162 = ORIENTED_EDGE('',*,*,#2163,.T.);
#2163 = EDGE_CURVE('',#2135,#2164,#2166,.T.);
#2164 = VERTEX_POINT('',#2165);
#2165 = CARTESIAN_POINT('',(60.,4.467147924319,14.898559978141));
#2166 = SURFACE_CURVE('',#2167,(#2171,#2178),.PCURVE_S1.);
#2167 = LINE('',#2168,#2169);
#2168 = CARTESIAN_POINT('',(29.75,4.467147924319,14.898559978141));
#2169 = VECTOR('',#2170,1.);
#2170 = DIRECTION('',(-1.,0.,0.));
#2171 = PCURVE('',#72,#2172);
#2172 = DEFINITIONAL_REPRESENTATION('',(#2173),#2177);
#2173 = LINE('',#2174,#2175);
#2174 = CARTESIAN_POINT('',(29.75,6.));
#2175 = VECTOR('',#2176,1.);
#2176 = DIRECTION('',(-1.,0.));
#2177 = ( GEOMETRIC_REPRESENTATION_CONTEXT(2) 
PARAMETRIC_REPRESENTATION_CONTEXT() REPRESENTATION_CONTEXT('2D SPACE',''
  ) );
#2178 = PCURVE('',#2179,#2184);
#2179 = PLANE('',#2180);
#2180 = AXIS2_PLACEMENT_3D('',#2181,#2182,#2183);
#2181 = CARTESIAN_POINT('',(59.5,4.571676387586,13.904038082772));
#2182 = DIRECTION('',(0.,0.994521895368,0.104528463268));
#2183 = DIRECTION('',(0.,-0.104528463268,0.994521895368));
#2184 = DEFINITIONAL_REPRESENTATION('',(#2185),#2189);
#2185 = LINE('',#2186,#2187);
#2186 = CARTESIAN_POINT('',(1.,-29.75));
#2187 = VECTOR('',#2188,1.);
#2188 = DIRECTION('',(0.,-1.));
#2189 = ( GEOMETRIC_REPRESENTATION_CONTEXT(2) 
PARAMETRIC_REPRESENTATION_CONTEXT() REPRESENTATION_CONTEXT('2D SPACE',''
  ) );
#2190 = ORIENTED_EDGE('',*,*,#2191,.F.);
#2191 = EDGE_CURVE('',#2192,#2164,#2194,.T.);
#2192 = VERTEX_POINT('',#2193);
#2193 = CARTESIAN_POINT('',(59.5,4.964408872003,14.950824209774));
#2194 = SURFACE_CURVE('',#2195,(#2200,#2207),.PCURVE_S1.);
#2195 = CIRCLE('',#2196,0.5);
#2196 = AXIS2_PLACEMENT_3D('',#2197,#2198,#2199);
#2197 = CARTESIAN_POINT('',(60.,4.964408872003,14.950824209774));
#2198 = DIRECTION('',(0.,-0.104528463268,0.994521895368));
#2199 = DIRECTION('',(-1.,-0.,0.));
#2200 = PCURVE('',#72,#2201);
#2201 = DEFINITIONAL_REPRESENTATION('',(#2202),#2206);
#2202 = CIRCLE('',#2203,0.5);
#2203 = AXIS2_PLACEMENT_2D('',#2204,#2205);
#2204 = CARTESIAN_POINT('',(60.,6.5));
#2205 = DIRECTION('',(-1.,0.));
#2206 = ( GEOMETRIC_REPRESENTATION_CONTEXT(2) 
PARAMETRIC_REPRESENTATION_CONTEXT() REPRESENTATION_CONTEXT('2D SPACE',''
  ) );
#2207 = PCURVE('',#2208,#2213);
#2208 = CYLINDRICAL_SURFACE('',#2209,0.5);
#2209 = AXIS2_PLACEMENT_3D('',#2210,#2211,#2212);
#2210 = CARTESIAN_POINT('',(60.,5.068937335271,13.956302314406));
#2211 = DIRECTION('',(0.,-0.104528463268,0.994521895368));
#2212 = DIRECTION('',(-1.,-0.,0.));
#2213 = DEFINITIONAL_REPRESENTATION('',(#2214),#2218);
#2214 = LINE('',#2215,#2216);
#2215 = CARTESIAN_POINT('',(0.,1.));
#2216 = VECTOR('',#2217,1.);
#2217 = DIRECTION('',(1.,0.));
#2218 = ( GEOMETRIC_REPRESENTATION_CONTEXT(2) 
PARAMETRIC_REPRESENTATION_CONTEXT() REPRESENTATION_CONTEXT('2D SPACE',''
  ) );
#2219 = ORIENTED_EDGE('',*,*,#2220,.T.);
#2220 = EDGE_CURVE('',#2192,#2221,#2223,.T.);
#2221 = VERTEX_POINT('',#2222);
#2222 = CARTESIAN_POINT('',(59.5,9.43975740116,15.421202294479));
#2223 = SURFACE_CURVE('',#2224,(#2228,#2235),.PCURVE_S1.);
#2224 = LINE('',#2225,#2226);
#2225 = CARTESIAN_POINT('',(59.5,1.483582238214,14.584974588338));
#2226 = VECTOR('',#2227,1.);
#2227 = DIRECTION('',(0.,0.994521895368,0.104528463268));
#2228 = PCURVE('',#72,#2229);
#2229 = DEFINITIONAL_REPRESENTATION('',(#2230),#2234);
#2230 = LINE('',#2231,#2232);
#2231 = CARTESIAN_POINT('',(59.5,3.));
#2232 = VECTOR('',#2233,1.);
#2233 = DIRECTION('',(0.,1.));
#2234 = ( GEOMETRIC_REPRESENTATION_CONTEXT(2) 
PARAMETRIC_REPRESENTATION_CONTEXT() REPRESENTATION_CONTEXT('2D SPACE',''
  ) );
#2235 = PCURVE('',#2236,#2241);
#2236 = PLANE('',#2237);
#2237 = AXIS2_PLACEMENT_3D('',#2238,#2239,#2240);
#2238 = CARTESIAN_POINT('',(59.5,4.571676387586,13.904038082772));
#2239 = DIRECTION('',(1.,0.,0.));
#2240 = DIRECTION('',(0.,-0.104528463268,0.994521895368));
#2241 = DEFINITIONAL_REPRESENTATION('',(#2242),#2246);
#2242 = LINE('',#2243,#2244);
#2243 = CARTESIAN_POINT('',(1.,3.));
#2244 = VECTOR('',#2245,1.);
#2245 = DIRECTION('',(0.,-1.));
#2246 = ( GEOMETRIC_REPRESENTATION_CONTEXT(2) 
PARAMETRIC_REPRESENTATION_CONTEXT() REPRESENTATION_CONTEXT('2D SPACE',''
  ) );
#2247 = ORIENTED_EDGE('',*,*,#2248,.T.);
#2248 = EDGE_CURVE('',#2221,#689,#2249,.T.);
#2249 = SURFACE_CURVE('',#2250,(#2254,#2261),.PCURVE_S1.);
#2250 = LINE('',#2251,#2252);
#2251 = CARTESIAN_POINT('',(5.5,9.43975740116,15.421202294479));
#2252 = VECTOR('',#2253,1.);
#2253 = DIRECTION('',(-1.,0.,0.));
#2254 = PCURVE('',#72,#2255);
#2255 = DEFINITIONAL_REPRESENTATION('',(#2256),#2260);
#2256 = LINE('',#2257,#2258);
#2257 = CARTESIAN_POINT('',(5.5,11.));
#2258 = VECTOR('',#2259,1.);
#2259 = DIRECTION('',(-1.,0.));
#2260 = ( GEOMETRIC_REPRESENTATION_CONTEXT(2) 
PARAMETRIC_REPRESENTATION_CONTEXT() REPRESENTATION_CONTEXT('2D SPACE',''
  ) );
#2261 = PCURVE('',#2262,#2267);
#2262 = PLANE('',#2263);
#2263 = AXIS2_PLACEMENT_3D('',#2264,#2265,#2266);
#2264 = CARTESIAN_POINT('',(11.,9.544285864428,14.426680399111));
#2265 = DIRECTION('',(0.,0.994521895368,0.104528463268));
#2266 = DIRECTION('',(0.,-0.104528463268,0.994521895368));
#2267 = DEFINITIONAL_REPRESENTATION('',(#2268),#2272);
#2268 = LINE('',#2269,#2270);
#2269 = CARTESIAN_POINT('',(1.,-5.5));
#2270 = VECTOR('',#2271,1.);
#2271 = DIRECTION('',(0.,-1.));
#2272 = ( GEOMETRIC_REPRESENTATION_CONTEXT(2) 
PARAMETRIC_REPRESENTATION_CONTEXT() REPRESENTATION_CONTEXT('2D SPACE',''
  ) );
#2273 = FACE_BOUND('',#2274,.F.);
#2274 = EDGE_LOOP('',(#2275));
#2275 = ORIENTED_EDGE('',*,*,#2276,.T.);
#2276 = EDGE_CURVE('',#2277,#2277,#2279,.T.);
#2277 = VERTEX_POINT('',#2278);
#2278 = CARTESIAN_POINT('',(246.00625,150.7488872093,30.273390319022));
#2279 = SURFACE_CURVE('',#2280,(#2285,#2296),.PCURVE_S1.);
#2280 = CIRCLE('',#2281,2.);
#2281 = AXIS2_PLACEMENT_3D('',#2282,#2283,#2284);
#2282 = CARTESIAN_POINT('',(244.00625,150.7488872093,30.273390319022));
#2283 = DIRECTION('',(0.,0.104528463268,-0.994521895368));
#2284 = DIRECTION('',(1.,0.,0.));
#2285 = PCURVE('',#72,#2286);
#2286 = DEFINITIONAL_REPRESENTATION('',(#2287),#2295);
#2287 = ( BOUNDED_CURVE() B_SPLINE_CURVE(2,(#2288,#2289,#2290,#2291,
#2292,#2293,#2294),.UNSPECIFIED.,.T.,.F.) B_SPLINE_CURVE_WITH_KNOTS((1,2
    ,2,2,2,1),(-2.094395102393,0.,2.094395102393,4.188790204786,
6.28318530718,8.377580409573),.UNSPECIFIED.) CURVE() 
GEOMETRIC_REPRESENTATION_ITEM() RATIONAL_B_SPLINE_CURVE((1.,0.5,1.,0.5,
1.,0.5,1.)) REPRESENTATION_ITEM('') );
#2288 = CARTESIAN_POINT('',(246.00625,153.0875));
#2289 = CARTESIAN_POINT('',(246.00625,149.62339838486));
#2290 = CARTESIAN_POINT('',(243.00625,151.35544919243));
#2291 = CARTESIAN_POINT('',(240.00625,153.0875));
#2292 = CARTESIAN_POINT('',(243.00625,154.81955080756));
#2293 = CARTESIAN_POINT('',(246.00625,156.55160161513));
#2294 = CARTESIAN_POINT('',(246.00625,153.0875));
#2295 = ( GEOMETRIC_REPRESENTATION_CONTEXT(2) 
PARAMETRIC_REPRESENTATION_CONTEXT() REPRESENTATION_CONTEXT('2D SPACE',''
  ) );
#2296 = PCURVE('',#2297,#2302);
#2297 = CYLINDRICAL_SURFACE('',#2298,2.);
#2298 = AXIS2_PLACEMENT_3D('',#2299,#2300,#2301);
#2299 = CARTESIAN_POINT('',(244.00625,150.85341567256,29.278868423653));
#2300 = DIRECTION('',(-0.,0.104528463268,-0.994521895368));
#2301 = DIRECTION('',(1.,0.,0.));
#2302 = DEFINITIONAL_REPRESENTATION('',(#2303),#2307);
#2303 = LINE('',#2304,#2305);
#2304 = CARTESIAN_POINT('',(-6.28318530718,-1.));
#2305 = VECTOR('',#2306,1.);
#2306 = DIRECTION('',(1.,-0.));
#2307 = ( GEOMETRIC_REPRESENTATION_CONTEXT(2) 
PARAMETRIC_REPRESENTATION_CONTEXT() REPRESENTATION_CONTEXT('2D SPACE',''
  ) );
#2308 = FACE_BOUND('',#2309,.F.);
#2309 = EDGE_LOOP('',(#2310));
#2310 = ORIENTED_EDGE('',*,*,#2311,.T.);
#2311 = EDGE_CURVE('',#2312,#2312,#2314,.T.);
#2312 = VERTEX_POINT('',#2313);
#2313 = CARTESIAN_POINT('',(355.1125,150.7488872093,30.273390319022));
#2314 = SURFACE_CURVE('',#2315,(#2320,#2331),.PCURVE_S1.);
#2315 = CIRCLE('',#2316,2.);
#2316 = AXIS2_PLACEMENT_3D('',#2317,#2318,#2319);
#2317 = CARTESIAN_POINT('',(353.1125,150.7488872093,30.273390319022));
#2318 = DIRECTION('',(0.,0.104528463268,-0.994521895368));
#2319 = DIRECTION('',(1.,0.,0.));
#2320 = PCURVE('',#72,#2321);
#2321 = DEFINITIONAL_REPRESENTATION('',(#2322),#2330);
#2322 = ( BOUNDED_CURVE() B_SPLINE_CURVE(2,(#2323,#2324,#2325,#2326,
#2327,#2328,#2329),.UNSPECIFIED.,.T.,.F.) B_SPLINE_CURVE_WITH_KNOTS((1,2
    ,2,2,2,1),(-2.094395102393,0.,2.094395102393,4.188790204786,
6.28318530718,8.377580409573),.UNSPECIFIED.) CURVE() 
GEOMETRIC_REPRESENTATION_ITEM() RATIONAL_B_SPLINE_CURVE((1.,0.5,1.,0.5,
1.,0.5,1.)) REPRESENTATION_ITEM('') );
#2323 = CARTESIAN_POINT('',(355.1125,153.0875));
#2324 = CARTESIAN_POINT('',(355.1125,149.62339838486));
#2325 = CARTESIAN_POINT('',(352.1125,151.35544919243));
#2326 = CARTESIAN_POINT('',(349.1125,153.0875));
#2327 = CARTESIAN_POINT('',(352.1125,154.81955080756));
#2328 = CARTESIAN_POINT('',(355.1125,156.55160161513));
#2329 = CARTESIAN_POINT('',(355.1125,153.0875));
#2330 = ( GEOMETRIC_REPRESENTATION_CONTEXT(2) 
PARAMETRIC_REPRESENTATION_CONTEXT() REPRESENTATION_CONTEXT('2D SPACE',''
  ) );
#2331 = PCURVE('',#2332,#2337);
#2332 = CYLINDRICAL_SURFACE('',#2333,2.);
#2333 = AXIS2_PLACEMENT_3D('',#2334,#2335,#2336);
#2334 = CARTESIAN_POINT('',(353.1125,150.85341567256,29.278868423653));
#2335 = DIRECTION('',(-0.,0.104528463268,-0.994521895368));
#2336 = DIRECTION('',(1.,0.,0.));
#2337 = DEFINITIONAL_REPRESENTATION('',(#2338),#2342);
#2338 = LINE('',#2339,#2340);
#2339 = CARTESIAN_POINT('',(-6.28318530718,-1.));
#2340 = VECTOR('',#2341,1.);
#2341 = DIRECTION('',(1.,-0.));
#2342 = ( GEOMETRIC_REPRESENTATION_CONTEXT(2) 
PARAMETRIC_REPRESENTATION_CONTEXT() REPRESENTATION_CONTEXT('2D SPACE',''
  ) );
#2343 = ADVANCED_FACE('',(#2344),#100,.T.);
#2344 = FACE_BOUND('',#2345,.F.);
#2345 = EDGE_LOOP('',(#2346,#2347,#2348,#2371));
#2346 = ORIENTED_EDGE('',*,*,#84,.F.);
#2347 = ORIENTED_EDGE('',*,*,#448,.T.);
#2348 = ORIENTED_EDGE('',*,*,#2349,.T.);
#2349 = EDGE_CURVE('',#421,#2350,#2352,.T.);
#2350 = VERTEX_POINT('',#2351);
#2351 = CARTESIAN_POINT('',(6.,155.59681327738,36.765702144435));
#2352 = SURFACE_CURVE('',#2353,(#2357,#2364),.PCURVE_S1.);
#2353 = LINE('',#2354,#2355);
#2354 = CARTESIAN_POINT('',(6.,156.21875763382,30.848296866994));
#2355 = VECTOR('',#2356,1.);
#2356 = DIRECTION('',(0.,-0.104528463268,0.994521895368));
#2357 = PCURVE('',#100,#2358);
#2358 = DEFINITIONAL_REPRESENTATION('',(#2359),#2363);
#2359 = LINE('',#2360,#2361);
#2360 = CARTESIAN_POINT('',(-1.570796326795,0.));
#2361 = VECTOR('',#2362,1.);
#2362 = DIRECTION('',(-0.,1.));
#2363 = ( GEOMETRIC_REPRESENTATION_CONTEXT(2) 
PARAMETRIC_REPRESENTATION_CONTEXT() REPRESENTATION_CONTEXT('2D SPACE',''
  ) );
#2364 = PCURVE('',#436,#2365);
#2365 = DEFINITIONAL_REPRESENTATION('',(#2366),#2370);
#2366 = LINE('',#2367,#2368);
#2367 = CARTESIAN_POINT('',(0.,6.));
#2368 = VECTOR('',#2369,1.);
#2369 = DIRECTION('',(1.,0.));
#2370 = ( GEOMETRIC_REPRESENTATION_CONTEXT(2) 
PARAMETRIC_REPRESENTATION_CONTEXT() REPRESENTATION_CONTEXT('2D SPACE',''
  ) );
#2371 = ORIENTED_EDGE('',*,*,#2372,.F.);
#2372 = EDGE_CURVE('',#85,#2350,#2373,.T.);
#2373 = SURFACE_CURVE('',#2374,(#2379,#2386),.PCURVE_S1.);
#2374 = CIRCLE('',#2375,6.);
#2375 = AXIS2_PLACEMENT_3D('',#2376,#2377,#2378);
#2376 = CARTESIAN_POINT('',(6.,149.62968190517,36.138531364829));
#2377 = DIRECTION('',(0.,0.104528463268,-0.994521895368));
#2378 = DIRECTION('',(-1.,0.,0.));
#2379 = PCURVE('',#100,#2380);
#2380 = DEFINITIONAL_REPRESENTATION('',(#2381),#2385);
#2381 = LINE('',#2382,#2383);
#2382 = CARTESIAN_POINT('',(-0.,5.95));
#2383 = VECTOR('',#2384,1.);
#2384 = DIRECTION('',(-1.,0.));
#2385 = ( GEOMETRIC_REPRESENTATION_CONTEXT(2) 
PARAMETRIC_REPRESENTATION_CONTEXT() REPRESENTATION_CONTEXT('2D SPACE',''
  ) );
#2386 = PCURVE('',#264,#2387);
#2387 = DEFINITIONAL_REPRESENTATION('',(#2388),#2392);
#2388 = LINE('',#2389,#2390);
#2389 = CARTESIAN_POINT('',(0.,-0.));
#2390 = VECTOR('',#2391,1.);
#2391 = DIRECTION('',(1.,-0.));
#2392 = ( GEOMETRIC_REPRESENTATION_CONTEXT(2) 
PARAMETRIC_REPRESENTATION_CONTEXT() REPRESENTATION_CONTEXT('2D SPACE',''
  ) );
#2393 = ADVANCED_FACE('',(#2394),#209,.T.);
#2394 = FACE_BOUND('',#2395,.F.);
#2395 = EDGE_LOOP('',(#2396,#2424,#2425,#2426));
#2396 = ORIENTED_EDGE('',*,*,#2397,.F.);
#2397 = EDGE_CURVE('',#167,#2398,#2400,.T.);
#2398 = VERTEX_POINT('',#2399);
#2399 = CARTESIAN_POINT('',(6.,-1.409933058653,21.068034762885));
#2400 = SURFACE_CURVE('',#2401,(#2405,#2412),.PCURVE_S1.);
#2401 = LINE('',#2402,#2403);
#2402 = CARTESIAN_POINT('',(6.,-1.765930431493,20.62841461943));
#2403 = VECTOR('',#2404,1.);
#2404 = DIRECTION('',(0.,0.62932039105,0.777145961457));
#2405 = PCURVE('',#209,#2406);
#2406 = DEFINITIONAL_REPRESENTATION('',(#2407),#2411);
#2407 = LINE('',#2408,#2409);
#2408 = CARTESIAN_POINT('',(-2.22044604925E-16,-0.4));
#2409 = VECTOR('',#2410,1.);
#2410 = DIRECTION('',(0.,-1.));
#2411 = ( GEOMETRIC_REPRESENTATION_CONTEXT(2) 
PARAMETRIC_REPRESENTATION_CONTEXT() REPRESENTATION_CONTEXT('2D SPACE',''
  ) );
#2412 = PCURVE('',#2413,#2418);
#2413 = PLANE('',#2414);
#2414 = AXIS2_PLACEMENT_3D('',#2415,#2416,#2417);
#2415 = CARTESIAN_POINT('',(352.6125,-1.765930431493,20.62841461943));
#2416 = DIRECTION('',(0.,0.777145961457,-0.62932039105));
#2417 = DIRECTION('',(-1.,0.,0.));
#2418 = DEFINITIONAL_REPRESENTATION('',(#2419),#2423);
#2419 = LINE('',#2420,#2421);
#2420 = CARTESIAN_POINT('',(346.6125,0.));
#2421 = VECTOR('',#2422,1.);
#2422 = DIRECTION('',(0.,1.));
#2423 = ( GEOMETRIC_REPRESENTATION_CONTEXT(2) 
PARAMETRIC_REPRESENTATION_CONTEXT() REPRESENTATION_CONTEXT('2D SPACE',''
  ) );
#2424 = ORIENTED_EDGE('',*,*,#194,.T.);
#2425 = ORIENTED_EDGE('',*,*,#224,.T.);
#2426 = ORIENTED_EDGE('',*,*,#2427,.F.);
#2427 = EDGE_CURVE('',#2398,#225,#2428,.T.);
#2428 = SURFACE_CURVE('',#2429,(#2434,#2441),.PCURVE_S1.);
#2429 = CIRCLE('',#2430,5.2);
#2430 = AXIS2_PLACEMENT_3D('',#2431,#2432,#2433);
#2431 = CARTESIAN_POINT('',(6.,3.761580797262,21.611582771876));
#2432 = DIRECTION('',(0.,0.104528463268,-0.994521895368));
#2433 = DIRECTION('',(-2.960594732334E-16,-0.994521895368,
    -0.104528463268));
#2434 = PCURVE('',#209,#2435);
#2435 = DEFINITIONAL_REPRESENTATION('',(#2436),#2440);
#2436 = LINE('',#2437,#2438);
#2437 = CARTESIAN_POINT('',(0.,-0.8));
#2438 = VECTOR('',#2439,1.);
#2439 = DIRECTION('',(1.,-0.));
#2440 = ( GEOMETRIC_REPRESENTATION_CONTEXT(2) 
PARAMETRIC_REPRESENTATION_CONTEXT() REPRESENTATION_CONTEXT('2D SPACE',''
  ) );
#2441 = PCURVE('',#290,#2442);
#2442 = DEFINITIONAL_REPRESENTATION('',(#2443),#2451);
#2443 = ( BOUNDED_CURVE() B_SPLINE_CURVE(2,(#2444,#2445,#2446,#2447,
#2448,#2449,#2450),.UNSPECIFIED.,.T.,.F.) B_SPLINE_CURVE_WITH_KNOTS((1,2
    ,2,2,2,1),(-2.094395102393,0.,2.094395102393,4.188790204786,
6.28318530718,8.377580409573),.UNSPECIFIED.) CURVE() 
GEOMETRIC_REPRESENTATION_ITEM() RATIONAL_B_SPLINE_CURVE((1.,0.5,1.,0.5,
1.,0.5,1.)) REPRESENTATION_ITEM('') );
#2444 = CARTESIAN_POINT('',(6.,0.8));
#2445 = CARTESIAN_POINT('',(-3.006664199358,0.8));
#2446 = CARTESIAN_POINT('',(1.496667900321,8.6));
#2447 = CARTESIAN_POINT('',(6.,16.4));
#2448 = CARTESIAN_POINT('',(10.503332099679,8.6));
#2449 = CARTESIAN_POINT('',(15.006664199358,0.8));
#2450 = CARTESIAN_POINT('',(6.,0.8));
#2451 = ( GEOMETRIC_REPRESENTATION_CONTEXT(2) 
PARAMETRIC_REPRESENTATION_CONTEXT() REPRESENTATION_CONTEXT('2D SPACE',''
  ) );
#2452 = ADVANCED_FACE('',(#2453),#182,.F.);
#2453 = FACE_BOUND('',#2454,.F.);
#2454 = EDGE_LOOP('',(#2455,#2456,#2479,#2500));
#2455 = ORIENTED_EDGE('',*,*,#166,.T.);
#2456 = ORIENTED_EDGE('',*,*,#2457,.F.);
#2457 = EDGE_CURVE('',#2458,#167,#2460,.T.);
#2458 = VERTEX_POINT('',#2459);
#2459 = CARTESIAN_POINT('',(352.6125,-2.121927804333,20.188794475976));
#2460 = SURFACE_CURVE('',#2461,(#2465,#2472),.PCURVE_S1.);
#2461 = LINE('',#2462,#2463);
#2462 = CARTESIAN_POINT('',(352.6125,-2.121927804333,20.188794475976));
#2463 = VECTOR('',#2464,1.);
#2464 = DIRECTION('',(-1.,0.,-0.));
#2465 = PCURVE('',#182,#2466);
#2466 = DEFINITIONAL_REPRESENTATION('',(#2467),#2471);
#2467 = LINE('',#2468,#2469);
#2468 = CARTESIAN_POINT('',(5.95,352.6125));
#2469 = VECTOR('',#2470,1.);
#2470 = DIRECTION('',(0.,-1.));
#2471 = ( GEOMETRIC_REPRESENTATION_CONTEXT(2) 
PARAMETRIC_REPRESENTATION_CONTEXT() REPRESENTATION_CONTEXT('2D SPACE',''
  ) );
#2472 = PCURVE('',#2413,#2473);
#2473 = DEFINITIONAL_REPRESENTATION('',(#2474),#2478);
#2474 = LINE('',#2475,#2476);
#2475 = CARTESIAN_POINT('',(-0.,-0.565685424949));
#2476 = VECTOR('',#2477,1.);
#2477 = DIRECTION('',(1.,0.));
#2478 = ( GEOMETRIC_REPRESENTATION_CONTEXT(2) 
PARAMETRIC_REPRESENTATION_CONTEXT() REPRESENTATION_CONTEXT('2D SPACE',''
  ) );
#2479 = ORIENTED_EDGE('',*,*,#2480,.F.);
#2480 = EDGE_CURVE('',#308,#2458,#2481,.T.);
#2481 = SURFACE_CURVE('',#2482,(#2486,#2493),.PCURVE_S1.);
#2482 = LINE('',#2483,#2484);
#2483 = CARTESIAN_POINT('',(352.6125,-1.499983447891,14.271389198535));
#2484 = VECTOR('',#2485,1.);
#2485 = DIRECTION('',(0.,-0.104528463268,0.994521895368));
#2486 = PCURVE('',#182,#2487);
#2487 = DEFINITIONAL_REPRESENTATION('',(#2488),#2492);
#2488 = LINE('',#2489,#2490);
#2489 = CARTESIAN_POINT('',(0.,352.6125));
#2490 = VECTOR('',#2491,1.);
#2491 = DIRECTION('',(1.,0.));
#2492 = ( GEOMETRIC_REPRESENTATION_CONTEXT(2) 
PARAMETRIC_REPRESENTATION_CONTEXT() REPRESENTATION_CONTEXT('2D SPACE',''
  ) );
#2493 = PCURVE('',#351,#2494);
#2494 = DEFINITIONAL_REPRESENTATION('',(#2495),#2499);
#2495 = LINE('',#2496,#2497);
#2496 = CARTESIAN_POINT('',(-1.570796326795,0.));
#2497 = VECTOR('',#2498,1.);
#2498 = DIRECTION('',(-0.,1.));
#2499 = ( GEOMETRIC_REPRESENTATION_CONTEXT(2) 
PARAMETRIC_REPRESENTATION_CONTEXT() REPRESENTATION_CONTEXT('2D SPACE',''
  ) );
#2500 = ORIENTED_EDGE('',*,*,#307,.F.);
#2501 = ADVANCED_FACE('',(#2502,#2677),#290,.T.);
#2502 = FACE_BOUND('',#2503,.T.);
#2503 = EDGE_LOOP('',(#2504,#2505,#2506,#2529,#2562,#2590,#2623,#2651));
#2504 = ORIENTED_EDGE('',*,*,#276,.F.);
#2505 = ORIENTED_EDGE('',*,*,#2427,.F.);
#2506 = ORIENTED_EDGE('',*,*,#2507,.F.);
#2507 = EDGE_CURVE('',#2508,#2398,#2510,.T.);
#2508 = VERTEX_POINT('',#2509);
#2509 = CARTESIAN_POINT('',(352.6125,-1.409933058653,21.068034762885));
#2510 = SURFACE_CURVE('',#2511,(#2515,#2522),.PCURVE_S1.);
#2511 = LINE('',#2512,#2513);
#2512 = CARTESIAN_POINT('',(352.6125,-1.409933058653,21.068034762885));
#2513 = VECTOR('',#2514,1.);
#2514 = DIRECTION('',(-1.,0.,-0.));
#2515 = PCURVE('',#290,#2516);
#2516 = DEFINITIONAL_REPRESENTATION('',(#2517),#2521);
#2517 = LINE('',#2518,#2519);
#2518 = CARTESIAN_POINT('',(352.6125,0.8));
#2519 = VECTOR('',#2520,1.);
#2520 = DIRECTION('',(-1.,0.));
#2521 = ( GEOMETRIC_REPRESENTATION_CONTEXT(2) 
PARAMETRIC_REPRESENTATION_CONTEXT() REPRESENTATION_CONTEXT('2D SPACE',''
  ) );
#2522 = PCURVE('',#2413,#2523);
#2523 = DEFINITIONAL_REPRESENTATION('',(#2524),#2528);
#2524 = LINE('',#2525,#2526);
#2525 = CARTESIAN_POINT('',(0.,0.565685424949));
#2526 = VECTOR('',#2527,1.);
#2527 = DIRECTION('',(1.,0.));
#2528 = ( GEOMETRIC_REPRESENTATION_CONTEXT(2) 
PARAMETRIC_REPRESENTATION_CONTEXT() REPRESENTATION_CONTEXT('2D SPACE',''
  ) );
#2529 = ORIENTED_EDGE('',*,*,#2530,.F.);
#2530 = EDGE_CURVE('',#2531,#2508,#2533,.T.);
#2531 = VERTEX_POINT('',#2532);
#2532 = CARTESIAN_POINT('',(357.8125,3.761580797262,21.611582771876));
#2533 = SURFACE_CURVE('',#2534,(#2539,#2550),.PCURVE_S1.);
#2534 = CIRCLE('',#2535,5.2);
#2535 = AXIS2_PLACEMENT_3D('',#2536,#2537,#2538);
#2536 = CARTESIAN_POINT('',(352.6125,3.761580797262,21.611582771876));
#2537 = DIRECTION('',(0.,0.104528463268,-0.994521895368));
#2538 = DIRECTION('',(1.,1.472188142309E-16,1.547332088646E-17));
#2539 = PCURVE('',#290,#2540);
#2540 = DEFINITIONAL_REPRESENTATION('',(#2541),#2549);
#2541 = ( BOUNDED_CURVE() B_SPLINE_CURVE(2,(#2542,#2543,#2544,#2545,
#2546,#2547,#2548),.UNSPECIFIED.,.T.,.F.) B_SPLINE_CURVE_WITH_KNOTS((1,2
    ,2,2,2,1),(-2.094395102393,0.,2.094395102393,4.188790204786,
6.28318530718,8.377580409573),.UNSPECIFIED.) CURVE() 
GEOMETRIC_REPRESENTATION_ITEM() RATIONAL_B_SPLINE_CURVE((1.,0.5,1.,0.5,
1.,0.5,1.)) REPRESENTATION_ITEM('') );
#2542 = CARTESIAN_POINT('',(357.8125,6.));
#2543 = CARTESIAN_POINT('',(357.8125,-3.006664199358));
#2544 = CARTESIAN_POINT('',(350.0125,1.496667900321));
#2545 = CARTESIAN_POINT('',(342.2125,6.));
#2546 = CARTESIAN_POINT('',(350.0125,10.503332099679));
#2547 = CARTESIAN_POINT('',(357.8125,15.006664199358));
#2548 = CARTESIAN_POINT('',(357.8125,6.));
#2549 = ( GEOMETRIC_REPRESENTATION_CONTEXT(2) 
PARAMETRIC_REPRESENTATION_CONTEXT() REPRESENTATION_CONTEXT('2D SPACE',''
  ) );
#2550 = PCURVE('',#2551,#2556);
#2551 = CONICAL_SURFACE('',#2552,6.,0.785398163397);
#2552 = AXIS2_PLACEMENT_3D('',#2553,#2554,#2555);
#2553 = CARTESIAN_POINT('',(352.6125,3.845203567876,20.815965255582));
#2554 = DIRECTION('',(-0.,0.104528463268,-0.994521895368));
#2555 = DIRECTION('',(1.,1.472188142309E-16,1.547332088646E-17));
#2556 = DEFINITIONAL_REPRESENTATION('',(#2557),#2561);
#2557 = LINE('',#2558,#2559);
#2558 = CARTESIAN_POINT('',(0.,-0.8));
#2559 = VECTOR('',#2560,1.);
#2560 = DIRECTION('',(1.,-0.));
#2561 = ( GEOMETRIC_REPRESENTATION_CONTEXT(2) 
PARAMETRIC_REPRESENTATION_CONTEXT() REPRESENTATION_CONTEXT('2D SPACE',''
  ) );
#2562 = ORIENTED_EDGE('',*,*,#2563,.F.);
#2563 = EDGE_CURVE('',#2564,#2531,#2566,.T.);
#2564 = VERTEX_POINT('',#2565);
#2565 = CARTESIAN_POINT('',(357.8125,149.54605913455,36.934148881124));
#2566 = SURFACE_CURVE('',#2567,(#2571,#2578),.PCURVE_S1.);
#2567 = LINE('',#2568,#2569);
#2568 = CARTESIAN_POINT('',(357.8125,149.54605913455,36.934148881124));
#2569 = VECTOR('',#2570,1.);
#2570 = DIRECTION('',(-0.,-0.994521895368,-0.104528463268));
#2571 = PCURVE('',#290,#2572);
#2572 = DEFINITIONAL_REPRESENTATION('',(#2573),#2577);
#2573 = LINE('',#2574,#2575);
#2574 = CARTESIAN_POINT('',(357.8125,152.5875));
#2575 = VECTOR('',#2576,1.);
#2576 = DIRECTION('',(0.,-1.));
#2577 = ( GEOMETRIC_REPRESENTATION_CONTEXT(2) 
PARAMETRIC_REPRESENTATION_CONTEXT() REPRESENTATION_CONTEXT('2D SPACE',''
  ) );
#2578 = PCURVE('',#2579,#2584);
#2579 = PLANE('',#2580);
#2580 = AXIS2_PLACEMENT_3D('',#2581,#2582,#2583);
#2581 = CARTESIAN_POINT('',(358.2125,149.58787051986,36.536340122976));
#2582 = DIRECTION('',(0.707106781187,-7.391278520357E-02,0.703233176253)
  );
#2583 = DIRECTION('',(4.937840934654E-18,0.994521895368,0.104528463268)
  );
#2584 = DEFINITIONAL_REPRESENTATION('',(#2585),#2589);
#2585 = LINE('',#2586,#2587);
#2586 = CARTESIAN_POINT('',(3.767819389822E-15,0.565685424949));
#2587 = VECTOR('',#2588,1.);
#2588 = DIRECTION('',(-1.,0.));
#2589 = ( GEOMETRIC_REPRESENTATION_CONTEXT(2) 
PARAMETRIC_REPRESENTATION_CONTEXT() REPRESENTATION_CONTEXT('2D SPACE',''
  ) );
#2590 = ORIENTED_EDGE('',*,*,#2591,.F.);
#2591 = EDGE_CURVE('',#2592,#2564,#2594,.T.);
#2592 = VERTEX_POINT('',#2593);
#2593 = CARTESIAN_POINT('',(352.6125,154.71757299047,37.477696890115));
#2594 = SURFACE_CURVE('',#2595,(#2600,#2611),.PCURVE_S1.);
#2595 = CIRCLE('',#2596,5.2);
#2596 = AXIS2_PLACEMENT_3D('',#2597,#2598,#2599);
#2597 = CARTESIAN_POINT('',(352.6125,149.54605913455,36.934148881124));
#2598 = DIRECTION('',(0.,0.104528463268,-0.994521895368));
#2599 = DIRECTION('',(0.,0.994521895368,0.104528463268));
#2600 = PCURVE('',#290,#2601);
#2601 = DEFINITIONAL_REPRESENTATION('',(#2602),#2610);
#2602 = ( BOUNDED_CURVE() B_SPLINE_CURVE(2,(#2603,#2604,#2605,#2606,
#2607,#2608,#2609),.UNSPECIFIED.,.T.,.F.) B_SPLINE_CURVE_WITH_KNOTS((1,2
    ,2,2,2,1),(-2.094395102393,0.,2.094395102393,4.188790204786,
6.28318530718,8.377580409573),.UNSPECIFIED.) CURVE() 
GEOMETRIC_REPRESENTATION_ITEM() RATIONAL_B_SPLINE_CURVE((1.,0.5,1.,0.5,
1.,0.5,1.)) REPRESENTATION_ITEM('') );
#2603 = CARTESIAN_POINT('',(352.6125,157.7875));
#2604 = CARTESIAN_POINT('',(361.61916419935,157.7875));
#2605 = CARTESIAN_POINT('',(357.11583209967,149.9875));
#2606 = CARTESIAN_POINT('',(352.6125,142.1875));
#2607 = CARTESIAN_POINT('',(348.10916790032,149.9875));
#2608 = CARTESIAN_POINT('',(343.60583580064,157.7875));
#2609 = CARTESIAN_POINT('',(352.6125,157.7875));
#2610 = ( GEOMETRIC_REPRESENTATION_CONTEXT(2) 
PARAMETRIC_REPRESENTATION_CONTEXT() REPRESENTATION_CONTEXT('2D SPACE',''
  ) );
#2611 = PCURVE('',#2612,#2617);
#2612 = CONICAL_SURFACE('',#2613,6.,0.785398163397);
#2613 = AXIS2_PLACEMENT_3D('',#2614,#2615,#2616);
#2614 = CARTESIAN_POINT('',(352.6125,149.62968190517,36.138531364829));
#2615 = DIRECTION('',(-0.,0.104528463268,-0.994521895368));
#2616 = DIRECTION('',(0.,0.994521895368,0.104528463268));
#2617 = DEFINITIONAL_REPRESENTATION('',(#2618),#2622);
#2618 = LINE('',#2619,#2620);
#2619 = CARTESIAN_POINT('',(0.,-0.8));
#2620 = VECTOR('',#2621,1.);
#2621 = DIRECTION('',(1.,-0.));
#2622 = ( GEOMETRIC_REPRESENTATION_CONTEXT(2) 
PARAMETRIC_REPRESENTATION_CONTEXT() REPRESENTATION_CONTEXT('2D SPACE',''
  ) );
#2623 = ORIENTED_EDGE('',*,*,#2624,.F.);
#2624 = EDGE_CURVE('',#2625,#2592,#2627,.T.);
#2625 = VERTEX_POINT('',#2626);
#2626 = CARTESIAN_POINT('',(6.,154.71757299047,37.477696890115));
#2627 = SURFACE_CURVE('',#2628,(#2632,#2639),.PCURVE_S1.);
#2628 = LINE('',#2629,#2630);
#2629 = CARTESIAN_POINT('',(6.,154.71757299047,37.477696890115));
#2630 = VECTOR('',#2631,1.);
#2631 = DIRECTION('',(1.,0.,0.));
#2632 = PCURVE('',#290,#2633);
#2633 = DEFINITIONAL_REPRESENTATION('',(#2634),#2638);
#2634 = LINE('',#2635,#2636);
#2635 = CARTESIAN_POINT('',(6.,157.7875));
#2636 = VECTOR('',#2637,1.);
#2637 = DIRECTION('',(1.,0.));
#2638 = ( GEOMETRIC_REPRESENTATION_CONTEXT(2) 
PARAMETRIC_REPRESENTATION_CONTEXT() REPRESENTATION_CONTEXT('2D SPACE',''
  ) );
#2639 = PCURVE('',#2640,#2645);
#2640 = PLANE('',#2641);
#2641 = AXIS2_PLACEMENT_3D('',#2642,#2643,#2644);
#2642 = CARTESIAN_POINT('',(6.,155.15719313392,37.121699517275));
#2643 = DIRECTION('',(6.983161618628E-18,0.62932039105,0.777145961457));
#2644 = DIRECTION('',(-1.,4.394646000599E-18,5.426935850118E-18));
#2645 = DEFINITIONAL_REPRESENTATION('',(#2646),#2650);
#2646 = LINE('',#2647,#2648);
#2647 = CARTESIAN_POINT('',(-1.656299752173E-32,0.565685424949));
#2648 = VECTOR('',#2649,1.);
#2649 = DIRECTION('',(-1.,-3.851859888774E-34));
#2650 = ( GEOMETRIC_REPRESENTATION_CONTEXT(2) 
PARAMETRIC_REPRESENTATION_CONTEXT() REPRESENTATION_CONTEXT('2D SPACE',''
  ) );
#2651 = ORIENTED_EDGE('',*,*,#2652,.F.);
#2652 = EDGE_CURVE('',#249,#2625,#2653,.T.);
#2653 = SURFACE_CURVE('',#2654,(#2659,#2670),.PCURVE_S1.);
#2654 = CIRCLE('',#2655,5.2);
#2655 = AXIS2_PLACEMENT_3D('',#2656,#2657,#2658);
#2656 = CARTESIAN_POINT('',(6.,149.54605913455,36.934148881124));
#2657 = DIRECTION('',(0.,0.104528463268,-0.994521895368));
#2658 = DIRECTION('',(-1.,0.,0.));
#2659 = PCURVE('',#290,#2660);
#2660 = DEFINITIONAL_REPRESENTATION('',(#2661),#2669);
#2661 = ( BOUNDED_CURVE() B_SPLINE_CURVE(2,(#2662,#2663,#2664,#2665,
#2666,#2667,#2668),.UNSPECIFIED.,.T.,.F.) B_SPLINE_CURVE_WITH_KNOTS((1,2
    ,2,2,2,1),(-2.094395102393,0.,2.094395102393,4.188790204786,
6.28318530718,8.377580409573),.UNSPECIFIED.) CURVE() 
GEOMETRIC_REPRESENTATION_ITEM() RATIONAL_B_SPLINE_CURVE((1.,0.5,1.,0.5,
1.,0.5,1.)) REPRESENTATION_ITEM('') );
#2662 = CARTESIAN_POINT('',(0.8,152.5875));
#2663 = CARTESIAN_POINT('',(0.8,161.59416419935));
#2664 = CARTESIAN_POINT('',(8.6,157.09083209967));
#2665 = CARTESIAN_POINT('',(16.4,152.5875));
#2666 = CARTESIAN_POINT('',(8.6,148.08416790032));
#2667 = CARTESIAN_POINT('',(0.8,143.58083580064));
#2668 = CARTESIAN_POINT('',(0.8,152.5875));
#2669 = ( GEOMETRIC_REPRESENTATION_CONTEXT(2) 
PARAMETRIC_REPRESENTATION_CONTEXT() REPRESENTATION_CONTEXT('2D SPACE',''
  ) );
#2670 = PCURVE('',#264,#2671);
#2671 = DEFINITIONAL_REPRESENTATION('',(#2672),#2676);
#2672 = LINE('',#2673,#2674);
#2673 = CARTESIAN_POINT('',(0.,-0.8));
#2674 = VECTOR('',#2675,1.);
#2675 = DIRECTION('',(1.,-0.));
#2676 = ( GEOMETRIC_REPRESENTATION_CONTEXT(2) 
PARAMETRIC_REPRESENTATION_CONTEXT() REPRESENTATION_CONTEXT('2D SPACE',''
  ) );
#2677 = FACE_BOUND('',#2678,.T.);
#2678 = EDGE_LOOP('',(#2679,#2710,#2738,#2767,#2795,#2824,#2852,#2881));
#2679 = ORIENTED_EDGE('',*,*,#2680,.F.);
#2680 = EDGE_CURVE('',#2681,#2683,#2685,.T.);
#2681 = VERTEX_POINT('',#2682);
#2682 = CARTESIAN_POINT('',(13.7,13.706799750945,22.656867404553));
#2683 = VERTEX_POINT('',#2684);
#2684 = CARTESIAN_POINT('',(16.,11.419399391598,22.416451939037));
#2685 = SURFACE_CURVE('',#2686,(#2691,#2698),.PCURVE_S1.);
#2686 = CIRCLE('',#2687,2.3);
#2687 = AXIS2_PLACEMENT_3D('',#2688,#2689,#2690);
#2688 = CARTESIAN_POINT('',(16.,13.706799750945,22.656867404553));
#2689 = DIRECTION('',(0.,-0.104528463268,0.994521895368));
#2690 = DIRECTION('',(-1.,0.,0.));
#2691 = PCURVE('',#290,#2692);
#2692 = DEFINITIONAL_REPRESENTATION('',(#2693),#2697);
#2693 = CIRCLE('',#2694,2.3);
#2694 = AXIS2_PLACEMENT_2D('',#2695,#2696);
#2695 = CARTESIAN_POINT('',(16.,16.));
#2696 = DIRECTION('',(-1.,0.));
#2697 = ( GEOMETRIC_REPRESENTATION_CONTEXT(2) 
PARAMETRIC_REPRESENTATION_CONTEXT() REPRESENTATION_CONTEXT('2D SPACE',''
  ) );
#2698 = PCURVE('',#2699,#2704);
#2699 = CONICAL_SURFACE('',#2700,1.5,0.785398163397);
#2700 = AXIS2_PLACEMENT_3D('',#2701,#2702,#2703);
#2701 = CARTESIAN_POINT('',(16.,13.790422521559,21.861249888258));
#2702 = DIRECTION('',(0.,-0.104528463268,0.994521895368));
#2703 = DIRECTION('',(-1.,0.,0.));
#2704 = DEFINITIONAL_REPRESENTATION('',(#2705),#2709);
#2705 = LINE('',#2706,#2707);
#2706 = CARTESIAN_POINT('',(-0.,0.8));
#2707 = VECTOR('',#2708,1.);
#2708 = DIRECTION('',(1.,-0.));
#2709 = ( GEOMETRIC_REPRESENTATION_CONTEXT(2) 
PARAMETRIC_REPRESENTATION_CONTEXT() REPRESENTATION_CONTEXT('2D SPACE',''
  ) );
#2710 = ORIENTED_EDGE('',*,*,#2711,.F.);
#2711 = EDGE_CURVE('',#2712,#2681,#2714,.T.);
#2712 = VERTEX_POINT('',#2713);
#2713 = CARTESIAN_POINT('',(13.7,139.60084018087,35.888864248447));
#2714 = SURFACE_CURVE('',#2715,(#2719,#2726),.PCURVE_S1.);
#2715 = LINE('',#2716,#2717);
#2716 = CARTESIAN_POINT('',(13.7,139.60084018087,35.888864248447));
#2717 = VECTOR('',#2718,1.);
#2718 = DIRECTION('',(-0.,-0.994521895368,-0.104528463268));
#2719 = PCURVE('',#290,#2720);
#2720 = DEFINITIONAL_REPRESENTATION('',(#2721),#2725);
#2721 = LINE('',#2722,#2723);
#2722 = CARTESIAN_POINT('',(13.7,142.5875));
#2723 = VECTOR('',#2724,1.);
#2724 = DIRECTION('',(0.,-1.));
#2725 = ( GEOMETRIC_REPRESENTATION_CONTEXT(2) 
PARAMETRIC_REPRESENTATION_CONTEXT() REPRESENTATION_CONTEXT('2D SPACE',''
  ) );
#2726 = PCURVE('',#2727,#2732);
#2727 = PLANE('',#2728);
#2728 = AXIS2_PLACEMENT_3D('',#2729,#2730,#2731);
#2729 = CARTESIAN_POINT('',(14.1,139.64265156618,35.4910554903));
#2730 = DIRECTION('',(0.707106781187,-7.391278520357E-02,0.703233176253)
  );
#2731 = DIRECTION('',(-4.937840934654E-18,-0.994521895368,
    -0.104528463268));
#2732 = DEFINITIONAL_REPRESENTATION('',(#2733),#2737);
#2733 = LINE('',#2734,#2735);
#2734 = CARTESIAN_POINT('',(-4.51028103754E-15,-0.565685424949));
#2735 = VECTOR('',#2736,1.);
#2736 = DIRECTION('',(1.,0.));
#2737 = ( GEOMETRIC_REPRESENTATION_CONTEXT(2) 
PARAMETRIC_REPRESENTATION_CONTEXT() REPRESENTATION_CONTEXT('2D SPACE',''
  ) );
#2738 = ORIENTED_EDGE('',*,*,#2739,.F.);
#2739 = EDGE_CURVE('',#2740,#2712,#2742,.T.);
#2740 = VERTEX_POINT('',#2741);
#2741 = CARTESIAN_POINT('',(16.,141.88824054022,36.129279713963));
#2742 = SURFACE_CURVE('',#2743,(#2748,#2755),.PCURVE_S1.);
#2743 = CIRCLE('',#2744,2.3);
#2744 = AXIS2_PLACEMENT_3D('',#2745,#2746,#2747);
#2745 = CARTESIAN_POINT('',(16.,139.60084018087,35.888864248447));
#2746 = DIRECTION('',(0.,-0.104528463268,0.994521895368));
#2747 = DIRECTION('',(0.,0.994521895368,0.104528463268));
#2748 = PCURVE('',#290,#2749);
#2749 = DEFINITIONAL_REPRESENTATION('',(#2750),#2754);
#2750 = CIRCLE('',#2751,2.3);
#2751 = AXIS2_PLACEMENT_2D('',#2752,#2753);
#2752 = CARTESIAN_POINT('',(16.,142.5875));
#2753 = DIRECTION('',(0.,1.));
#2754 = ( GEOMETRIC_REPRESENTATION_CONTEXT(2) 
PARAMETRIC_REPRESENTATION_CONTEXT() REPRESENTATION_CONTEXT('2D SPACE',''
  ) );
#2755 = PCURVE('',#2756,#2761);
#2756 = CONICAL_SURFACE('',#2757,1.5,0.785398163397);
#2757 = AXIS2_PLACEMENT_3D('',#2758,#2759,#2760);
#2758 = CARTESIAN_POINT('',(16.,139.68446295149,35.093246732152));
#2759 = DIRECTION('',(0.,-0.104528463268,0.994521895368));
#2760 = DIRECTION('',(0.,0.994521895368,0.104528463268));
#2761 = DEFINITIONAL_REPRESENTATION('',(#2762),#2766);
#2762 = LINE('',#2763,#2764);
#2763 = CARTESIAN_POINT('',(-0.,0.8));
#2764 = VECTOR('',#2765,1.);
#2765 = DIRECTION('',(1.,-0.));
#2766 = ( GEOMETRIC_REPRESENTATION_CONTEXT(2) 
PARAMETRIC_REPRESENTATION_CONTEXT() REPRESENTATION_CONTEXT('2D SPACE',''
  ) );
#2767 = ORIENTED_EDGE('',*,*,#2768,.F.);
#2768 = EDGE_CURVE('',#2769,#2740,#2771,.T.);
#2769 = VERTEX_POINT('',#2770);
#2770 = CARTESIAN_POINT('',(342.6125,141.88824054022,36.129279713963));
#2771 = SURFACE_CURVE('',#2772,(#2776,#2783),.PCURVE_S1.);
#2772 = LINE('',#2773,#2774);
#2773 = CARTESIAN_POINT('',(342.6125,141.88824054022,36.129279713963));
#2774 = VECTOR('',#2775,1.);
#2775 = DIRECTION('',(-1.,0.,0.));
#2776 = PCURVE('',#290,#2777);
#2777 = DEFINITIONAL_REPRESENTATION('',(#2778),#2782);
#2778 = LINE('',#2779,#2780);
#2779 = CARTESIAN_POINT('',(342.6125,144.8875));
#2780 = VECTOR('',#2781,1.);
#2781 = DIRECTION('',(-1.,0.));
#2782 = ( GEOMETRIC_REPRESENTATION_CONTEXT(2) 
PARAMETRIC_REPRESENTATION_CONTEXT() REPRESENTATION_CONTEXT('2D SPACE',''
  ) );
#2783 = PCURVE('',#2784,#2789);
#2784 = PLANE('',#2785);
#2785 = AXIS2_PLACEMENT_3D('',#2786,#2787,#2788);
#2786 = CARTESIAN_POINT('',(342.6125,141.53224316738,35.689659570508));
#2787 = DIRECTION('',(-6.983161618628E-18,0.777145961457,-0.62932039105)
  );
#2788 = DIRECTION('',(1.,5.426935850118E-18,-4.394646000599E-18));
#2789 = DEFINITIONAL_REPRESENTATION('',(#2790),#2794);
#2790 = LINE('',#2791,#2792);
#2791 = CARTESIAN_POINT('',(-1.232595164408E-32,-0.565685424949));
#2792 = VECTOR('',#2793,1.);
#2793 = DIRECTION('',(-1.,-3.851859888774E-34));
#2794 = ( GEOMETRIC_REPRESENTATION_CONTEXT(2) 
PARAMETRIC_REPRESENTATION_CONTEXT() REPRESENTATION_CONTEXT('2D SPACE',''
  ) );
#2795 = ORIENTED_EDGE('',*,*,#2796,.F.);
#2796 = EDGE_CURVE('',#2797,#2769,#2799,.T.);
#2797 = VERTEX_POINT('',#2798);
#2798 = CARTESIAN_POINT('',(344.9125,139.60084018087,35.888864248447));
#2799 = SURFACE_CURVE('',#2800,(#2805,#2812),.PCURVE_S1.);
#2800 = CIRCLE('',#2801,2.3);
#2801 = AXIS2_PLACEMENT_3D('',#2802,#2803,#2804);
#2802 = CARTESIAN_POINT('',(342.6125,139.60084018087,35.888864248447));
#2803 = DIRECTION('',(0.,-0.104528463268,0.994521895368));
#2804 = DIRECTION('',(1.,0.,0.));
#2805 = PCURVE('',#290,#2806);
#2806 = DEFINITIONAL_REPRESENTATION('',(#2807),#2811);
#2807 = CIRCLE('',#2808,2.3);
#2808 = AXIS2_PLACEMENT_2D('',#2809,#2810);
#2809 = CARTESIAN_POINT('',(342.6125,142.5875));
#2810 = DIRECTION('',(1.,0.));
#2811 = ( GEOMETRIC_REPRESENTATION_CONTEXT(2) 
PARAMETRIC_REPRESENTATION_CONTEXT() REPRESENTATION_CONTEXT('2D SPACE',''
  ) );
#2812 = PCURVE('',#2813,#2818);
#2813 = CONICAL_SURFACE('',#2814,1.5,0.785398163397);
#2814 = AXIS2_PLACEMENT_3D('',#2815,#2816,#2817);
#2815 = CARTESIAN_POINT('',(342.6125,139.68446295149,35.093246732152));
#2816 = DIRECTION('',(0.,-0.104528463268,0.994521895368));
#2817 = DIRECTION('',(1.,0.,0.));
#2818 = DEFINITIONAL_REPRESENTATION('',(#2819),#2823);
#2819 = LINE('',#2820,#2821);
#2820 = CARTESIAN_POINT('',(-0.,0.8));
#2821 = VECTOR('',#2822,1.);
#2822 = DIRECTION('',(1.,-0.));
#2823 = ( GEOMETRIC_REPRESENTATION_CONTEXT(2) 
PARAMETRIC_REPRESENTATION_CONTEXT() REPRESENTATION_CONTEXT('2D SPACE',''
  ) );
#2824 = ORIENTED_EDGE('',*,*,#2825,.F.);
#2825 = EDGE_CURVE('',#2826,#2797,#2828,.T.);
#2826 = VERTEX_POINT('',#2827);
#2827 = CARTESIAN_POINT('',(344.9125,13.706799750945,22.656867404553));
#2828 = SURFACE_CURVE('',#2829,(#2833,#2840),.PCURVE_S1.);
#2829 = LINE('',#2830,#2831);
#2830 = CARTESIAN_POINT('',(344.9125,13.706799750945,22.656867404553));
#2831 = VECTOR('',#2832,1.);
#2832 = DIRECTION('',(0.,0.994521895368,0.104528463268));
#2833 = PCURVE('',#290,#2834);
#2834 = DEFINITIONAL_REPRESENTATION('',(#2835),#2839);
#2835 = LINE('',#2836,#2837);
#2836 = CARTESIAN_POINT('',(344.9125,16.));
#2837 = VECTOR('',#2838,1.);
#2838 = DIRECTION('',(0.,1.));
#2839 = ( GEOMETRIC_REPRESENTATION_CONTEXT(2) 
PARAMETRIC_REPRESENTATION_CONTEXT() REPRESENTATION_CONTEXT('2D SPACE',''
  ) );
#2840 = PCURVE('',#2841,#2846);
#2841 = PLANE('',#2842);
#2842 = AXIS2_PLACEMENT_3D('',#2843,#2844,#2845);
#2843 = CARTESIAN_POINT('',(344.5125,13.748611136252,22.259058646406));
#2844 = DIRECTION('',(0.707106781187,7.391278520357E-02,-0.703233176253)
  );
#2845 = DIRECTION('',(4.937840934654E-18,-0.994521895368,-0.104528463268
    ));
#2846 = DEFINITIONAL_REPRESENTATION('',(#2847),#2851);
#2847 = LINE('',#2848,#2849);
#2848 = CARTESIAN_POINT('',(-1.998401444325E-15,-0.565685424949));
#2849 = VECTOR('',#2850,1.);
#2850 = DIRECTION('',(-1.,0.));
#2851 = ( GEOMETRIC_REPRESENTATION_CONTEXT(2) 
PARAMETRIC_REPRESENTATION_CONTEXT() REPRESENTATION_CONTEXT('2D SPACE',''
  ) );
#2852 = ORIENTED_EDGE('',*,*,#2853,.F.);
#2853 = EDGE_CURVE('',#2854,#2826,#2856,.T.);
#2854 = VERTEX_POINT('',#2855);
#2855 = CARTESIAN_POINT('',(342.6125,11.419399391598,22.416451939037));
#2856 = SURFACE_CURVE('',#2857,(#2862,#2869),.PCURVE_S1.);
#2857 = CIRCLE('',#2858,2.3);
#2858 = AXIS2_PLACEMENT_3D('',#2859,#2860,#2861);
#2859 = CARTESIAN_POINT('',(342.6125,13.706799750945,22.656867404553));
#2860 = DIRECTION('',(0.,-0.104528463268,0.994521895368));
#2861 = DIRECTION('',(0.,-0.994521895368,-0.104528463268));
#2862 = PCURVE('',#290,#2863);
#2863 = DEFINITIONAL_REPRESENTATION('',(#2864),#2868);
#2864 = CIRCLE('',#2865,2.3);
#2865 = AXIS2_PLACEMENT_2D('',#2866,#2867);
#2866 = CARTESIAN_POINT('',(342.6125,16.));
#2867 = DIRECTION('',(0.,-1.));
#2868 = ( GEOMETRIC_REPRESENTATION_CONTEXT(2) 
PARAMETRIC_REPRESENTATION_CONTEXT() REPRESENTATION_CONTEXT('2D SPACE',''
  ) );
#2869 = PCURVE('',#2870,#2875);
#2870 = CONICAL_SURFACE('',#2871,1.5,0.785398163397);
#2871 = AXIS2_PLACEMENT_3D('',#2872,#2873,#2874);
#2872 = CARTESIAN_POINT('',(342.6125,13.790422521559,21.861249888258));
#2873 = DIRECTION('',(0.,-0.104528463268,0.994521895368));
#2874 = DIRECTION('',(0.,-0.994521895368,-0.104528463268));
#2875 = DEFINITIONAL_REPRESENTATION('',(#2876),#2880);
#2876 = LINE('',#2877,#2878);
#2877 = CARTESIAN_POINT('',(-0.,0.8));
#2878 = VECTOR('',#2879,1.);
#2879 = DIRECTION('',(1.,-0.));
#2880 = ( GEOMETRIC_REPRESENTATION_CONTEXT(2) 
PARAMETRIC_REPRESENTATION_CONTEXT() REPRESENTATION_CONTEXT('2D SPACE',''
  ) );
#2881 = ORIENTED_EDGE('',*,*,#2882,.F.);
#2882 = EDGE_CURVE('',#2683,#2854,#2883,.T.);
#2883 = SURFACE_CURVE('',#2884,(#2888,#2895),.PCURVE_S1.);
#2884 = LINE('',#2885,#2886);
#2885 = CARTESIAN_POINT('',(16.,11.419399391598,22.416451939037));
#2886 = VECTOR('',#2887,1.);
#2887 = DIRECTION('',(1.,0.,0.));
#2888 = PCURVE('',#290,#2889);
#2889 = DEFINITIONAL_REPRESENTATION('',(#2890),#2894);
#2890 = LINE('',#2891,#2892);
#2891 = CARTESIAN_POINT('',(16.,13.7));
#2892 = VECTOR('',#2893,1.);
#2893 = DIRECTION('',(1.,0.));
#2894 = ( GEOMETRIC_REPRESENTATION_CONTEXT(2) 
PARAMETRIC_REPRESENTATION_CONTEXT() REPRESENTATION_CONTEXT('2D SPACE',''
  ) );
#2895 = PCURVE('',#2896,#2901);
#2896 = PLANE('',#2897);
#2897 = AXIS2_PLACEMENT_3D('',#2898,#2899,#2900);
#2898 = CARTESIAN_POINT('',(16.,11.859019535052,22.060454566197));
#2899 = DIRECTION('',(6.983161618628E-18,0.62932039105,0.777145961457));
#2900 = DIRECTION('',(1.,-4.394646000599E-18,-5.426935850118E-18));
#2901 = DEFINITIONAL_REPRESENTATION('',(#2902),#2906);
#2902 = LINE('',#2903,#2904);
#2903 = CARTESIAN_POINT('',(4.237045877652E-33,-0.565685424949));
#2904 = VECTOR('',#2905,1.);
#2905 = DIRECTION('',(1.,-3.851859888774E-34));
#2906 = ( GEOMETRIC_REPRESENTATION_CONTEXT(2) 
PARAMETRIC_REPRESENTATION_CONTEXT() REPRESENTATION_CONTEXT('2D SPACE',''
  ) );
#2907 = ADVANCED_FACE('',(#2908),#264,.T.);
#2908 = FACE_BOUND('',#2909,.F.);
#2909 = EDGE_LOOP('',(#2910,#2911,#2912,#2933));
#2910 = ORIENTED_EDGE('',*,*,#248,.F.);
#2911 = ORIENTED_EDGE('',*,*,#2372,.T.);
#2912 = ORIENTED_EDGE('',*,*,#2913,.T.);
#2913 = EDGE_CURVE('',#2350,#2625,#2914,.T.);
#2914 = SURFACE_CURVE('',#2915,(#2919,#2926),.PCURVE_S1.);
#2915 = LINE('',#2916,#2917);
#2916 = CARTESIAN_POINT('',(6.,155.59681327738,36.765702144435));
#2917 = VECTOR('',#2918,1.);
#2918 = DIRECTION('',(4.329780281177E-17,-0.777145961457,0.62932039105)
  );
#2919 = PCURVE('',#264,#2920);
#2920 = DEFINITIONAL_REPRESENTATION('',(#2921),#2925);
#2921 = LINE('',#2922,#2923);
#2922 = CARTESIAN_POINT('',(1.570796326795,-0.));
#2923 = VECTOR('',#2924,1.);
#2924 = DIRECTION('',(0.,-1.));
#2925 = ( GEOMETRIC_REPRESENTATION_CONTEXT(2) 
PARAMETRIC_REPRESENTATION_CONTEXT() REPRESENTATION_CONTEXT('2D SPACE',''
  ) );
#2926 = PCURVE('',#2640,#2927);
#2927 = DEFINITIONAL_REPRESENTATION('',(#2928),#2932);
#2928 = LINE('',#2929,#2930);
#2929 = CARTESIAN_POINT('',(1.656299752173E-32,-0.565685424949));
#2930 = VECTOR('',#2931,1.);
#2931 = DIRECTION('',(-4.329780281177E-17,1.));
#2932 = ( GEOMETRIC_REPRESENTATION_CONTEXT(2) 
PARAMETRIC_REPRESENTATION_CONTEXT() REPRESENTATION_CONTEXT('2D SPACE',''
  ) );
#2933 = ORIENTED_EDGE('',*,*,#2652,.F.);
#2934 = ADVANCED_FACE('',(#2935),#436,.T.);
#2935 = FACE_BOUND('',#2936,.T.);
#2936 = EDGE_LOOP('',(#2937,#2938,#2961,#2982));
#2937 = ORIENTED_EDGE('',*,*,#2349,.T.);
#2938 = ORIENTED_EDGE('',*,*,#2939,.T.);
#2939 = EDGE_CURVE('',#2350,#2940,#2942,.T.);
#2940 = VERTEX_POINT('',#2941);
#2941 = CARTESIAN_POINT('',(352.6125,155.59681327738,36.765702144435));
#2942 = SURFACE_CURVE('',#2943,(#2947,#2954),.PCURVE_S1.);
#2943 = LINE('',#2944,#2945);
#2944 = CARTESIAN_POINT('',(6.,155.59681327738,36.765702144435));
#2945 = VECTOR('',#2946,1.);
#2946 = DIRECTION('',(1.,0.,0.));
#2947 = PCURVE('',#436,#2948);
#2948 = DEFINITIONAL_REPRESENTATION('',(#2949),#2953);
#2949 = LINE('',#2950,#2951);
#2950 = CARTESIAN_POINT('',(5.95,6.));
#2951 = VECTOR('',#2952,1.);
#2952 = DIRECTION('',(0.,1.));
#2953 = ( GEOMETRIC_REPRESENTATION_CONTEXT(2) 
PARAMETRIC_REPRESENTATION_CONTEXT() REPRESENTATION_CONTEXT('2D SPACE',''
  ) );
#2954 = PCURVE('',#2640,#2955);
#2955 = DEFINITIONAL_REPRESENTATION('',(#2956),#2960);
#2956 = LINE('',#2957,#2958);
#2957 = CARTESIAN_POINT('',(1.656299752173E-32,-0.565685424949));
#2958 = VECTOR('',#2959,1.);
#2959 = DIRECTION('',(-1.,-3.851859888774E-34));
#2960 = ( GEOMETRIC_REPRESENTATION_CONTEXT(2) 
PARAMETRIC_REPRESENTATION_CONTEXT() REPRESENTATION_CONTEXT('2D SPACE',''
  ) );
#2961 = ORIENTED_EDGE('',*,*,#2962,.F.);
#2962 = EDGE_CURVE('',#392,#2940,#2963,.T.);
#2963 = SURFACE_CURVE('',#2964,(#2968,#2975),.PCURVE_S1.);
#2964 = LINE('',#2965,#2966);
#2965 = CARTESIAN_POINT('',(352.6125,156.21875763382,30.848296866994));
#2966 = VECTOR('',#2967,1.);
#2967 = DIRECTION('',(0.,-0.104528463268,0.994521895368));
#2968 = PCURVE('',#436,#2969);
#2969 = DEFINITIONAL_REPRESENTATION('',(#2970),#2974);
#2970 = LINE('',#2971,#2972);
#2971 = CARTESIAN_POINT('',(0.,352.6125));
#2972 = VECTOR('',#2973,1.);
#2973 = DIRECTION('',(1.,0.));
#2974 = ( GEOMETRIC_REPRESENTATION_CONTEXT(2) 
PARAMETRIC_REPRESENTATION_CONTEXT() REPRESENTATION_CONTEXT('2D SPACE',''
  ) );
#2975 = PCURVE('',#408,#2976);
#2976 = DEFINITIONAL_REPRESENTATION('',(#2977),#2981);
#2977 = LINE('',#2978,#2979);
#2978 = CARTESIAN_POINT('',(1.570796326795,0.));
#2979 = VECTOR('',#2980,1.);
#2980 = DIRECTION('',(0.,1.));
#2981 = ( GEOMETRIC_REPRESENTATION_CONTEXT(2) 
PARAMETRIC_REPRESENTATION_CONTEXT() REPRESENTATION_CONTEXT('2D SPACE',''
  ) );
#2982 = ORIENTED_EDGE('',*,*,#420,.F.);
#2983 = ADVANCED_FACE('',(#2984),#351,.T.);
#2984 = FACE_BOUND('',#2985,.F.);
#2985 = EDGE_LOOP('',(#2986,#3009,#3010,#3011));
#2986 = ORIENTED_EDGE('',*,*,#2987,.F.);
#2987 = EDGE_CURVE('',#331,#2988,#2990,.T.);
#2988 = VERTEX_POINT('',#2989);
#2989 = CARTESIAN_POINT('',(358.6125,3.845203567876,20.815965255582));
#2990 = SURFACE_CURVE('',#2991,(#2995,#3002),.PCURVE_S1.);
#2991 = LINE('',#2992,#2993);
#2992 = CARTESIAN_POINT('',(358.6125,4.467147924319,14.898559978141));
#2993 = VECTOR('',#2994,1.);
#2994 = DIRECTION('',(0.,-0.104528463268,0.994521895368));
#2995 = PCURVE('',#351,#2996);
#2996 = DEFINITIONAL_REPRESENTATION('',(#2997),#3001);
#2997 = LINE('',#2998,#2999);
#2998 = CARTESIAN_POINT('',(-0.,0.));
#2999 = VECTOR('',#3000,1.);
#3000 = DIRECTION('',(-0.,1.));
#3001 = ( GEOMETRIC_REPRESENTATION_CONTEXT(2) 
PARAMETRIC_REPRESENTATION_CONTEXT() REPRESENTATION_CONTEXT('2D SPACE',''
  ) );
#3002 = PCURVE('',#379,#3003);
#3003 = DEFINITIONAL_REPRESENTATION('',(#3004),#3008);
#3004 = LINE('',#3005,#3006);
#3005 = CARTESIAN_POINT('',(0.,-6.));
#3006 = VECTOR('',#3007,1.);
#3007 = DIRECTION('',(1.,0.));
#3008 = ( GEOMETRIC_REPRESENTATION_CONTEXT(2) 
PARAMETRIC_REPRESENTATION_CONTEXT() REPRESENTATION_CONTEXT('2D SPACE',''
  ) );
#3009 = ORIENTED_EDGE('',*,*,#330,.T.);
#3010 = ORIENTED_EDGE('',*,*,#2480,.T.);
#3011 = ORIENTED_EDGE('',*,*,#3012,.F.);
#3012 = EDGE_CURVE('',#2988,#2458,#3013,.T.);
#3013 = SURFACE_CURVE('',#3014,(#3019,#3026),.PCURVE_S1.);
#3014 = CIRCLE('',#3015,6.);
#3015 = AXIS2_PLACEMENT_3D('',#3016,#3017,#3018);
#3016 = CARTESIAN_POINT('',(352.6125,3.845203567876,20.815965255582));
#3017 = DIRECTION('',(0.,0.104528463268,-0.994521895368));
#3018 = DIRECTION('',(1.,1.472188142309E-16,1.547332088646E-17));
#3019 = PCURVE('',#351,#3020);
#3020 = DEFINITIONAL_REPRESENTATION('',(#3021),#3025);
#3021 = LINE('',#3022,#3023);
#3022 = CARTESIAN_POINT('',(-0.,5.95));
#3023 = VECTOR('',#3024,1.);
#3024 = DIRECTION('',(-1.,0.));
#3025 = ( GEOMETRIC_REPRESENTATION_CONTEXT(2) 
PARAMETRIC_REPRESENTATION_CONTEXT() REPRESENTATION_CONTEXT('2D SPACE',''
  ) );
#3026 = PCURVE('',#2551,#3027);
#3027 = DEFINITIONAL_REPRESENTATION('',(#3028),#3032);
#3028 = LINE('',#3029,#3030);
#3029 = CARTESIAN_POINT('',(0.,-0.));
#3030 = VECTOR('',#3031,1.);
#3031 = DIRECTION('',(1.,-0.));
#3032 = ( GEOMETRIC_REPRESENTATION_CONTEXT(2) 
PARAMETRIC_REPRESENTATION_CONTEXT() REPRESENTATION_CONTEXT('2D SPACE',''
  ) );
#3033 = ADVANCED_FACE('',(#3034),#408,.T.);
#3034 = FACE_BOUND('',#3035,.T.);
#3035 = EDGE_LOOP('',(#3036,#3059,#3060,#3061));
#3036 = ORIENTED_EDGE('',*,*,#3037,.F.);
#3037 = EDGE_CURVE('',#364,#3038,#3040,.T.);
#3038 = VERTEX_POINT('',#3039);
#3039 = CARTESIAN_POINT('',(358.6125,149.62968190517,36.138531364829));
#3040 = SURFACE_CURVE('',#3041,(#3045,#3052),.PCURVE_S1.);
#3041 = LINE('',#3042,#3043);
#3042 = CARTESIAN_POINT('',(358.6125,150.25162626161,30.221126087388));
#3043 = VECTOR('',#3044,1.);
#3044 = DIRECTION('',(0.,-0.104528463268,0.994521895368));
#3045 = PCURVE('',#408,#3046);
#3046 = DEFINITIONAL_REPRESENTATION('',(#3047),#3051);
#3047 = LINE('',#3048,#3049);
#3048 = CARTESIAN_POINT('',(0.,0.));
#3049 = VECTOR('',#3050,1.);
#3050 = DIRECTION('',(0.,1.));
#3051 = ( GEOMETRIC_REPRESENTATION_CONTEXT(2) 
PARAMETRIC_REPRESENTATION_CONTEXT() REPRESENTATION_CONTEXT('2D SPACE',''
  ) );
#3052 = PCURVE('',#379,#3053);
#3053 = DEFINITIONAL_REPRESENTATION('',(#3054),#3058);
#3054 = LINE('',#3055,#3056);
#3055 = CARTESIAN_POINT('',(-1.7763568394E-15,-152.5875));
#3056 = VECTOR('',#3057,1.);
#3057 = DIRECTION('',(1.,0.));
#3058 = ( GEOMETRIC_REPRESENTATION_CONTEXT(2) 
PARAMETRIC_REPRESENTATION_CONTEXT() REPRESENTATION_CONTEXT('2D SPACE',''
  ) );
#3059 = ORIENTED_EDGE('',*,*,#391,.T.);
#3060 = ORIENTED_EDGE('',*,*,#2962,.T.);
#3061 = ORIENTED_EDGE('',*,*,#3062,.T.);
#3062 = EDGE_CURVE('',#2940,#3038,#3063,.T.);
#3063 = SURFACE_CURVE('',#3064,(#3069,#3076),.PCURVE_S1.);
#3064 = CIRCLE('',#3065,6.);
#3065 = AXIS2_PLACEMENT_3D('',#3066,#3067,#3068);
#3066 = CARTESIAN_POINT('',(352.6125,149.62968190517,36.138531364829));
#3067 = DIRECTION('',(0.,0.104528463268,-0.994521895368));
#3068 = DIRECTION('',(0.,0.994521895368,0.104528463268));
#3069 = PCURVE('',#408,#3070);
#3070 = DEFINITIONAL_REPRESENTATION('',(#3071),#3075);
#3071 = LINE('',#3072,#3073);
#3072 = CARTESIAN_POINT('',(1.570796326795,5.95));
#3073 = VECTOR('',#3074,1.);
#3074 = DIRECTION('',(-1.,-0.));
#3075 = ( GEOMETRIC_REPRESENTATION_CONTEXT(2) 
PARAMETRIC_REPRESENTATION_CONTEXT() REPRESENTATION_CONTEXT('2D SPACE',''
  ) );
#3076 = PCURVE('',#2612,#3077);
#3077 = DEFINITIONAL_REPRESENTATION('',(#3078),#3082);
#3078 = LINE('',#3079,#3080);
#3079 = CARTESIAN_POINT('',(0.,-0.));
#3080 = VECTOR('',#3081,1.);
#3081 = DIRECTION('',(1.,-0.));
#3082 = ( GEOMETRIC_REPRESENTATION_CONTEXT(2) 
PARAMETRIC_REPRESENTATION_CONTEXT() REPRESENTATION_CONTEXT('2D SPACE',''
  ) );
#3083 = ADVANCED_FACE('',(#3084),#379,.T.);
#3084 = FACE_BOUND('',#3085,.T.);
#3085 = EDGE_LOOP('',(#3086,#3087,#3088,#3089));
#3086 = ORIENTED_EDGE('',*,*,#2987,.F.);
#3087 = ORIENTED_EDGE('',*,*,#363,.T.);
#3088 = ORIENTED_EDGE('',*,*,#3037,.T.);
#3089 = ORIENTED_EDGE('',*,*,#3090,.T.);
#3090 = EDGE_CURVE('',#3038,#2988,#3091,.T.);
#3091 = SURFACE_CURVE('',#3092,(#3096,#3103),.PCURVE_S1.);
#3092 = LINE('',#3093,#3094);
#3093 = CARTESIAN_POINT('',(358.6125,149.62968190517,36.138531364829));
#3094 = VECTOR('',#3095,1.);
#3095 = DIRECTION('',(-0.,-0.994521895368,-0.104528463268));
#3096 = PCURVE('',#379,#3097);
#3097 = DEFINITIONAL_REPRESENTATION('',(#3098),#3102);
#3098 = LINE('',#3099,#3100);
#3099 = CARTESIAN_POINT('',(5.95,-152.5875));
#3100 = VECTOR('',#3101,1.);
#3101 = DIRECTION('',(0.,1.));
#3102 = ( GEOMETRIC_REPRESENTATION_CONTEXT(2) 
PARAMETRIC_REPRESENTATION_CONTEXT() REPRESENTATION_CONTEXT('2D SPACE',''
  ) );
#3103 = PCURVE('',#2579,#3104);
#3104 = DEFINITIONAL_REPRESENTATION('',(#3105),#3109);
#3105 = LINE('',#3106,#3107);
#3106 = CARTESIAN_POINT('',(2.227384943154E-14,-0.565685424949));
#3107 = VECTOR('',#3108,1.);
#3108 = DIRECTION('',(-1.,0.));
#3109 = ( GEOMETRIC_REPRESENTATION_CONTEXT(2) 
PARAMETRIC_REPRESENTATION_CONTEXT() REPRESENTATION_CONTEXT('2D SPACE',''
  ) );
#3110 = ADVANCED_FACE('',(#3111),#497,.F.);
#3111 = FACE_BOUND('',#3112,.T.);
#3112 = EDGE_LOOP('',(#3113,#3114,#3137,#3164));
#3113 = ORIENTED_EDGE('',*,*,#476,.T.);
#3114 = ORIENTED_EDGE('',*,*,#3115,.T.);
#3115 = EDGE_CURVE('',#477,#3116,#3118,.T.);
#3116 = VERTEX_POINT('',#3117);
#3117 = CARTESIAN_POINT('',(7.5,3.447244660296,19.818905223348));
#3118 = SEAM_CURVE('',#3119,(#3123,#3130),.PCURVE_S1.);
#3119 = LINE('',#3120,#3121);
#3120 = CARTESIAN_POINT('',(7.5,4.074415439902,13.851773851139));
#3121 = VECTOR('',#3122,1.);
#3122 = DIRECTION('',(0.,-0.104528463268,0.994521895368));
#3123 = PCURVE('',#497,#3124);
#3124 = DEFINITIONAL_REPRESENTATION('',(#3125),#3129);
#3125 = LINE('',#3126,#3127);
#3126 = CARTESIAN_POINT('',(-6.28318530718,0.));
#3127 = VECTOR('',#3128,1.);
#3128 = DIRECTION('',(-0.,-1.));
#3129 = ( GEOMETRIC_REPRESENTATION_CONTEXT(2) 
PARAMETRIC_REPRESENTATION_CONTEXT() REPRESENTATION_CONTEXT('2D SPACE',''
  ) );
#3130 = PCURVE('',#497,#3131);
#3131 = DEFINITIONAL_REPRESENTATION('',(#3132),#3136);
#3132 = LINE('',#3133,#3134);
#3133 = CARTESIAN_POINT('',(-0.,0.));
#3134 = VECTOR('',#3135,1.);
#3135 = DIRECTION('',(-0.,-1.));
#3136 = ( GEOMETRIC_REPRESENTATION_CONTEXT(2) 
PARAMETRIC_REPRESENTATION_CONTEXT() REPRESENTATION_CONTEXT('2D SPACE',''
  ) );
#3137 = ORIENTED_EDGE('',*,*,#3138,.T.);
#3138 = EDGE_CURVE('',#3116,#3116,#3139,.T.);
#3139 = SURFACE_CURVE('',#3140,(#3145,#3152),.PCURVE_S1.);
#3140 = CIRCLE('',#3141,2.);
#3141 = AXIS2_PLACEMENT_3D('',#3142,#3143,#3144);
#3142 = CARTESIAN_POINT('',(5.5,3.447244660296,19.818905223348));
#3143 = DIRECTION('',(0.,-0.104528463268,0.994521895368));
#3144 = DIRECTION('',(1.,0.,0.));
#3145 = PCURVE('',#497,#3146);
#3146 = DEFINITIONAL_REPRESENTATION('',(#3147),#3151);
#3147 = LINE('',#3148,#3149);
#3148 = CARTESIAN_POINT('',(-0.,-6.));
#3149 = VECTOR('',#3150,1.);
#3150 = DIRECTION('',(-1.,0.));
#3151 = ( GEOMETRIC_REPRESENTATION_CONTEXT(2) 
PARAMETRIC_REPRESENTATION_CONTEXT() REPRESENTATION_CONTEXT('2D SPACE',''
  ) );
#3152 = PCURVE('',#3153,#3158);
#3153 = PLANE('',#3154);
#3154 = AXIS2_PLACEMENT_3D('',#3155,#3156,#3157);
#3155 = CARTESIAN_POINT('',(5.5,3.447244660296,19.818905223348));
#3156 = DIRECTION('',(0.,-0.104528463268,0.994521895368));
#3157 = DIRECTION('',(1.,0.,0.));
#3158 = DEFINITIONAL_REPRESENTATION('',(#3159),#3163);
#3159 = CIRCLE('',#3160,2.);
#3160 = AXIS2_PLACEMENT_2D('',#3161,#3162);
#3161 = CARTESIAN_POINT('',(0.,0.));
#3162 = DIRECTION('',(1.,0.));
#3163 = ( GEOMETRIC_REPRESENTATION_CONTEXT(2) 
PARAMETRIC_REPRESENTATION_CONTEXT() REPRESENTATION_CONTEXT('2D SPACE',''
  ) );
#3164 = ORIENTED_EDGE('',*,*,#3115,.F.);
#3165 = ADVANCED_FACE('',(#3166),#532,.F.);
#3166 = FACE_BOUND('',#3167,.T.);
#3167 = EDGE_LOOP('',(#3168,#3169,#3192,#3219));
#3168 = ORIENTED_EDGE('',*,*,#511,.T.);
#3169 = ORIENTED_EDGE('',*,*,#3170,.T.);
#3170 = EDGE_CURVE('',#512,#3171,#3173,.T.);
#3171 = VERTEX_POINT('',#3172);
#3172 = CARTESIAN_POINT('',(116.60625,3.447244660296,19.818905223348));
#3173 = SEAM_CURVE('',#3174,(#3178,#3185),.PCURVE_S1.);
#3174 = LINE('',#3175,#3176);
#3175 = CARTESIAN_POINT('',(116.60625,4.074415439902,13.851773851139));
#3176 = VECTOR('',#3177,1.);
#3177 = DIRECTION('',(0.,-0.104528463268,0.994521895368));
#3178 = PCURVE('',#532,#3179);
#3179 = DEFINITIONAL_REPRESENTATION('',(#3180),#3184);
#3180 = LINE('',#3181,#3182);
#3181 = CARTESIAN_POINT('',(-6.28318530718,0.));
#3182 = VECTOR('',#3183,1.);
#3183 = DIRECTION('',(-0.,-1.));
#3184 = ( GEOMETRIC_REPRESENTATION_CONTEXT(2) 
PARAMETRIC_REPRESENTATION_CONTEXT() REPRESENTATION_CONTEXT('2D SPACE',''
  ) );
#3185 = PCURVE('',#532,#3186);
#3186 = DEFINITIONAL_REPRESENTATION('',(#3187),#3191);
#3187 = LINE('',#3188,#3189);
#3188 = CARTESIAN_POINT('',(-0.,0.));
#3189 = VECTOR('',#3190,1.);
#3190 = DIRECTION('',(-0.,-1.));
#3191 = ( GEOMETRIC_REPRESENTATION_CONTEXT(2) 
PARAMETRIC_REPRESENTATION_CONTEXT() REPRESENTATION_CONTEXT('2D SPACE',''
  ) );
#3192 = ORIENTED_EDGE('',*,*,#3193,.T.);
#3193 = EDGE_CURVE('',#3171,#3171,#3194,.T.);
#3194 = SURFACE_CURVE('',#3195,(#3200,#3207),.PCURVE_S1.);
#3195 = CIRCLE('',#3196,2.);
#3196 = AXIS2_PLACEMENT_3D('',#3197,#3198,#3199);
#3197 = CARTESIAN_POINT('',(114.60625,3.447244660296,19.818905223348));
#3198 = DIRECTION('',(0.,-0.104528463268,0.994521895368));
#3199 = DIRECTION('',(1.,0.,0.));
#3200 = PCURVE('',#532,#3201);
#3201 = DEFINITIONAL_REPRESENTATION('',(#3202),#3206);
#3202 = LINE('',#3203,#3204);
#3203 = CARTESIAN_POINT('',(-0.,-6.));
#3204 = VECTOR('',#3205,1.);
#3205 = DIRECTION('',(-1.,0.));
#3206 = ( GEOMETRIC_REPRESENTATION_CONTEXT(2) 
PARAMETRIC_REPRESENTATION_CONTEXT() REPRESENTATION_CONTEXT('2D SPACE',''
  ) );
#3207 = PCURVE('',#3208,#3213);
#3208 = PLANE('',#3209);
#3209 = AXIS2_PLACEMENT_3D('',#3210,#3211,#3212);
#3210 = CARTESIAN_POINT('',(114.60625,3.447244660296,19.818905223348));
#3211 = DIRECTION('',(0.,-0.104528463268,0.994521895368));
#3212 = DIRECTION('',(1.,0.,0.));
#3213 = DEFINITIONAL_REPRESENTATION('',(#3214),#3218);
#3214 = CIRCLE('',#3215,2.);
#3215 = AXIS2_PLACEMENT_2D('',#3216,#3217);
#3216 = CARTESIAN_POINT('',(0.,0.));
#3217 = DIRECTION('',(1.,0.));
#3218 = ( GEOMETRIC_REPRESENTATION_CONTEXT(2) 
PARAMETRIC_REPRESENTATION_CONTEXT() REPRESENTATION_CONTEXT('2D SPACE',''
  ) );
#3219 = ORIENTED_EDGE('',*,*,#3170,.F.);
#3220 = ADVANCED_FACE('',(#3221),#567,.F.);
#3221 = FACE_BOUND('',#3222,.T.);
#3222 = EDGE_LOOP('',(#3223,#3224,#3247,#3274));
#3223 = ORIENTED_EDGE('',*,*,#546,.T.);
#3224 = ORIENTED_EDGE('',*,*,#3225,.T.);
#3225 = EDGE_CURVE('',#547,#3226,#3228,.T.);
#3226 = VERTEX_POINT('',#3227);
#3227 = CARTESIAN_POINT('',(246.00625,3.447244660296,19.818905223348));
#3228 = SEAM_CURVE('',#3229,(#3233,#3240),.PCURVE_S1.);
#3229 = LINE('',#3230,#3231);
#3230 = CARTESIAN_POINT('',(246.00625,4.074415439902,13.851773851139));
#3231 = VECTOR('',#3232,1.);
#3232 = DIRECTION('',(0.,-0.104528463268,0.994521895368));
#3233 = PCURVE('',#567,#3234);
#3234 = DEFINITIONAL_REPRESENTATION('',(#3235),#3239);
#3235 = LINE('',#3236,#3237);
#3236 = CARTESIAN_POINT('',(-6.28318530718,0.));
#3237 = VECTOR('',#3238,1.);
#3238 = DIRECTION('',(-0.,-1.));
#3239 = ( GEOMETRIC_REPRESENTATION_CONTEXT(2) 
PARAMETRIC_REPRESENTATION_CONTEXT() REPRESENTATION_CONTEXT('2D SPACE',''
  ) );
#3240 = PCURVE('',#567,#3241);
#3241 = DEFINITIONAL_REPRESENTATION('',(#3242),#3246);
#3242 = LINE('',#3243,#3244);
#3243 = CARTESIAN_POINT('',(-0.,0.));
#3244 = VECTOR('',#3245,1.);
#3245 = DIRECTION('',(-0.,-1.));
#3246 = ( GEOMETRIC_REPRESENTATION_CONTEXT(2) 
PARAMETRIC_REPRESENTATION_CONTEXT() REPRESENTATION_CONTEXT('2D SPACE',''
  ) );
#3247 = ORIENTED_EDGE('',*,*,#3248,.T.);
#3248 = EDGE_CURVE('',#3226,#3226,#3249,.T.);
#3249 = SURFACE_CURVE('',#3250,(#3255,#3262),.PCURVE_S1.);
#3250 = CIRCLE('',#3251,2.);
#3251 = AXIS2_PLACEMENT_3D('',#3252,#3253,#3254);
#3252 = CARTESIAN_POINT('',(244.00625,3.447244660296,19.818905223348));
#3253 = DIRECTION('',(0.,-0.104528463268,0.994521895368));
#3254 = DIRECTION('',(1.,0.,0.));
#3255 = PCURVE('',#567,#3256);
#3256 = DEFINITIONAL_REPRESENTATION('',(#3257),#3261);
#3257 = LINE('',#3258,#3259);
#3258 = CARTESIAN_POINT('',(-0.,-6.));
#3259 = VECTOR('',#3260,1.);
#3260 = DIRECTION('',(-1.,0.));
#3261 = ( GEOMETRIC_REPRESENTATION_CONTEXT(2) 
PARAMETRIC_REPRESENTATION_CONTEXT() REPRESENTATION_CONTEXT('2D SPACE',''
  ) );
#3262 = PCURVE('',#3263,#3268);
#3263 = PLANE('',#3264);
#3264 = AXIS2_PLACEMENT_3D('',#3265,#3266,#3267);
#3265 = CARTESIAN_POINT('',(244.00625,3.447244660296,19.818905223348));
#3266 = DIRECTION('',(0.,-0.104528463268,0.994521895368));
#3267 = DIRECTION('',(1.,0.,0.));
#3268 = DEFINITIONAL_REPRESENTATION('',(#3269),#3273);
#3269 = CIRCLE('',#3270,2.);
#3270 = AXIS2_PLACEMENT_2D('',#3271,#3272);
#3271 = CARTESIAN_POINT('',(0.,0.));
#3272 = DIRECTION('',(1.,0.));
#3273 = ( GEOMETRIC_REPRESENTATION_CONTEXT(2) 
PARAMETRIC_REPRESENTATION_CONTEXT() REPRESENTATION_CONTEXT('2D SPACE',''
  ) );
#3274 = ORIENTED_EDGE('',*,*,#3225,.F.);
#3275 = ADVANCED_FACE('',(#3276),#602,.F.);
#3276 = FACE_BOUND('',#3277,.T.);
#3277 = EDGE_LOOP('',(#3278,#3279,#3302,#3329));
#3278 = ORIENTED_EDGE('',*,*,#581,.T.);
#3279 = ORIENTED_EDGE('',*,*,#3280,.T.);
#3280 = EDGE_CURVE('',#582,#3281,#3283,.T.);
#3281 = VERTEX_POINT('',#3282);
#3282 = CARTESIAN_POINT('',(355.1125,3.447244660296,19.818905223348));
#3283 = SEAM_CURVE('',#3284,(#3288,#3295),.PCURVE_S1.);
#3284 = LINE('',#3285,#3286);
#3285 = CARTESIAN_POINT('',(355.1125,4.074415439902,13.851773851139));
#3286 = VECTOR('',#3287,1.);
#3287 = DIRECTION('',(0.,-0.104528463268,0.994521895368));
#3288 = PCURVE('',#602,#3289);
#3289 = DEFINITIONAL_REPRESENTATION('',(#3290),#3294);
#3290 = LINE('',#3291,#3292);
#3291 = CARTESIAN_POINT('',(-6.28318530718,0.));
#3292 = VECTOR('',#3293,1.);
#3293 = DIRECTION('',(-0.,-1.));
#3294 = ( GEOMETRIC_REPRESENTATION_CONTEXT(2) 
PARAMETRIC_REPRESENTATION_CONTEXT() REPRESENTATION_CONTEXT('2D SPACE',''
  ) );
#3295 = PCURVE('',#602,#3296);
#3296 = DEFINITIONAL_REPRESENTATION('',(#3297),#3301);
#3297 = LINE('',#3298,#3299);
#3298 = CARTESIAN_POINT('',(-0.,0.));
#3299 = VECTOR('',#3300,1.);
#3300 = DIRECTION('',(-0.,-1.));
#3301 = ( GEOMETRIC_REPRESENTATION_CONTEXT(2) 
PARAMETRIC_REPRESENTATION_CONTEXT() REPRESENTATION_CONTEXT('2D SPACE',''
  ) );
#3302 = ORIENTED_EDGE('',*,*,#3303,.T.);
#3303 = EDGE_CURVE('',#3281,#3281,#3304,.T.);
#3304 = SURFACE_CURVE('',#3305,(#3310,#3317),.PCURVE_S1.);
#3305 = CIRCLE('',#3306,2.);
#3306 = AXIS2_PLACEMENT_3D('',#3307,#3308,#3309);
#3307 = CARTESIAN_POINT('',(353.1125,3.447244660296,19.818905223348));
#3308 = DIRECTION('',(0.,-0.104528463268,0.994521895368));
#3309 = DIRECTION('',(1.,0.,0.));
#3310 = PCURVE('',#602,#3311);
#3311 = DEFINITIONAL_REPRESENTATION('',(#3312),#3316);
#3312 = LINE('',#3313,#3314);
#3313 = CARTESIAN_POINT('',(-0.,-6.));
#3314 = VECTOR('',#3315,1.);
#3315 = DIRECTION('',(-1.,0.));
#3316 = ( GEOMETRIC_REPRESENTATION_CONTEXT(2) 
PARAMETRIC_REPRESENTATION_CONTEXT() REPRESENTATION_CONTEXT('2D SPACE',''
  ) );
#3317 = PCURVE('',#3318,#3323);
#3318 = PLANE('',#3319);
#3319 = AXIS2_PLACEMENT_3D('',#3320,#3321,#3322);
#3320 = CARTESIAN_POINT('',(353.1125,3.447244660296,19.818905223348));
#3321 = DIRECTION('',(0.,-0.104528463268,0.994521895368));
#3322 = DIRECTION('',(1.,0.,0.));
#3323 = DEFINITIONAL_REPRESENTATION('',(#3324),#3328);
#3324 = CIRCLE('',#3325,2.);
#3325 = AXIS2_PLACEMENT_2D('',#3326,#3327);
#3326 = CARTESIAN_POINT('',(0.,0.));
#3327 = DIRECTION('',(1.,0.));
#3328 = ( GEOMETRIC_REPRESENTATION_CONTEXT(2) 
PARAMETRIC_REPRESENTATION_CONTEXT() REPRESENTATION_CONTEXT('2D SPACE',''
  ) );
#3329 = ORIENTED_EDGE('',*,*,#3280,.F.);
#3330 = ADVANCED_FACE('',(#3331),#637,.F.);
#3331 = FACE_BOUND('',#3332,.T.);
#3332 = EDGE_LOOP('',(#3333,#3334,#3357,#3384));
#3333 = ORIENTED_EDGE('',*,*,#616,.T.);
#3334 = ORIENTED_EDGE('',*,*,#3335,.T.);
#3335 = EDGE_CURVE('',#617,#3336,#3338,.T.);
#3336 = VERTEX_POINT('',#3337);
#3337 = CARTESIAN_POINT('',(7.5,150.22624489296,35.245999795863));
#3338 = SEAM_CURVE('',#3339,(#3343,#3350),.PCURVE_S1.);
#3339 = LINE('',#3340,#3341);
#3340 = CARTESIAN_POINT('',(7.5,150.85341567256,29.278868423653));
#3341 = VECTOR('',#3342,1.);
#3342 = DIRECTION('',(0.,-0.104528463268,0.994521895368));
#3343 = PCURVE('',#637,#3344);
#3344 = DEFINITIONAL_REPRESENTATION('',(#3345),#3349);
#3345 = LINE('',#3346,#3347);
#3346 = CARTESIAN_POINT('',(-6.28318530718,0.));
#3347 = VECTOR('',#3348,1.);
#3348 = DIRECTION('',(-0.,-1.));
#3349 = ( GEOMETRIC_REPRESENTATION_CONTEXT(2) 
PARAMETRIC_REPRESENTATION_CONTEXT() REPRESENTATION_CONTEXT('2D SPACE',''
  ) );
#3350 = PCURVE('',#637,#3351);
#3351 = DEFINITIONAL_REPRESENTATION('',(#3352),#3356);
#3352 = LINE('',#3353,#3354);
#3353 = CARTESIAN_POINT('',(-0.,0.));
#3354 = VECTOR('',#3355,1.);
#3355 = DIRECTION('',(-0.,-1.));
#3356 = ( GEOMETRIC_REPRESENTATION_CONTEXT(2) 
PARAMETRIC_REPRESENTATION_CONTEXT() REPRESENTATION_CONTEXT('2D SPACE',''
  ) );
#3357 = ORIENTED_EDGE('',*,*,#3358,.T.);
#3358 = EDGE_CURVE('',#3336,#3336,#3359,.T.);
#3359 = SURFACE_CURVE('',#3360,(#3365,#3372),.PCURVE_S1.);
#3360 = CIRCLE('',#3361,2.);
#3361 = AXIS2_PLACEMENT_3D('',#3362,#3363,#3364);
#3362 = CARTESIAN_POINT('',(5.5,150.22624489296,35.245999795863));
#3363 = DIRECTION('',(0.,-0.104528463268,0.994521895368));
#3364 = DIRECTION('',(1.,0.,0.));
#3365 = PCURVE('',#637,#3366);
#3366 = DEFINITIONAL_REPRESENTATION('',(#3367),#3371);
#3367 = LINE('',#3368,#3369);
#3368 = CARTESIAN_POINT('',(-0.,-6.));
#3369 = VECTOR('',#3370,1.);
#3370 = DIRECTION('',(-1.,0.));
#3371 = ( GEOMETRIC_REPRESENTATION_CONTEXT(2) 
PARAMETRIC_REPRESENTATION_CONTEXT() REPRESENTATION_CONTEXT('2D SPACE',''
  ) );
#3372 = PCURVE('',#3373,#3378);
#3373 = PLANE('',#3374);
#3374 = AXIS2_PLACEMENT_3D('',#3375,#3376,#3377);
#3375 = CARTESIAN_POINT('',(5.5,150.22624489296,35.245999795863));
#3376 = DIRECTION('',(0.,-0.104528463268,0.994521895368));
#3377 = DIRECTION('',(1.,0.,0.));
#3378 = DEFINITIONAL_REPRESENTATION('',(#3379),#3383);
#3379 = CIRCLE('',#3380,2.);
#3380 = AXIS2_PLACEMENT_2D('',#3381,#3382);
#3381 = CARTESIAN_POINT('',(0.,0.));
#3382 = DIRECTION('',(1.,0.));
#3383 = ( GEOMETRIC_REPRESENTATION_CONTEXT(2) 
PARAMETRIC_REPRESENTATION_CONTEXT() REPRESENTATION_CONTEXT('2D SPACE',''
  ) );
#3384 = ORIENTED_EDGE('',*,*,#3335,.F.);
#3385 = ADVANCED_FACE('',(#3386),#672,.F.);
#3386 = FACE_BOUND('',#3387,.T.);
#3387 = EDGE_LOOP('',(#3388,#3389,#3412,#3439));
#3388 = ORIENTED_EDGE('',*,*,#651,.T.);
#3389 = ORIENTED_EDGE('',*,*,#3390,.T.);
#3390 = EDGE_CURVE('',#652,#3391,#3393,.T.);
#3391 = VERTEX_POINT('',#3392);
#3392 = CARTESIAN_POINT('',(116.60625,150.22624489296,35.245999795863));
#3393 = SEAM_CURVE('',#3394,(#3398,#3405),.PCURVE_S1.);
#3394 = LINE('',#3395,#3396);
#3395 = CARTESIAN_POINT('',(116.60625,150.85341567256,29.278868423653));
#3396 = VECTOR('',#3397,1.);
#3397 = DIRECTION('',(0.,-0.104528463268,0.994521895368));
#3398 = PCURVE('',#672,#3399);
#3399 = DEFINITIONAL_REPRESENTATION('',(#3400),#3404);
#3400 = LINE('',#3401,#3402);
#3401 = CARTESIAN_POINT('',(-6.28318530718,0.));
#3402 = VECTOR('',#3403,1.);
#3403 = DIRECTION('',(-0.,-1.));
#3404 = ( GEOMETRIC_REPRESENTATION_CONTEXT(2) 
PARAMETRIC_REPRESENTATION_CONTEXT() REPRESENTATION_CONTEXT('2D SPACE',''
  ) );
#3405 = PCURVE('',#672,#3406);
#3406 = DEFINITIONAL_REPRESENTATION('',(#3407),#3411);
#3407 = LINE('',#3408,#3409);
#3408 = CARTESIAN_POINT('',(-0.,0.));
#3409 = VECTOR('',#3410,1.);
#3410 = DIRECTION('',(-0.,-1.));
#3411 = ( GEOMETRIC_REPRESENTATION_CONTEXT(2) 
PARAMETRIC_REPRESENTATION_CONTEXT() REPRESENTATION_CONTEXT('2D SPACE',''
  ) );
#3412 = ORIENTED_EDGE('',*,*,#3413,.T.);
#3413 = EDGE_CURVE('',#3391,#3391,#3414,.T.);
#3414 = SURFACE_CURVE('',#3415,(#3420,#3427),.PCURVE_S1.);
#3415 = CIRCLE('',#3416,2.);
#3416 = AXIS2_PLACEMENT_3D('',#3417,#3418,#3419);
#3417 = CARTESIAN_POINT('',(114.60625,150.22624489296,35.245999795863));
#3418 = DIRECTION('',(0.,-0.104528463268,0.994521895368));
#3419 = DIRECTION('',(1.,0.,0.));
#3420 = PCURVE('',#672,#3421);
#3421 = DEFINITIONAL_REPRESENTATION('',(#3422),#3426);
#3422 = LINE('',#3423,#3424);
#3423 = CARTESIAN_POINT('',(-0.,-6.));
#3424 = VECTOR('',#3425,1.);
#3425 = DIRECTION('',(-1.,0.));
#3426 = ( GEOMETRIC_REPRESENTATION_CONTEXT(2) 
PARAMETRIC_REPRESENTATION_CONTEXT() REPRESENTATION_CONTEXT('2D SPACE',''
  ) );
#3427 = PCURVE('',#3428,#3433);
#3428 = PLANE('',#3429);
#3429 = AXIS2_PLACEMENT_3D('',#3430,#3431,#3432);
#3430 = CARTESIAN_POINT('',(114.60625,150.22624489296,35.245999795863));
#3431 = DIRECTION('',(0.,-0.104528463268,0.994521895368));
#3432 = DIRECTION('',(1.,0.,0.));
#3433 = DEFINITIONAL_REPRESENTATION('',(#3434),#3438);
#3434 = CIRCLE('',#3435,2.);
#3435 = AXIS2_PLACEMENT_2D('',#3436,#3437);
#3436 = CARTESIAN_POINT('',(0.,0.));
#3437 = DIRECTION('',(1.,0.));
#3438 = ( GEOMETRIC_REPRESENTATION_CONTEXT(2) 
PARAMETRIC_REPRESENTATION_CONTEXT() REPRESENTATION_CONTEXT('2D SPACE',''
  ) );
#3439 = ORIENTED_EDGE('',*,*,#3390,.F.);
#3440 = ADVANCED_FACE('',(#3441),#705,.F.);
#3441 = FACE_BOUND('',#3442,.F.);
#3442 = EDGE_LOOP('',(#3443,#3466,#3467,#3490));
#3443 = ORIENTED_EDGE('',*,*,#3444,.F.);
#3444 = EDGE_CURVE('',#687,#3445,#3447,.T.);
#3445 = VERTEX_POINT('',#3446);
#3446 = CARTESIAN_POINT('',(11.,11.245876381178,17.370672537909));
#3447 = SURFACE_CURVE('',#3448,(#3452,#3459),.PCURVE_S1.);
#3448 = LINE('',#3449,#3450);
#3449 = CARTESIAN_POINT('',(11.,11.533329655164,14.635737325646));
#3450 = VECTOR('',#3451,1.);
#3451 = DIRECTION('',(0.,-0.104528463268,0.994521895368));
#3452 = PCURVE('',#705,#3453);
#3453 = DEFINITIONAL_REPRESENTATION('',(#3454),#3458);
#3454 = LINE('',#3455,#3456);
#3455 = CARTESIAN_POINT('',(0.,0.));
#3456 = VECTOR('',#3457,1.);
#3457 = DIRECTION('',(0.,1.));
#3458 = ( GEOMETRIC_REPRESENTATION_CONTEXT(2) 
PARAMETRIC_REPRESENTATION_CONTEXT() REPRESENTATION_CONTEXT('2D SPACE',''
  ) );
#3459 = PCURVE('',#733,#3460);
#3460 = DEFINITIONAL_REPRESENTATION('',(#3461),#3465);
#3461 = LINE('',#3462,#3463);
#3462 = CARTESIAN_POINT('',(4.996003610813E-16,-2.));
#3463 = VECTOR('',#3464,1.);
#3464 = DIRECTION('',(1.,0.));
#3465 = ( GEOMETRIC_REPRESENTATION_CONTEXT(2) 
PARAMETRIC_REPRESENTATION_CONTEXT() REPRESENTATION_CONTEXT('2D SPACE',''
  ) );
#3466 = ORIENTED_EDGE('',*,*,#686,.T.);
#3467 = ORIENTED_EDGE('',*,*,#3468,.T.);
#3468 = EDGE_CURVE('',#689,#3469,#3471,.T.);
#3469 = VERTEX_POINT('',#3470);
#3470 = CARTESIAN_POINT('',(13.,9.256832590442,17.161615611373));
#3471 = SURFACE_CURVE('',#3472,(#3476,#3483),.PCURVE_S1.);
#3472 = LINE('',#3473,#3474);
#3473 = CARTESIAN_POINT('',(13.,9.544285864428,14.426680399111));
#3474 = VECTOR('',#3475,1.);
#3475 = DIRECTION('',(0.,-0.104528463268,0.994521895368));
#3476 = PCURVE('',#705,#3477);
#3477 = DEFINITIONAL_REPRESENTATION('',(#3478),#3482);
#3478 = LINE('',#3479,#3480);
#3479 = CARTESIAN_POINT('',(1.570796326795,0.));
#3480 = VECTOR('',#3481,1.);
#3481 = DIRECTION('',(0.,1.));
#3482 = ( GEOMETRIC_REPRESENTATION_CONTEXT(2) 
PARAMETRIC_REPRESENTATION_CONTEXT() REPRESENTATION_CONTEXT('2D SPACE',''
  ) );
#3483 = PCURVE('',#2262,#3484);
#3484 = DEFINITIONAL_REPRESENTATION('',(#3485),#3489);
#3485 = LINE('',#3486,#3487);
#3486 = CARTESIAN_POINT('',(0.,2.));
#3487 = VECTOR('',#3488,1.);
#3488 = DIRECTION('',(1.,0.));
#3489 = ( GEOMETRIC_REPRESENTATION_CONTEXT(2) 
PARAMETRIC_REPRESENTATION_CONTEXT() REPRESENTATION_CONTEXT('2D SPACE',''
  ) );
#3490 = ORIENTED_EDGE('',*,*,#3491,.F.);
#3491 = EDGE_CURVE('',#3445,#3469,#3492,.T.);
#3492 = SURFACE_CURVE('',#3493,(#3498,#3505),.PCURVE_S1.);
#3493 = CIRCLE('',#3494,2.);
#3494 = AXIS2_PLACEMENT_3D('',#3495,#3496,#3497);
#3495 = CARTESIAN_POINT('',(13.,11.245876381178,17.370672537909));
#3496 = DIRECTION('',(0.,-0.104528463268,0.994521895368));
#3497 = DIRECTION('',(0.,-0.994521895368,-0.104528463268));
#3498 = PCURVE('',#705,#3499);
#3499 = DEFINITIONAL_REPRESENTATION('',(#3500),#3504);
#3500 = LINE('',#3501,#3502);
#3501 = CARTESIAN_POINT('',(-4.712388980385,2.75));
#3502 = VECTOR('',#3503,1.);
#3503 = DIRECTION('',(1.,0.));
#3504 = ( GEOMETRIC_REPRESENTATION_CONTEXT(2) 
PARAMETRIC_REPRESENTATION_CONTEXT() REPRESENTATION_CONTEXT('2D SPACE',''
  ) );
#3505 = PCURVE('',#3506,#3511);
#3506 = PLANE('',#3507);
#3507 = AXIS2_PLACEMENT_3D('',#3508,#3509,#3510);
#3508 = CARTESIAN_POINT('',(11.,9.256832590442,17.161615611373));
#3509 = DIRECTION('',(0.,-0.104528463268,0.994521895368));
#3510 = DIRECTION('',(1.,0.,0.));
#3511 = DEFINITIONAL_REPRESENTATION('',(#3512),#3516);
#3512 = CIRCLE('',#3513,2.);
#3513 = AXIS2_PLACEMENT_2D('',#3514,#3515);
#3514 = CARTESIAN_POINT('',(2.,2.));
#3515 = DIRECTION('',(0.,-1.));
#3516 = ( GEOMETRIC_REPRESENTATION_CONTEXT(2) 
PARAMETRIC_REPRESENTATION_CONTEXT() REPRESENTATION_CONTEXT('2D SPACE',''
  ) );
#3517 = ADVANCED_FACE('',(#3518),#733,.T.);
#3518 = FACE_BOUND('',#3519,.T.);
#3519 = EDGE_LOOP('',(#3520,#3543,#3544,#3545));
#3520 = ORIENTED_EDGE('',*,*,#3521,.F.);
#3521 = EDGE_CURVE('',#3445,#3522,#3524,.T.);
#3522 = VERTEX_POINT('',#3523);
#3523 = CARTESIAN_POINT('',(11.,66.733982380882,23.202707485348));
#3524 = SURFACE_CURVE('',#3525,(#3529,#3536),.PCURVE_S1.);
#3525 = LINE('',#3526,#3527);
#3526 = CARTESIAN_POINT('',(11.,9.256832590442,17.161615611373));
#3527 = VECTOR('',#3528,1.);
#3528 = DIRECTION('',(0.,0.994521895368,0.104528463268));
#3529 = PCURVE('',#733,#3530);
#3530 = DEFINITIONAL_REPRESENTATION('',(#3531),#3535);
#3531 = LINE('',#3532,#3533);
#3532 = CARTESIAN_POINT('',(2.75,-2.22044604925E-16));
#3533 = VECTOR('',#3534,1.);
#3534 = DIRECTION('',(0.,-1.));
#3535 = ( GEOMETRIC_REPRESENTATION_CONTEXT(2) 
PARAMETRIC_REPRESENTATION_CONTEXT() REPRESENTATION_CONTEXT('2D SPACE',''
  ) );
#3536 = PCURVE('',#3506,#3537);
#3537 = DEFINITIONAL_REPRESENTATION('',(#3538),#3542);
#3538 = LINE('',#3539,#3540);
#3539 = CARTESIAN_POINT('',(0.,0.));
#3540 = VECTOR('',#3541,1.);
#3541 = DIRECTION('',(0.,1.));
#3542 = ( GEOMETRIC_REPRESENTATION_CONTEXT(2) 
PARAMETRIC_REPRESENTATION_CONTEXT() REPRESENTATION_CONTEXT('2D SPACE',''
  ) );
#3543 = ORIENTED_EDGE('',*,*,#3444,.F.);
#3544 = ORIENTED_EDGE('',*,*,#717,.T.);
#3545 = ORIENTED_EDGE('',*,*,#3546,.T.);
#3546 = EDGE_CURVE('',#718,#3522,#3547,.T.);
#3547 = SURFACE_CURVE('',#3548,(#3552,#3559),.PCURVE_S1.);
#3548 = LINE('',#3549,#3550);
#3549 = CARTESIAN_POINT('',(11.,67.021435654868,20.467772273086));
#3550 = VECTOR('',#3551,1.);
#3551 = DIRECTION('',(0.,-0.104528463268,0.994521895368));
#3552 = PCURVE('',#733,#3553);
#3553 = DEFINITIONAL_REPRESENTATION('',(#3554),#3558);
#3554 = LINE('',#3555,#3556);
#3555 = CARTESIAN_POINT('',(-8.881784197001E-16,-57.79375));
#3556 = VECTOR('',#3557,1.);
#3557 = DIRECTION('',(1.,0.));
#3558 = ( GEOMETRIC_REPRESENTATION_CONTEXT(2) 
PARAMETRIC_REPRESENTATION_CONTEXT() REPRESENTATION_CONTEXT('2D SPACE',''
  ) );
#3559 = PCURVE('',#761,#3560);
#3560 = DEFINITIONAL_REPRESENTATION('',(#3561),#3565);
#3561 = LINE('',#3562,#3563);
#3562 = CARTESIAN_POINT('',(0.,5.));
#3563 = VECTOR('',#3564,1.);
#3564 = DIRECTION('',(1.,0.));
#3565 = ( GEOMETRIC_REPRESENTATION_CONTEXT(2) 
PARAMETRIC_REPRESENTATION_CONTEXT() REPRESENTATION_CONTEXT('2D SPACE',''
  ) );
#3566 = ADVANCED_FACE('',(#3567),#2262,.T.);
#3567 = FACE_BOUND('',#3568,.T.);
#3568 = EDGE_LOOP('',(#3569,#3592,#3593,#3594));
#3569 = ORIENTED_EDGE('',*,*,#3570,.T.);
#3570 = EDGE_CURVE('',#3571,#2221,#3573,.T.);
#3571 = VERTEX_POINT('',#3572);
#3572 = CARTESIAN_POINT('',(59.5,9.256832590442,17.161615611373));
#3573 = SURFACE_CURVE('',#3574,(#3578,#3585),.PCURVE_S1.);
#3574 = LINE('',#3575,#3576);
#3575 = CARTESIAN_POINT('',(59.5,9.544285864428,14.426680399111));
#3576 = VECTOR('',#3577,1.);
#3577 = DIRECTION('',(0.,0.104528463268,-0.994521895368));
#3578 = PCURVE('',#2262,#3579);
#3579 = DEFINITIONAL_REPRESENTATION('',(#3580),#3584);
#3580 = LINE('',#3581,#3582);
#3581 = CARTESIAN_POINT('',(0.,48.5));
#3582 = VECTOR('',#3583,1.);
#3583 = DIRECTION('',(-1.,0.));
#3584 = ( GEOMETRIC_REPRESENTATION_CONTEXT(2) 
PARAMETRIC_REPRESENTATION_CONTEXT() REPRESENTATION_CONTEXT('2D SPACE',''
  ) );
#3585 = PCURVE('',#2236,#3586);
#3586 = DEFINITIONAL_REPRESENTATION('',(#3587),#3591);
#3587 = LINE('',#3588,#3589);
#3588 = CARTESIAN_POINT('',(-5.551115123126E-16,-5.));
#3589 = VECTOR('',#3590,1.);
#3590 = DIRECTION('',(-1.,0.));
#3591 = ( GEOMETRIC_REPRESENTATION_CONTEXT(2) 
PARAMETRIC_REPRESENTATION_CONTEXT() REPRESENTATION_CONTEXT('2D SPACE',''
  ) );
#3592 = ORIENTED_EDGE('',*,*,#2248,.T.);
#3593 = ORIENTED_EDGE('',*,*,#3468,.T.);
#3594 = ORIENTED_EDGE('',*,*,#3595,.T.);
#3595 = EDGE_CURVE('',#3469,#3571,#3596,.T.);
#3596 = SURFACE_CURVE('',#3597,(#3601,#3608),.PCURVE_S1.);
#3597 = LINE('',#3598,#3599);
#3598 = CARTESIAN_POINT('',(11.,9.256832590442,17.161615611373));
#3599 = VECTOR('',#3600,1.);
#3600 = DIRECTION('',(1.,0.,0.));
#3601 = PCURVE('',#2262,#3602);
#3602 = DEFINITIONAL_REPRESENTATION('',(#3603),#3607);
#3603 = LINE('',#3604,#3605);
#3604 = CARTESIAN_POINT('',(2.75,0.));
#3605 = VECTOR('',#3606,1.);
#3606 = DIRECTION('',(0.,1.));
#3607 = ( GEOMETRIC_REPRESENTATION_CONTEXT(2) 
PARAMETRIC_REPRESENTATION_CONTEXT() REPRESENTATION_CONTEXT('2D SPACE',''
  ) );
#3608 = PCURVE('',#3506,#3609);
#3609 = DEFINITIONAL_REPRESENTATION('',(#3610),#3614);
#3610 = LINE('',#3611,#3612);
#3611 = CARTESIAN_POINT('',(0.,0.));
#3612 = VECTOR('',#3613,1.);
#3613 = DIRECTION('',(1.,0.));
#3614 = ( GEOMETRIC_REPRESENTATION_CONTEXT(2) 
PARAMETRIC_REPRESENTATION_CONTEXT() REPRESENTATION_CONTEXT('2D SPACE',''
  ) );
#3615 = ADVANCED_FACE('',(#3616),#761,.T.);
#3616 = FACE_BOUND('',#3617,.T.);
#3617 = EDGE_LOOP('',(#3618,#3619,#3642,#3670,#3698,#3719));
#3618 = ORIENTED_EDGE('',*,*,#745,.T.);
#3619 = ORIENTED_EDGE('',*,*,#3620,.T.);
#3620 = EDGE_CURVE('',#746,#3621,#3623,.T.);
#3621 = VERTEX_POINT('',#3622);
#3622 = CARTESIAN_POINT('',(6.5,66.671265302921,23.799420622569));
#3623 = SURFACE_CURVE('',#3624,(#3628,#3635),.PCURVE_S1.);
#3624 = LINE('',#3625,#3626);
#3625 = CARTESIAN_POINT('',(6.5,67.021435654868,20.467772273086));
#3626 = VECTOR('',#3627,1.);
#3627 = DIRECTION('',(0.,-0.104528463268,0.994521895368));
#3628 = PCURVE('',#761,#3629);
#3629 = DEFINITIONAL_REPRESENTATION('',(#3630),#3634);
#3630 = LINE('',#3631,#3632);
#3631 = CARTESIAN_POINT('',(0.,0.5));
#3632 = VECTOR('',#3633,1.);
#3633 = DIRECTION('',(1.,0.));
#3634 = ( GEOMETRIC_REPRESENTATION_CONTEXT(2) 
PARAMETRIC_REPRESENTATION_CONTEXT() REPRESENTATION_CONTEXT('2D SPACE',''
  ) );
#3635 = PCURVE('',#790,#3636);
#3636 = DEFINITIONAL_REPRESENTATION('',(#3637),#3641);
#3637 = LINE('',#3638,#3639);
#3638 = CARTESIAN_POINT('',(1.570796326795,0.));
#3639 = VECTOR('',#3640,1.);
#3640 = DIRECTION('',(0.,1.));
#3641 = ( GEOMETRIC_REPRESENTATION_CONTEXT(2) 
PARAMETRIC_REPRESENTATION_CONTEXT() REPRESENTATION_CONTEXT('2D SPACE',''
  ) );
#3642 = ORIENTED_EDGE('',*,*,#3643,.T.);
#3643 = EDGE_CURVE('',#3621,#3644,#3646,.T.);
#3644 = VERTEX_POINT('',#3645);
#3645 = CARTESIAN_POINT('',(12.5,66.671265302921,23.799420622569));
#3646 = SURFACE_CURVE('',#3647,(#3651,#3658),.PCURVE_S1.);
#3647 = LINE('',#3648,#3649);
#3648 = CARTESIAN_POINT('',(6.,66.671265302921,23.799420622569));
#3649 = VECTOR('',#3650,1.);
#3650 = DIRECTION('',(1.,0.,0.));
#3651 = PCURVE('',#761,#3652);
#3652 = DEFINITIONAL_REPRESENTATION('',(#3653),#3657);
#3653 = LINE('',#3654,#3655);
#3654 = CARTESIAN_POINT('',(3.35,0.));
#3655 = VECTOR('',#3656,1.);
#3656 = DIRECTION('',(0.,1.));
#3657 = ( GEOMETRIC_REPRESENTATION_CONTEXT(2) 
PARAMETRIC_REPRESENTATION_CONTEXT() REPRESENTATION_CONTEXT('2D SPACE',''
  ) );
#3658 = PCURVE('',#3659,#3664);
#3659 = PLANE('',#3660);
#3660 = AXIS2_PLACEMENT_3D('',#3661,#3662,#3663);
#3661 = CARTESIAN_POINT('',(6.,66.671265302921,23.799420622569));
#3662 = DIRECTION('',(0.,-0.104528463268,0.994521895368));
#3663 = DIRECTION('',(1.,0.,0.));
#3664 = DEFINITIONAL_REPRESENTATION('',(#3665),#3669);
#3665 = LINE('',#3666,#3667);
#3666 = CARTESIAN_POINT('',(0.,0.));
#3667 = VECTOR('',#3668,1.);
#3668 = DIRECTION('',(1.,0.));
#3669 = ( GEOMETRIC_REPRESENTATION_CONTEXT(2) 
PARAMETRIC_REPRESENTATION_CONTEXT() REPRESENTATION_CONTEXT('2D SPACE',''
  ) );
#3670 = ORIENTED_EDGE('',*,*,#3671,.F.);
#3671 = EDGE_CURVE('',#3672,#3644,#3674,.T.);
#3672 = VERTEX_POINT('',#3673);
#3673 = CARTESIAN_POINT('',(12.5,66.733982380882,23.202707485348));
#3674 = SURFACE_CURVE('',#3675,(#3679,#3686),.PCURVE_S1.);
#3675 = LINE('',#3676,#3677);
#3676 = CARTESIAN_POINT('',(12.5,67.021435654868,20.467772273086));
#3677 = VECTOR('',#3678,1.);
#3678 = DIRECTION('',(0.,-0.104528463268,0.994521895368));
#3679 = PCURVE('',#761,#3680);
#3680 = DEFINITIONAL_REPRESENTATION('',(#3681),#3685);
#3681 = LINE('',#3682,#3683);
#3682 = CARTESIAN_POINT('',(0.,6.5));
#3683 = VECTOR('',#3684,1.);
#3684 = DIRECTION('',(1.,0.));
#3685 = ( GEOMETRIC_REPRESENTATION_CONTEXT(2) 
PARAMETRIC_REPRESENTATION_CONTEXT() REPRESENTATION_CONTEXT('2D SPACE',''
  ) );
#3686 = PCURVE('',#3687,#3692);
#3687 = CYLINDRICAL_SURFACE('',#3688,0.5);
#3688 = AXIS2_PLACEMENT_3D('',#3689,#3690,#3691);
#3689 = CARTESIAN_POINT('',(12.5,67.518696602552,20.520036504719));
#3690 = DIRECTION('',(0.,-0.104528463268,0.994521895368));
#3691 = DIRECTION('',(1.,0.,0.));
#3692 = DEFINITIONAL_REPRESENTATION('',(#3693),#3697);
#3693 = LINE('',#3694,#3695);
#3694 = CARTESIAN_POINT('',(-1.570796326795,0.));
#3695 = VECTOR('',#3696,1.);
#3696 = DIRECTION('',(-0.,1.));
#3697 = ( GEOMETRIC_REPRESENTATION_CONTEXT(2) 
PARAMETRIC_REPRESENTATION_CONTEXT() REPRESENTATION_CONTEXT('2D SPACE',''
  ) );
#3698 = ORIENTED_EDGE('',*,*,#3699,.T.);
#3699 = EDGE_CURVE('',#3672,#3522,#3700,.T.);
#3700 = SURFACE_CURVE('',#3701,(#3705,#3712),.PCURVE_S1.);
#3701 = LINE('',#3702,#3703);
#3702 = CARTESIAN_POINT('',(8.5,66.733982380882,23.202707485348));
#3703 = VECTOR('',#3704,1.);
#3704 = DIRECTION('',(-1.,0.,0.));
#3705 = PCURVE('',#761,#3706);
#3706 = DEFINITIONAL_REPRESENTATION('',(#3707),#3711);
#3707 = LINE('',#3708,#3709);
#3708 = CARTESIAN_POINT('',(2.75,2.5));
#3709 = VECTOR('',#3710,1.);
#3710 = DIRECTION('',(0.,-1.));
#3711 = ( GEOMETRIC_REPRESENTATION_CONTEXT(2) 
PARAMETRIC_REPRESENTATION_CONTEXT() REPRESENTATION_CONTEXT('2D SPACE',''
  ) );
#3712 = PCURVE('',#3506,#3713);
#3713 = DEFINITIONAL_REPRESENTATION('',(#3714),#3718);
#3714 = LINE('',#3715,#3716);
#3715 = CARTESIAN_POINT('',(-2.5,57.79375));
#3716 = VECTOR('',#3717,1.);
#3717 = DIRECTION('',(-1.,0.));
#3718 = ( GEOMETRIC_REPRESENTATION_CONTEXT(2) 
PARAMETRIC_REPRESENTATION_CONTEXT() REPRESENTATION_CONTEXT('2D SPACE',''
  ) );
#3719 = ORIENTED_EDGE('',*,*,#3546,.F.);
#3720 = ADVANCED_FACE('',(#3721),#2236,.T.);
#3721 = FACE_BOUND('',#3722,.T.);
#3722 = EDGE_LOOP('',(#3723,#3753,#3774,#3775,#3776,#3799));
#3723 = ORIENTED_EDGE('',*,*,#3724,.F.);
#3724 = EDGE_CURVE('',#3725,#3727,#3729,.T.);
#3725 = VERTEX_POINT('',#3726);
#3726 = CARTESIAN_POINT('',(59.5,4.718766983324,17.28795066389));
#3727 = VERTEX_POINT('',#3728);
#3728 = CARTESIAN_POINT('',(59.5,10.685898355534,17.915121443496));
#3729 = SURFACE_CURVE('',#3730,(#3734,#3741),.PCURVE_S1.);
#3730 = LINE('',#3731,#3732);
#3731 = CARTESIAN_POINT('',(59.5,4.22150603564,17.235686432256));
#3732 = VECTOR('',#3733,1.);
#3733 = DIRECTION('',(0.,0.994521895368,0.104528463268));
#3734 = PCURVE('',#2236,#3735);
#3735 = DEFINITIONAL_REPRESENTATION('',(#3736),#3740);
#3736 = LINE('',#3737,#3738);
#3737 = CARTESIAN_POINT('',(3.35,-8.326672684689E-16));
#3738 = VECTOR('',#3739,1.);
#3739 = DIRECTION('',(0.,-1.));
#3740 = ( GEOMETRIC_REPRESENTATION_CONTEXT(2) 
PARAMETRIC_REPRESENTATION_CONTEXT() REPRESENTATION_CONTEXT('2D SPACE',''
  ) );
#3741 = PCURVE('',#3742,#3747);
#3742 = PLANE('',#3743);
#3743 = AXIS2_PLACEMENT_3D('',#3744,#3745,#3746);
#3744 = CARTESIAN_POINT('',(59.5,4.22150603564,17.235686432256));
#3745 = DIRECTION('',(0.,-0.104528463268,0.994521895368));
#3746 = DIRECTION('',(1.,0.,0.));
#3747 = DEFINITIONAL_REPRESENTATION('',(#3748),#3752);
#3748 = LINE('',#3749,#3750);
#3749 = CARTESIAN_POINT('',(0.,0.));
#3750 = VECTOR('',#3751,1.);
#3751 = DIRECTION('',(0.,1.));
#3752 = ( GEOMETRIC_REPRESENTATION_CONTEXT(2) 
PARAMETRIC_REPRESENTATION_CONTEXT() REPRESENTATION_CONTEXT('2D SPACE',''
  ) );
#3753 = ORIENTED_EDGE('',*,*,#3754,.F.);
#3754 = EDGE_CURVE('',#2192,#3725,#3755,.T.);
#3755 = SURFACE_CURVE('',#3756,(#3760,#3767),.PCURVE_S1.);
#3756 = LINE('',#3757,#3758);
#3757 = CARTESIAN_POINT('',(59.5,5.068937335271,13.956302314406));
#3758 = VECTOR('',#3759,1.);
#3759 = DIRECTION('',(0.,-0.104528463268,0.994521895368));
#3760 = PCURVE('',#2236,#3761);
#3761 = DEFINITIONAL_REPRESENTATION('',(#3762),#3766);
#3762 = LINE('',#3763,#3764);
#3763 = CARTESIAN_POINT('',(-8.049116928532E-16,-0.5));
#3764 = VECTOR('',#3765,1.);
#3765 = DIRECTION('',(1.,0.));
#3766 = ( GEOMETRIC_REPRESENTATION_CONTEXT(2) 
PARAMETRIC_REPRESENTATION_CONTEXT() REPRESENTATION_CONTEXT('2D SPACE',''
  ) );
#3767 = PCURVE('',#2208,#3768);
#3768 = DEFINITIONAL_REPRESENTATION('',(#3769),#3773);
#3769 = LINE('',#3770,#3771);
#3770 = CARTESIAN_POINT('',(0.,0.));
#3771 = VECTOR('',#3772,1.);
#3772 = DIRECTION('',(0.,1.));
#3773 = ( GEOMETRIC_REPRESENTATION_CONTEXT(2) 
PARAMETRIC_REPRESENTATION_CONTEXT() REPRESENTATION_CONTEXT('2D SPACE',''
  ) );
#3774 = ORIENTED_EDGE('',*,*,#2220,.T.);
#3775 = ORIENTED_EDGE('',*,*,#3570,.F.);
#3776 = ORIENTED_EDGE('',*,*,#3777,.T.);
#3777 = EDGE_CURVE('',#3571,#3778,#3780,.T.);
#3778 = VERTEX_POINT('',#3779);
#3779 = CARTESIAN_POINT('',(59.5,10.748615433494,17.318408306275));
#3780 = SURFACE_CURVE('',#3781,(#3785,#3792),.PCURVE_S1.);
#3781 = LINE('',#3782,#3783);
#3782 = CARTESIAN_POINT('',(59.5,6.770527852021,16.900294453204));
#3783 = VECTOR('',#3784,1.);
#3784 = DIRECTION('',(0.,0.994521895368,0.104528463268));
#3785 = PCURVE('',#2236,#3786);
#3786 = DEFINITIONAL_REPRESENTATION('',(#3787),#3791);
#3787 = LINE('',#3788,#3789);
#3788 = CARTESIAN_POINT('',(2.75,-2.5));
#3789 = VECTOR('',#3790,1.);
#3790 = DIRECTION('',(0.,-1.));
#3791 = ( GEOMETRIC_REPRESENTATION_CONTEXT(2) 
PARAMETRIC_REPRESENTATION_CONTEXT() REPRESENTATION_CONTEXT('2D SPACE',''
  ) );
#3792 = PCURVE('',#3506,#3793);
#3793 = DEFINITIONAL_REPRESENTATION('',(#3794),#3798);
#3794 = LINE('',#3795,#3796);
#3795 = CARTESIAN_POINT('',(48.5,-2.5));
#3796 = VECTOR('',#3797,1.);
#3797 = DIRECTION('',(0.,1.));
#3798 = ( GEOMETRIC_REPRESENTATION_CONTEXT(2) 
PARAMETRIC_REPRESENTATION_CONTEXT() REPRESENTATION_CONTEXT('2D SPACE',''
  ) );
#3799 = ORIENTED_EDGE('',*,*,#3800,.T.);
#3800 = EDGE_CURVE('',#3778,#3727,#3801,.T.);
#3801 = SURFACE_CURVE('',#3802,(#3806,#3813),.PCURVE_S1.);
#3802 = LINE('',#3803,#3804);
#3803 = CARTESIAN_POINT('',(59.5,11.03606870748,14.583473094012));
#3804 = VECTOR('',#3805,1.);
#3805 = DIRECTION('',(0.,-0.104528463268,0.994521895368));
#3806 = PCURVE('',#2236,#3807);
#3807 = DEFINITIONAL_REPRESENTATION('',(#3808),#3812);
#3808 = LINE('',#3809,#3810);
#3809 = CARTESIAN_POINT('',(6.661338147751E-16,-6.5));
#3810 = VECTOR('',#3811,1.);
#3811 = DIRECTION('',(1.,0.));
#3812 = ( GEOMETRIC_REPRESENTATION_CONTEXT(2) 
PARAMETRIC_REPRESENTATION_CONTEXT() REPRESENTATION_CONTEXT('2D SPACE',''
  ) );
#3813 = PCURVE('',#3814,#3819);
#3814 = CYLINDRICAL_SURFACE('',#3815,0.5);
#3815 = AXIS2_PLACEMENT_3D('',#3816,#3817,#3818);
#3816 = CARTESIAN_POINT('',(60.,11.03606870748,14.583473094012));
#3817 = DIRECTION('',(0.,-0.104528463268,0.994521895368));
#3818 = DIRECTION('',(-1.,-0.,0.));
#3819 = DEFINITIONAL_REPRESENTATION('',(#3820),#3824);
#3820 = LINE('',#3821,#3822);
#3821 = CARTESIAN_POINT('',(-0.,0.));
#3822 = VECTOR('',#3823,1.);
#3823 = DIRECTION('',(-0.,1.));
#3824 = ( GEOMETRIC_REPRESENTATION_CONTEXT(2) 
PARAMETRIC_REPRESENTATION_CONTEXT() REPRESENTATION_CONTEXT('2D SPACE',''
  ) );
#3825 = ADVANCED_FACE('',(#3826),#790,.F.);
#3826 = FACE_BOUND('',#3827,.F.);
#3827 = EDGE_LOOP('',(#3828,#3851,#3852,#3853));
#3828 = ORIENTED_EDGE('',*,*,#3829,.F.);
#3829 = EDGE_CURVE('',#774,#3830,#3832,.T.);
#3830 = VERTEX_POINT('',#3831);
#3831 = CARTESIAN_POINT('',(6.,67.168526250605,23.851684854203));
#3832 = SURFACE_CURVE('',#3833,(#3837,#3844),.PCURVE_S1.);
#3833 = LINE('',#3834,#3835);
#3834 = CARTESIAN_POINT('',(6.,67.518696602552,20.520036504719));
#3835 = VECTOR('',#3836,1.);
#3836 = DIRECTION('',(0.,-0.104528463268,0.994521895368));
#3837 = PCURVE('',#790,#3838);
#3838 = DEFINITIONAL_REPRESENTATION('',(#3839),#3843);
#3839 = LINE('',#3840,#3841);
#3840 = CARTESIAN_POINT('',(0.,0.));
#3841 = VECTOR('',#3842,1.);
#3842 = DIRECTION('',(0.,1.));
#3843 = ( GEOMETRIC_REPRESENTATION_CONTEXT(2) 
PARAMETRIC_REPRESENTATION_CONTEXT() REPRESENTATION_CONTEXT('2D SPACE',''
  ) );
#3844 = PCURVE('',#818,#3845);
#3845 = DEFINITIONAL_REPRESENTATION('',(#3846),#3850);
#3846 = LINE('',#3847,#3848);
#3847 = CARTESIAN_POINT('',(6.800116025829E-16,-0.5));
#3848 = VECTOR('',#3849,1.);
#3849 = DIRECTION('',(1.,0.));
#3850 = ( GEOMETRIC_REPRESENTATION_CONTEXT(2) 
PARAMETRIC_REPRESENTATION_CONTEXT() REPRESENTATION_CONTEXT('2D SPACE',''
  ) );
#3851 = ORIENTED_EDGE('',*,*,#773,.T.);
#3852 = ORIENTED_EDGE('',*,*,#3620,.T.);
#3853 = ORIENTED_EDGE('',*,*,#3854,.F.);
#3854 = EDGE_CURVE('',#3830,#3621,#3855,.T.);
#3855 = SURFACE_CURVE('',#3856,(#3861,#3868),.PCURVE_S1.);
#3856 = CIRCLE('',#3857,0.5);
#3857 = AXIS2_PLACEMENT_3D('',#3858,#3859,#3860);
#3858 = CARTESIAN_POINT('',(6.5,67.168526250605,23.851684854203));
#3859 = DIRECTION('',(0.,-0.104528463268,0.994521895368));
#3860 = DIRECTION('',(0.,-0.994521895368,-0.104528463268));
#3861 = PCURVE('',#790,#3862);
#3862 = DEFINITIONAL_REPRESENTATION('',(#3863),#3867);
#3863 = LINE('',#3864,#3865);
#3864 = CARTESIAN_POINT('',(-4.712388980385,3.35));
#3865 = VECTOR('',#3866,1.);
#3866 = DIRECTION('',(1.,0.));
#3867 = ( GEOMETRIC_REPRESENTATION_CONTEXT(2) 
PARAMETRIC_REPRESENTATION_CONTEXT() REPRESENTATION_CONTEXT('2D SPACE',''
  ) );
#3868 = PCURVE('',#3659,#3869);
#3869 = DEFINITIONAL_REPRESENTATION('',(#3870),#3874);
#3870 = CIRCLE('',#3871,0.5);
#3871 = AXIS2_PLACEMENT_2D('',#3872,#3873);
#3872 = CARTESIAN_POINT('',(0.5,0.5));
#3873 = DIRECTION('',(0.,-1.));
#3874 = ( GEOMETRIC_REPRESENTATION_CONTEXT(2) 
PARAMETRIC_REPRESENTATION_CONTEXT() REPRESENTATION_CONTEXT('2D SPACE',''
  ) );
#3875 = ADVANCED_FACE('',(#3876),#2208,.F.);
#3876 = FACE_BOUND('',#3877,.F.);
#3877 = EDGE_LOOP('',(#3878,#3879,#3880,#3903));
#3878 = ORIENTED_EDGE('',*,*,#3754,.F.);
#3879 = ORIENTED_EDGE('',*,*,#2191,.T.);
#3880 = ORIENTED_EDGE('',*,*,#3881,.T.);
#3881 = EDGE_CURVE('',#2164,#3882,#3884,.T.);
#3882 = VERTEX_POINT('',#3883);
#3883 = CARTESIAN_POINT('',(60.,4.22150603564,17.235686432256));
#3884 = SURFACE_CURVE('',#3885,(#3889,#3896),.PCURVE_S1.);
#3885 = LINE('',#3886,#3887);
#3886 = CARTESIAN_POINT('',(60.,4.571676387586,13.904038082772));
#3887 = VECTOR('',#3888,1.);
#3888 = DIRECTION('',(0.,-0.104528463268,0.994521895368));
#3889 = PCURVE('',#2208,#3890);
#3890 = DEFINITIONAL_REPRESENTATION('',(#3891),#3895);
#3891 = LINE('',#3892,#3893);
#3892 = CARTESIAN_POINT('',(1.570796326795,0.));
#3893 = VECTOR('',#3894,1.);
#3894 = DIRECTION('',(0.,1.));
#3895 = ( GEOMETRIC_REPRESENTATION_CONTEXT(2) 
PARAMETRIC_REPRESENTATION_CONTEXT() REPRESENTATION_CONTEXT('2D SPACE',''
  ) );
#3896 = PCURVE('',#2179,#3897);
#3897 = DEFINITIONAL_REPRESENTATION('',(#3898),#3902);
#3898 = LINE('',#3899,#3900);
#3899 = CARTESIAN_POINT('',(0.,0.5));
#3900 = VECTOR('',#3901,1.);
#3901 = DIRECTION('',(1.,0.));
#3902 = ( GEOMETRIC_REPRESENTATION_CONTEXT(2) 
PARAMETRIC_REPRESENTATION_CONTEXT() REPRESENTATION_CONTEXT('2D SPACE',''
  ) );
#3903 = ORIENTED_EDGE('',*,*,#3904,.F.);
#3904 = EDGE_CURVE('',#3725,#3882,#3905,.T.);
#3905 = SURFACE_CURVE('',#3906,(#3911,#3918),.PCURVE_S1.);
#3906 = CIRCLE('',#3907,0.5);
#3907 = AXIS2_PLACEMENT_3D('',#3908,#3909,#3910);
#3908 = CARTESIAN_POINT('',(60.,4.718766983324,17.28795066389));
#3909 = DIRECTION('',(0.,-0.104528463268,0.994521895368));
#3910 = DIRECTION('',(0.,-0.994521895368,-0.104528463268));
#3911 = PCURVE('',#2208,#3912);
#3912 = DEFINITIONAL_REPRESENTATION('',(#3913),#3917);
#3913 = LINE('',#3914,#3915);
#3914 = CARTESIAN_POINT('',(-4.712388980385,3.35));
#3915 = VECTOR('',#3916,1.);
#3916 = DIRECTION('',(1.,0.));
#3917 = ( GEOMETRIC_REPRESENTATION_CONTEXT(2) 
PARAMETRIC_REPRESENTATION_CONTEXT() REPRESENTATION_CONTEXT('2D SPACE',''
  ) );
#3918 = PCURVE('',#3742,#3919);
#3919 = DEFINITIONAL_REPRESENTATION('',(#3920),#3924);
#3920 = CIRCLE('',#3921,0.5);
#3921 = AXIS2_PLACEMENT_2D('',#3922,#3923);
#3922 = CARTESIAN_POINT('',(0.5,0.5));
#3923 = DIRECTION('',(0.,-1.));
#3924 = ( GEOMETRIC_REPRESENTATION_CONTEXT(2) 
PARAMETRIC_REPRESENTATION_CONTEXT() REPRESENTATION_CONTEXT('2D SPACE',''
  ) );
#3925 = ADVANCED_FACE('',(#3926),#818,.T.);
#3926 = FACE_BOUND('',#3927,.T.);
#3927 = EDGE_LOOP('',(#3928,#3951,#3952,#3953));
#3928 = ORIENTED_EDGE('',*,*,#3929,.F.);
#3929 = EDGE_CURVE('',#3830,#3930,#3932,.T.);
#3930 = VERTEX_POINT('',#3931);
#3931 = CARTESIAN_POINT('',(6.,87.058964157971,25.942254119556));
#3932 = SURFACE_CURVE('',#3933,(#3937,#3944),.PCURVE_S1.);
#3933 = LINE('',#3934,#3935);
#3934 = CARTESIAN_POINT('',(6.,66.671265302921,23.799420622569));
#3935 = VECTOR('',#3936,1.);
#3936 = DIRECTION('',(0.,0.994521895368,0.104528463268));
#3937 = PCURVE('',#818,#3938);
#3938 = DEFINITIONAL_REPRESENTATION('',(#3939),#3943);
#3939 = LINE('',#3940,#3941);
#3940 = CARTESIAN_POINT('',(3.35,5.551115123126E-15));
#3941 = VECTOR('',#3942,1.);
#3942 = DIRECTION('',(0.,-1.));
#3943 = ( GEOMETRIC_REPRESENTATION_CONTEXT(2) 
PARAMETRIC_REPRESENTATION_CONTEXT() REPRESENTATION_CONTEXT('2D SPACE',''
  ) );
#3944 = PCURVE('',#3659,#3945);
#3945 = DEFINITIONAL_REPRESENTATION('',(#3946),#3950);
#3946 = LINE('',#3947,#3948);
#3947 = CARTESIAN_POINT('',(0.,0.));
#3948 = VECTOR('',#3949,1.);
#3949 = DIRECTION('',(0.,1.));
#3950 = ( GEOMETRIC_REPRESENTATION_CONTEXT(2) 
PARAMETRIC_REPRESENTATION_CONTEXT() REPRESENTATION_CONTEXT('2D SPACE',''
  ) );
#3951 = ORIENTED_EDGE('',*,*,#3829,.F.);
#3952 = ORIENTED_EDGE('',*,*,#802,.T.);
#3953 = ORIENTED_EDGE('',*,*,#3954,.T.);
#3954 = EDGE_CURVE('',#803,#3930,#3955,.T.);
#3955 = SURFACE_CURVE('',#3956,(#3960,#3967),.PCURVE_S1.);
#3956 = LINE('',#3957,#3958);
#3957 = CARTESIAN_POINT('',(6.,87.409134509918,22.610605770072));
#3958 = VECTOR('',#3959,1.);
#3959 = DIRECTION('',(0.,-0.104528463268,0.994521895368));
#3960 = PCURVE('',#818,#3961);
#3961 = DEFINITIONAL_REPRESENTATION('',(#3962),#3966);
#3962 = LINE('',#3963,#3964);
#3963 = CARTESIAN_POINT('',(4.440892098501E-15,-20.5));
#3964 = VECTOR('',#3965,1.);
#3965 = DIRECTION('',(1.,0.));
#3966 = ( GEOMETRIC_REPRESENTATION_CONTEXT(2) 
PARAMETRIC_REPRESENTATION_CONTEXT() REPRESENTATION_CONTEXT('2D SPACE',''
  ) );
#3967 = PCURVE('',#847,#3968);
#3968 = DEFINITIONAL_REPRESENTATION('',(#3969),#3973);
#3969 = LINE('',#3970,#3971);
#3970 = CARTESIAN_POINT('',(-0.,0.));
#3971 = VECTOR('',#3972,1.);
#3972 = DIRECTION('',(-0.,1.));
#3973 = ( GEOMETRIC_REPRESENTATION_CONTEXT(2) 
PARAMETRIC_REPRESENTATION_CONTEXT() REPRESENTATION_CONTEXT('2D SPACE',''
  ) );
#3974 = ADVANCED_FACE('',(#3975),#2179,.T.);
#3975 = FACE_BOUND('',#3976,.T.);
#3976 = EDGE_LOOP('',(#3977,#3978,#3979,#4002));
#3977 = ORIENTED_EDGE('',*,*,#2163,.T.);
#3978 = ORIENTED_EDGE('',*,*,#3881,.T.);
#3979 = ORIENTED_EDGE('',*,*,#3980,.T.);
#3980 = EDGE_CURVE('',#3882,#3981,#3983,.T.);
#3981 = VERTEX_POINT('',#3982);
#3982 = CARTESIAN_POINT('',(80.,4.22150603564,17.235686432256));
#3983 = SURFACE_CURVE('',#3984,(#3988,#3995),.PCURVE_S1.);
#3984 = LINE('',#3985,#3986);
#3985 = CARTESIAN_POINT('',(59.5,4.22150603564,17.235686432256));
#3986 = VECTOR('',#3987,1.);
#3987 = DIRECTION('',(1.,0.,0.));
#3988 = PCURVE('',#2179,#3989);
#3989 = DEFINITIONAL_REPRESENTATION('',(#3990),#3994);
#3990 = LINE('',#3991,#3992);
#3991 = CARTESIAN_POINT('',(3.35,0.));
#3992 = VECTOR('',#3993,1.);
#3993 = DIRECTION('',(0.,1.));
#3994 = ( GEOMETRIC_REPRESENTATION_CONTEXT(2) 
PARAMETRIC_REPRESENTATION_CONTEXT() REPRESENTATION_CONTEXT('2D SPACE',''
  ) );
#3995 = PCURVE('',#3742,#3996);
#3996 = DEFINITIONAL_REPRESENTATION('',(#3997),#4001);
#3997 = LINE('',#3998,#3999);
#3998 = CARTESIAN_POINT('',(0.,0.));
#3999 = VECTOR('',#4000,1.);
#4000 = DIRECTION('',(1.,0.));
#4001 = ( GEOMETRIC_REPRESENTATION_CONTEXT(2) 
PARAMETRIC_REPRESENTATION_CONTEXT() REPRESENTATION_CONTEXT('2D SPACE',''
  ) );
#4002 = ORIENTED_EDGE('',*,*,#4003,.F.);
#4003 = EDGE_CURVE('',#2135,#3981,#4004,.T.);
#4004 = SURFACE_CURVE('',#4005,(#4009,#4016),.PCURVE_S1.);
#4005 = LINE('',#4006,#4007);
#4006 = CARTESIAN_POINT('',(80.,4.571676387586,13.904038082772));
#4007 = VECTOR('',#4008,1.);
#4008 = DIRECTION('',(0.,-0.104528463268,0.994521895368));
#4009 = PCURVE('',#2179,#4010);
#4010 = DEFINITIONAL_REPRESENTATION('',(#4011),#4015);
#4011 = LINE('',#4012,#4013);
#4012 = CARTESIAN_POINT('',(0.,20.5));
#4013 = VECTOR('',#4014,1.);
#4014 = DIRECTION('',(1.,0.));
#4015 = ( GEOMETRIC_REPRESENTATION_CONTEXT(2) 
PARAMETRIC_REPRESENTATION_CONTEXT() REPRESENTATION_CONTEXT('2D SPACE',''
  ) );
#4016 = PCURVE('',#2151,#4017);
#4017 = DEFINITIONAL_REPRESENTATION('',(#4018),#4022);
#4018 = LINE('',#4019,#4020);
#4019 = CARTESIAN_POINT('',(-1.570796326795,0.));
#4020 = VECTOR('',#4021,1.);
#4021 = DIRECTION('',(-0.,1.));
#4022 = ( GEOMETRIC_REPRESENTATION_CONTEXT(2) 
PARAMETRIC_REPRESENTATION_CONTEXT() REPRESENTATION_CONTEXT('2D SPACE',''
  ) );
#4023 = ADVANCED_FACE('',(#4024),#847,.F.);
#4024 = FACE_BOUND('',#4025,.T.);
#4025 = EDGE_LOOP('',(#4026,#4027,#4028,#4051));
#4026 = ORIENTED_EDGE('',*,*,#3954,.F.);
#4027 = ORIENTED_EDGE('',*,*,#830,.F.);
#4028 = ORIENTED_EDGE('',*,*,#4029,.T.);
#4029 = EDGE_CURVE('',#831,#4030,#4032,.T.);
#4030 = VERTEX_POINT('',#4031);
#4031 = CARTESIAN_POINT('',(6.5,87.556225105655,25.99451835119));
#4032 = SURFACE_CURVE('',#4033,(#4037,#4044),.PCURVE_S1.);
#4033 = LINE('',#4034,#4035);
#4034 = CARTESIAN_POINT('',(6.5,87.906395457602,22.662870001706));
#4035 = VECTOR('',#4036,1.);
#4036 = DIRECTION('',(0.,-0.104528463268,0.994521895368));
#4037 = PCURVE('',#847,#4038);
#4038 = DEFINITIONAL_REPRESENTATION('',(#4039),#4043);
#4039 = LINE('',#4040,#4041);
#4040 = CARTESIAN_POINT('',(-1.570796326795,0.));
#4041 = VECTOR('',#4042,1.);
#4042 = DIRECTION('',(-0.,1.));
#4043 = ( GEOMETRIC_REPRESENTATION_CONTEXT(2) 
PARAMETRIC_REPRESENTATION_CONTEXT() REPRESENTATION_CONTEXT('2D SPACE',''
  ) );
#4044 = PCURVE('',#875,#4045);
#4045 = DEFINITIONAL_REPRESENTATION('',(#4046),#4050);
#4046 = LINE('',#4047,#4048);
#4047 = CARTESIAN_POINT('',(0.,0.5));
#4048 = VECTOR('',#4049,1.);
#4049 = DIRECTION('',(1.,0.));
#4050 = ( GEOMETRIC_REPRESENTATION_CONTEXT(2) 
PARAMETRIC_REPRESENTATION_CONTEXT() REPRESENTATION_CONTEXT('2D SPACE',''
  ) );
#4051 = ORIENTED_EDGE('',*,*,#4052,.F.);
#4052 = EDGE_CURVE('',#3930,#4030,#4053,.T.);
#4053 = SURFACE_CURVE('',#4054,(#4059,#4066),.PCURVE_S1.);
#4054 = CIRCLE('',#4055,0.5);
#4055 = AXIS2_PLACEMENT_3D('',#4056,#4057,#4058);
#4056 = CARTESIAN_POINT('',(6.5,87.058964157971,25.942254119556));
#4057 = DIRECTION('',(0.,0.104528463268,-0.994521895368));
#4058 = DIRECTION('',(0.,-0.994521895368,-0.104528463268));
#4059 = PCURVE('',#847,#4060);
#4060 = DEFINITIONAL_REPRESENTATION('',(#4061),#4065);
#4061 = LINE('',#4062,#4063);
#4062 = CARTESIAN_POINT('',(1.570796326795,3.35));
#4063 = VECTOR('',#4064,1.);
#4064 = DIRECTION('',(-1.,0.));
#4065 = ( GEOMETRIC_REPRESENTATION_CONTEXT(2) 
PARAMETRIC_REPRESENTATION_CONTEXT() REPRESENTATION_CONTEXT('2D SPACE',''
  ) );
#4066 = PCURVE('',#3659,#4067);
#4067 = DEFINITIONAL_REPRESENTATION('',(#4068),#4076);
#4068 = ( BOUNDED_CURVE() B_SPLINE_CURVE(2,(#4069,#4070,#4071,#4072,
#4073,#4074,#4075),.UNSPECIFIED.,.T.,.F.) B_SPLINE_CURVE_WITH_KNOTS((1,2
    ,2,2,2,1),(-2.094395102393,0.,2.094395102393,4.188790204786,
6.28318530718,8.377580409573),.UNSPECIFIED.) CURVE() 
GEOMETRIC_REPRESENTATION_ITEM() RATIONAL_B_SPLINE_CURVE((1.,0.5,1.,0.5,
1.,0.5,1.)) REPRESENTATION_ITEM('') );
#4069 = CARTESIAN_POINT('',(0.5,20.));
#4070 = CARTESIAN_POINT('',(-0.366025403784,20.));
#4071 = CARTESIAN_POINT('',(6.698729810778E-02,20.75));
#4072 = CARTESIAN_POINT('',(0.5,21.5));
#4073 = CARTESIAN_POINT('',(0.933012701892,20.75));
#4074 = CARTESIAN_POINT('',(1.366025403784,20.));
#4075 = CARTESIAN_POINT('',(0.5,20.));
#4076 = ( GEOMETRIC_REPRESENTATION_CONTEXT(2) 
PARAMETRIC_REPRESENTATION_CONTEXT() REPRESENTATION_CONTEXT('2D SPACE',''
  ) );
#4077 = ADVANCED_FACE('',(#4078),#2151,.F.);
#4078 = FACE_BOUND('',#4079,.T.);
#4079 = EDGE_LOOP('',(#4080,#4103,#4104,#4105));
#4080 = ORIENTED_EDGE('',*,*,#4081,.F.);
#4081 = EDGE_CURVE('',#2107,#4082,#4084,.T.);
#4082 = VERTEX_POINT('',#4083);
#4083 = CARTESIAN_POINT('',(80.5,4.718766983324,17.28795066389));
#4084 = SURFACE_CURVE('',#4085,(#4089,#4096),.PCURVE_S1.);
#4085 = LINE('',#4086,#4087);
#4086 = CARTESIAN_POINT('',(80.5,5.068937335271,13.956302314406));
#4087 = VECTOR('',#4088,1.);
#4088 = DIRECTION('',(0.,-0.104528463268,0.994521895368));
#4089 = PCURVE('',#2151,#4090);
#4090 = DEFINITIONAL_REPRESENTATION('',(#4091),#4095);
#4091 = LINE('',#4092,#4093);
#4092 = CARTESIAN_POINT('',(-0.,0.));
#4093 = VECTOR('',#4094,1.);
#4094 = DIRECTION('',(-0.,1.));
#4095 = ( GEOMETRIC_REPRESENTATION_CONTEXT(2) 
PARAMETRIC_REPRESENTATION_CONTEXT() REPRESENTATION_CONTEXT('2D SPACE',''
  ) );
#4096 = PCURVE('',#2122,#4097);
#4097 = DEFINITIONAL_REPRESENTATION('',(#4098),#4102);
#4098 = LINE('',#4099,#4100);
#4099 = CARTESIAN_POINT('',(-8.049116928532E-16,-0.5));
#4100 = VECTOR('',#4101,1.);
#4101 = DIRECTION('',(1.,0.));
#4102 = ( GEOMETRIC_REPRESENTATION_CONTEXT(2) 
PARAMETRIC_REPRESENTATION_CONTEXT() REPRESENTATION_CONTEXT('2D SPACE',''
  ) );
#4103 = ORIENTED_EDGE('',*,*,#2134,.F.);
#4104 = ORIENTED_EDGE('',*,*,#4003,.T.);
#4105 = ORIENTED_EDGE('',*,*,#4106,.F.);
#4106 = EDGE_CURVE('',#4082,#3981,#4107,.T.);
#4107 = SURFACE_CURVE('',#4108,(#4113,#4120),.PCURVE_S1.);
#4108 = CIRCLE('',#4109,0.5);
#4109 = AXIS2_PLACEMENT_3D('',#4110,#4111,#4112);
#4110 = CARTESIAN_POINT('',(80.,4.718766983324,17.28795066389));
#4111 = DIRECTION('',(0.,0.104528463268,-0.994521895368));
#4112 = DIRECTION('',(0.,-0.994521895368,-0.104528463268));
#4113 = PCURVE('',#2151,#4114);
#4114 = DEFINITIONAL_REPRESENTATION('',(#4115),#4119);
#4115 = LINE('',#4116,#4117);
#4116 = CARTESIAN_POINT('',(4.712388980385,3.35));
#4117 = VECTOR('',#4118,1.);
#4118 = DIRECTION('',(-1.,0.));
#4119 = ( GEOMETRIC_REPRESENTATION_CONTEXT(2) 
PARAMETRIC_REPRESENTATION_CONTEXT() REPRESENTATION_CONTEXT('2D SPACE',''
  ) );
#4120 = PCURVE('',#3742,#4121);
#4121 = DEFINITIONAL_REPRESENTATION('',(#4122),#4130);
#4122 = ( BOUNDED_CURVE() B_SPLINE_CURVE(2,(#4123,#4124,#4125,#4126,
#4127,#4128,#4129),.UNSPECIFIED.,.T.,.F.) B_SPLINE_CURVE_WITH_KNOTS((1,2
    ,2,2,2,1),(-2.094395102393,0.,2.094395102393,4.188790204786,
6.28318530718,8.377580409573),.UNSPECIFIED.) CURVE() 
GEOMETRIC_REPRESENTATION_ITEM() RATIONAL_B_SPLINE_CURVE((1.,0.5,1.,0.5,
1.,0.5,1.)) REPRESENTATION_ITEM('') );
#4123 = CARTESIAN_POINT('',(20.5,5.551115123126E-17));
#4124 = CARTESIAN_POINT('',(19.633974596216,5.551115123126E-17));
#4125 = CARTESIAN_POINT('',(20.066987298108,0.75));
#4126 = CARTESIAN_POINT('',(20.5,1.5));
#4127 = CARTESIAN_POINT('',(20.933012701892,0.75));
#4128 = CARTESIAN_POINT('',(21.366025403784,8.326672684689E-16));
#4129 = CARTESIAN_POINT('',(20.5,5.551115123126E-17));
#4130 = ( GEOMETRIC_REPRESENTATION_CONTEXT(2) 
PARAMETRIC_REPRESENTATION_CONTEXT() REPRESENTATION_CONTEXT('2D SPACE',''
  ) );
#4131 = ADVANCED_FACE('',(#4132),#875,.F.);
#4132 = FACE_BOUND('',#4133,.F.);
#4133 = EDGE_LOOP('',(#4134,#4135,#4136,#4159,#4187,#4210));
#4134 = ORIENTED_EDGE('',*,*,#859,.T.);
#4135 = ORIENTED_EDGE('',*,*,#4029,.T.);
#4136 = ORIENTED_EDGE('',*,*,#4137,.T.);
#4137 = EDGE_CURVE('',#4030,#4138,#4140,.T.);
#4138 = VERTEX_POINT('',#4139);
#4139 = CARTESIAN_POINT('',(12.5,87.556225105655,25.99451835119));
#4140 = SURFACE_CURVE('',#4141,(#4145,#4152),.PCURVE_S1.);
#4141 = LINE('',#4142,#4143);
#4142 = CARTESIAN_POINT('',(6.,87.556225105655,25.99451835119));
#4143 = VECTOR('',#4144,1.);
#4144 = DIRECTION('',(1.,0.,0.));
#4145 = PCURVE('',#875,#4146);
#4146 = DEFINITIONAL_REPRESENTATION('',(#4147),#4151);
#4147 = LINE('',#4148,#4149);
#4148 = CARTESIAN_POINT('',(3.35,0.));
#4149 = VECTOR('',#4150,1.);
#4150 = DIRECTION('',(0.,1.));
#4151 = ( GEOMETRIC_REPRESENTATION_CONTEXT(2) 
PARAMETRIC_REPRESENTATION_CONTEXT() REPRESENTATION_CONTEXT('2D SPACE',''
  ) );
#4152 = PCURVE('',#3659,#4153);
#4153 = DEFINITIONAL_REPRESENTATION('',(#4154),#4158);
#4154 = LINE('',#4155,#4156);
#4155 = CARTESIAN_POINT('',(0.,21.));
#4156 = VECTOR('',#4157,1.);
#4157 = DIRECTION('',(1.,0.));
#4158 = ( GEOMETRIC_REPRESENTATION_CONTEXT(2) 
PARAMETRIC_REPRESENTATION_CONTEXT() REPRESENTATION_CONTEXT('2D SPACE',''
  ) );
#4159 = ORIENTED_EDGE('',*,*,#4160,.F.);
#4160 = EDGE_CURVE('',#4161,#4138,#4163,.T.);
#4161 = VERTEX_POINT('',#4162);
#4162 = CARTESIAN_POINT('',(12.5,87.618942183616,25.397805213969));
#4163 = SURFACE_CURVE('',#4164,(#4168,#4175),.PCURVE_S1.);
#4164 = LINE('',#4165,#4166);
#4165 = CARTESIAN_POINT('',(12.5,87.906395457602,22.662870001706));
#4166 = VECTOR('',#4167,1.);
#4167 = DIRECTION('',(0.,-0.104528463268,0.994521895368));
#4168 = PCURVE('',#875,#4169);
#4169 = DEFINITIONAL_REPRESENTATION('',(#4170),#4174);
#4170 = LINE('',#4171,#4172);
#4171 = CARTESIAN_POINT('',(0.,6.5));
#4172 = VECTOR('',#4173,1.);
#4173 = DIRECTION('',(1.,0.));
#4174 = ( GEOMETRIC_REPRESENTATION_CONTEXT(2) 
PARAMETRIC_REPRESENTATION_CONTEXT() REPRESENTATION_CONTEXT('2D SPACE',''
  ) );
#4175 = PCURVE('',#4176,#4181);
#4176 = CYLINDRICAL_SURFACE('',#4177,0.5);
#4177 = AXIS2_PLACEMENT_3D('',#4178,#4179,#4180);
#4178 = CARTESIAN_POINT('',(12.5,87.409134509918,22.610605770072));
#4179 = DIRECTION('',(0.,-0.104528463268,0.994521895368));
#4180 = DIRECTION('',(1.,0.,0.));
#4181 = DEFINITIONAL_REPRESENTATION('',(#4182),#4186);
#4182 = LINE('',#4183,#4184);
#4183 = CARTESIAN_POINT('',(1.570796326795,0.));
#4184 = VECTOR('',#4185,1.);
#4185 = DIRECTION('',(0.,1.));
#4186 = ( GEOMETRIC_REPRESENTATION_CONTEXT(2) 
PARAMETRIC_REPRESENTATION_CONTEXT() REPRESENTATION_CONTEXT('2D SPACE',''
  ) );
#4187 = ORIENTED_EDGE('',*,*,#4188,.T.);
#4188 = EDGE_CURVE('',#4161,#4189,#4191,.T.);
#4189 = VERTEX_POINT('',#4190);
#4190 = CARTESIAN_POINT('',(11.,87.618942183616,25.397805213969));
#4191 = SURFACE_CURVE('',#4192,(#4196,#4203),.PCURVE_S1.);
#4192 = LINE('',#4193,#4194);
#4193 = CARTESIAN_POINT('',(8.5,87.618942183616,25.397805213969));
#4194 = VECTOR('',#4195,1.);
#4195 = DIRECTION('',(-1.,0.,0.));
#4196 = PCURVE('',#875,#4197);
#4197 = DEFINITIONAL_REPRESENTATION('',(#4198),#4202);
#4198 = LINE('',#4199,#4200);
#4199 = CARTESIAN_POINT('',(2.75,2.5));
#4200 = VECTOR('',#4201,1.);
#4201 = DIRECTION('',(0.,-1.));
#4202 = ( GEOMETRIC_REPRESENTATION_CONTEXT(2) 
PARAMETRIC_REPRESENTATION_CONTEXT() REPRESENTATION_CONTEXT('2D SPACE',''
  ) );
#4203 = PCURVE('',#3506,#4204);
#4204 = DEFINITIONAL_REPRESENTATION('',(#4205),#4209);
#4205 = LINE('',#4206,#4207);
#4206 = CARTESIAN_POINT('',(-2.5,78.79375));
#4207 = VECTOR('',#4208,1.);
#4208 = DIRECTION('',(-1.,0.));
#4209 = ( GEOMETRIC_REPRESENTATION_CONTEXT(2) 
PARAMETRIC_REPRESENTATION_CONTEXT() REPRESENTATION_CONTEXT('2D SPACE',''
  ) );
#4210 = ORIENTED_EDGE('',*,*,#4211,.F.);
#4211 = EDGE_CURVE('',#860,#4189,#4212,.T.);
#4212 = SURFACE_CURVE('',#4213,(#4217,#4224),.PCURVE_S1.);
#4213 = LINE('',#4214,#4215);
#4214 = CARTESIAN_POINT('',(11.,87.906395457602,22.662870001706));
#4215 = VECTOR('',#4216,1.);
#4216 = DIRECTION('',(0.,-0.104528463268,0.994521895368));
#4217 = PCURVE('',#875,#4218);
#4218 = DEFINITIONAL_REPRESENTATION('',(#4219),#4223);
#4219 = LINE('',#4220,#4221);
#4220 = CARTESIAN_POINT('',(0.,5.));
#4221 = VECTOR('',#4222,1.);
#4222 = DIRECTION('',(1.,0.));
#4223 = ( GEOMETRIC_REPRESENTATION_CONTEXT(2) 
PARAMETRIC_REPRESENTATION_CONTEXT() REPRESENTATION_CONTEXT('2D SPACE',''
  ) );
#4224 = PCURVE('',#903,#4225);
#4225 = DEFINITIONAL_REPRESENTATION('',(#4226),#4230);
#4226 = LINE('',#4227,#4228);
#4227 = CARTESIAN_POINT('',(0.,-78.79375));
#4228 = VECTOR('',#4229,1.);
#4229 = DIRECTION('',(1.,0.));
#4230 = ( GEOMETRIC_REPRESENTATION_CONTEXT(2) 
PARAMETRIC_REPRESENTATION_CONTEXT() REPRESENTATION_CONTEXT('2D SPACE',''
  ) );
#4231 = ADVANCED_FACE('',(#4232),#2122,.F.);
#4232 = FACE_BOUND('',#4233,.F.);
#4233 = EDGE_LOOP('',(#4234,#4257,#4258,#4259,#4282,#4305));
#4234 = ORIENTED_EDGE('',*,*,#4235,.F.);
#4235 = EDGE_CURVE('',#4082,#4236,#4238,.T.);
#4236 = VERTEX_POINT('',#4237);
#4237 = CARTESIAN_POINT('',(80.5,10.685898355534,17.915121443496));
#4238 = SURFACE_CURVE('',#4239,(#4243,#4250),.PCURVE_S1.);
#4239 = LINE('',#4240,#4241);
#4240 = CARTESIAN_POINT('',(80.5,4.22150603564,17.235686432256));
#4241 = VECTOR('',#4242,1.);
#4242 = DIRECTION('',(0.,0.994521895368,0.104528463268));
#4243 = PCURVE('',#2122,#4244);
#4244 = DEFINITIONAL_REPRESENTATION('',(#4245),#4249);
#4245 = LINE('',#4246,#4247);
#4246 = CARTESIAN_POINT('',(3.35,-8.326672684689E-16));
#4247 = VECTOR('',#4248,1.);
#4248 = DIRECTION('',(0.,-1.));
#4249 = ( GEOMETRIC_REPRESENTATION_CONTEXT(2) 
PARAMETRIC_REPRESENTATION_CONTEXT() REPRESENTATION_CONTEXT('2D SPACE',''
  ) );
#4250 = PCURVE('',#3742,#4251);
#4251 = DEFINITIONAL_REPRESENTATION('',(#4252),#4256);
#4252 = LINE('',#4253,#4254);
#4253 = CARTESIAN_POINT('',(21.,0.));
#4254 = VECTOR('',#4255,1.);
#4255 = DIRECTION('',(0.,1.));
#4256 = ( GEOMETRIC_REPRESENTATION_CONTEXT(2) 
PARAMETRIC_REPRESENTATION_CONTEXT() REPRESENTATION_CONTEXT('2D SPACE',''
  ) );
#4257 = ORIENTED_EDGE('',*,*,#4081,.F.);
#4258 = ORIENTED_EDGE('',*,*,#2106,.T.);
#4259 = ORIENTED_EDGE('',*,*,#4260,.F.);
#4260 = EDGE_CURVE('',#4261,#2079,#4263,.T.);
#4261 = VERTEX_POINT('',#4262);
#4262 = CARTESIAN_POINT('',(80.5,9.256832590442,17.161615611373));
#4263 = SURFACE_CURVE('',#4264,(#4268,#4275),.PCURVE_S1.);
#4264 = LINE('',#4265,#4266);
#4265 = CARTESIAN_POINT('',(80.5,9.544285864428,14.426680399111));
#4266 = VECTOR('',#4267,1.);
#4267 = DIRECTION('',(0.,0.104528463268,-0.994521895368));
#4268 = PCURVE('',#2122,#4269);
#4269 = DEFINITIONAL_REPRESENTATION('',(#4270),#4274);
#4270 = LINE('',#4271,#4272);
#4271 = CARTESIAN_POINT('',(-5.551115123126E-16,-5.));
#4272 = VECTOR('',#4273,1.);
#4273 = DIRECTION('',(-1.,0.));
#4274 = ( GEOMETRIC_REPRESENTATION_CONTEXT(2) 
PARAMETRIC_REPRESENTATION_CONTEXT() REPRESENTATION_CONTEXT('2D SPACE',''
  ) );
#4275 = PCURVE('',#2094,#4276);
#4276 = DEFINITIONAL_REPRESENTATION('',(#4277),#4281);
#4277 = LINE('',#4278,#4279);
#4278 = CARTESIAN_POINT('',(0.,69.5));
#4279 = VECTOR('',#4280,1.);
#4280 = DIRECTION('',(-1.,0.));
#4281 = ( GEOMETRIC_REPRESENTATION_CONTEXT(2) 
PARAMETRIC_REPRESENTATION_CONTEXT() REPRESENTATION_CONTEXT('2D SPACE',''
  ) );
#4282 = ORIENTED_EDGE('',*,*,#4283,.T.);
#4283 = EDGE_CURVE('',#4261,#4284,#4286,.T.);
#4284 = VERTEX_POINT('',#4285);
#4285 = CARTESIAN_POINT('',(80.5,10.748615433494,17.318408306275));
#4286 = SURFACE_CURVE('',#4287,(#4291,#4298),.PCURVE_S1.);
#4287 = LINE('',#4288,#4289);
#4288 = CARTESIAN_POINT('',(80.5,6.770527852021,16.900294453204));
#4289 = VECTOR('',#4290,1.);
#4290 = DIRECTION('',(0.,0.994521895368,0.104528463268));
#4291 = PCURVE('',#2122,#4292);
#4292 = DEFINITIONAL_REPRESENTATION('',(#4293),#4297);
#4293 = LINE('',#4294,#4295);
#4294 = CARTESIAN_POINT('',(2.75,-2.5));
#4295 = VECTOR('',#4296,1.);
#4296 = DIRECTION('',(0.,-1.));
#4297 = ( GEOMETRIC_REPRESENTATION_CONTEXT(2) 
PARAMETRIC_REPRESENTATION_CONTEXT() REPRESENTATION_CONTEXT('2D SPACE',''
  ) );
#4298 = PCURVE('',#3506,#4299);
#4299 = DEFINITIONAL_REPRESENTATION('',(#4300),#4304);
#4300 = LINE('',#4301,#4302);
#4301 = CARTESIAN_POINT('',(69.5,-2.5));
#4302 = VECTOR('',#4303,1.);
#4303 = DIRECTION('',(0.,1.));
#4304 = ( GEOMETRIC_REPRESENTATION_CONTEXT(2) 
PARAMETRIC_REPRESENTATION_CONTEXT() REPRESENTATION_CONTEXT('2D SPACE',''
  ) );
#4305 = ORIENTED_EDGE('',*,*,#4306,.T.);
#4306 = EDGE_CURVE('',#4284,#4236,#4307,.T.);
#4307 = SURFACE_CURVE('',#4308,(#4312,#4319),.PCURVE_S1.);
#4308 = LINE('',#4309,#4310);
#4309 = CARTESIAN_POINT('',(80.5,11.03606870748,14.583473094012));
#4310 = VECTOR('',#4311,1.);
#4311 = DIRECTION('',(0.,-0.104528463268,0.994521895368));
#4312 = PCURVE('',#2122,#4313);
#4313 = DEFINITIONAL_REPRESENTATION('',(#4314),#4318);
#4314 = LINE('',#4315,#4316);
#4315 = CARTESIAN_POINT('',(6.661338147751E-16,-6.5));
#4316 = VECTOR('',#4317,1.);
#4317 = DIRECTION('',(1.,0.));
#4318 = ( GEOMETRIC_REPRESENTATION_CONTEXT(2) 
PARAMETRIC_REPRESENTATION_CONTEXT() REPRESENTATION_CONTEXT('2D SPACE',''
  ) );
#4319 = PCURVE('',#4320,#4325);
#4320 = CYLINDRICAL_SURFACE('',#4321,0.5);
#4321 = AXIS2_PLACEMENT_3D('',#4322,#4323,#4324);
#4322 = CARTESIAN_POINT('',(80.,11.03606870748,14.583473094012));
#4323 = DIRECTION('',(0.,-0.104528463268,0.994521895368));
#4324 = DIRECTION('',(1.,0.,0.));
#4325 = DEFINITIONAL_REPRESENTATION('',(#4326),#4330);
#4326 = LINE('',#4327,#4328);
#4327 = CARTESIAN_POINT('',(0.,0.));
#4328 = VECTOR('',#4329,1.);
#4329 = DIRECTION('',(0.,1.));
#4330 = ( GEOMETRIC_REPRESENTATION_CONTEXT(2) 
PARAMETRIC_REPRESENTATION_CONTEXT() REPRESENTATION_CONTEXT('2D SPACE',''
  ) );
#4331 = ADVANCED_FACE('',(#4332),#903,.T.);
#4332 = FACE_BOUND('',#4333,.T.);
#4333 = EDGE_LOOP('',(#4334,#4357,#4358,#4359));
#4334 = ORIENTED_EDGE('',*,*,#4335,.F.);
#4335 = EDGE_CURVE('',#4189,#4336,#4338,.T.);
#4336 = VERTEX_POINT('',#4337);
#4337 = CARTESIAN_POINT('',(11.,143.10704818331,31.229840161409));
#4338 = SURFACE_CURVE('',#4339,(#4343,#4350),.PCURVE_S1.);
#4339 = LINE('',#4340,#4341);
#4340 = CARTESIAN_POINT('',(11.,9.256832590442,17.161615611373));
#4341 = VECTOR('',#4342,1.);
#4342 = DIRECTION('',(0.,0.994521895368,0.104528463268));
#4343 = PCURVE('',#903,#4344);
#4344 = DEFINITIONAL_REPRESENTATION('',(#4345),#4349);
#4345 = LINE('',#4346,#4347);
#4346 = CARTESIAN_POINT('',(2.75,-2.22044604925E-16));
#4347 = VECTOR('',#4348,1.);
#4348 = DIRECTION('',(0.,-1.));
#4349 = ( GEOMETRIC_REPRESENTATION_CONTEXT(2) 
PARAMETRIC_REPRESENTATION_CONTEXT() REPRESENTATION_CONTEXT('2D SPACE',''
  ) );
#4350 = PCURVE('',#3506,#4351);
#4351 = DEFINITIONAL_REPRESENTATION('',(#4352),#4356);
#4352 = LINE('',#4353,#4354);
#4353 = CARTESIAN_POINT('',(0.,0.));
#4354 = VECTOR('',#4355,1.);
#4355 = DIRECTION('',(0.,1.));
#4356 = ( GEOMETRIC_REPRESENTATION_CONTEXT(2) 
PARAMETRIC_REPRESENTATION_CONTEXT() REPRESENTATION_CONTEXT('2D SPACE',''
  ) );
#4357 = ORIENTED_EDGE('',*,*,#4211,.F.);
#4358 = ORIENTED_EDGE('',*,*,#887,.T.);
#4359 = ORIENTED_EDGE('',*,*,#4360,.T.);
#4360 = EDGE_CURVE('',#888,#4336,#4361,.T.);
#4361 = SURFACE_CURVE('',#4362,(#4366,#4373),.PCURVE_S1.);
#4362 = LINE('',#4363,#4364);
#4363 = CARTESIAN_POINT('',(11.,143.3945014573,28.494904949146));
#4364 = VECTOR('',#4365,1.);
#4365 = DIRECTION('',(0.,-0.104528463268,0.994521895368));
#4366 = PCURVE('',#903,#4367);
#4367 = DEFINITIONAL_REPRESENTATION('',(#4368),#4372);
#4368 = LINE('',#4369,#4370);
#4369 = CARTESIAN_POINT('',(-1.7763568394E-15,-134.5875));
#4370 = VECTOR('',#4371,1.);
#4371 = DIRECTION('',(1.,0.));
#4372 = ( GEOMETRIC_REPRESENTATION_CONTEXT(2) 
PARAMETRIC_REPRESENTATION_CONTEXT() REPRESENTATION_CONTEXT('2D SPACE',''
  ) );
#4373 = PCURVE('',#932,#4374);
#4374 = DEFINITIONAL_REPRESENTATION('',(#4375),#4379);
#4375 = LINE('',#4376,#4377);
#4376 = CARTESIAN_POINT('',(-0.,0.));
#4377 = VECTOR('',#4378,1.);
#4378 = DIRECTION('',(-0.,1.));
#4379 = ( GEOMETRIC_REPRESENTATION_CONTEXT(2) 
PARAMETRIC_REPRESENTATION_CONTEXT() REPRESENTATION_CONTEXT('2D SPACE',''
  ) );
#4380 = ADVANCED_FACE('',(#4381),#2094,.T.);
#4381 = FACE_BOUND('',#4382,.T.);
#4382 = EDGE_LOOP('',(#4383,#4406,#4407,#4408));
#4383 = ORIENTED_EDGE('',*,*,#4384,.T.);
#4384 = EDGE_CURVE('',#4385,#2051,#4387,.T.);
#4385 = VERTEX_POINT('',#4386);
#4386 = CARTESIAN_POINT('',(168.80625,9.256832590442,17.161615611373));
#4387 = SURFACE_CURVE('',#4388,(#4392,#4399),.PCURVE_S1.);
#4388 = LINE('',#4389,#4390);
#4389 = CARTESIAN_POINT('',(168.80625,9.544285864428,14.426680399111));
#4390 = VECTOR('',#4391,1.);
#4391 = DIRECTION('',(0.,0.104528463268,-0.994521895368));
#4392 = PCURVE('',#2094,#4393);
#4393 = DEFINITIONAL_REPRESENTATION('',(#4394),#4398);
#4394 = LINE('',#4395,#4396);
#4395 = CARTESIAN_POINT('',(0.,157.80625));
#4396 = VECTOR('',#4397,1.);
#4397 = DIRECTION('',(-1.,0.));
#4398 = ( GEOMETRIC_REPRESENTATION_CONTEXT(2) 
PARAMETRIC_REPRESENTATION_CONTEXT() REPRESENTATION_CONTEXT('2D SPACE',''
  ) );
#4399 = PCURVE('',#2066,#4400);
#4400 = DEFINITIONAL_REPRESENTATION('',(#4401),#4405);
#4401 = LINE('',#4402,#4403);
#4402 = CARTESIAN_POINT('',(-5.551115123126E-16,-5.));
#4403 = VECTOR('',#4404,1.);
#4404 = DIRECTION('',(-1.,0.));
#4405 = ( GEOMETRIC_REPRESENTATION_CONTEXT(2) 
PARAMETRIC_REPRESENTATION_CONTEXT() REPRESENTATION_CONTEXT('2D SPACE',''
  ) );
#4406 = ORIENTED_EDGE('',*,*,#2078,.T.);
#4407 = ORIENTED_EDGE('',*,*,#4260,.F.);
#4408 = ORIENTED_EDGE('',*,*,#4409,.T.);
#4409 = EDGE_CURVE('',#4261,#4385,#4410,.T.);
#4410 = SURFACE_CURVE('',#4411,(#4415,#4422),.PCURVE_S1.);
#4411 = LINE('',#4412,#4413);
#4412 = CARTESIAN_POINT('',(11.,9.256832590442,17.161615611373));
#4413 = VECTOR('',#4414,1.);
#4414 = DIRECTION('',(1.,0.,0.));
#4415 = PCURVE('',#2094,#4416);
#4416 = DEFINITIONAL_REPRESENTATION('',(#4417),#4421);
#4417 = LINE('',#4418,#4419);
#4418 = CARTESIAN_POINT('',(2.75,0.));
#4419 = VECTOR('',#4420,1.);
#4420 = DIRECTION('',(0.,1.));
#4421 = ( GEOMETRIC_REPRESENTATION_CONTEXT(2) 
PARAMETRIC_REPRESENTATION_CONTEXT() REPRESENTATION_CONTEXT('2D SPACE',''
  ) );
#4422 = PCURVE('',#3506,#4423);
#4423 = DEFINITIONAL_REPRESENTATION('',(#4424),#4428);
#4424 = LINE('',#4425,#4426);
#4425 = CARTESIAN_POINT('',(0.,0.));
#4426 = VECTOR('',#4427,1.);
#4427 = DIRECTION('',(1.,0.));
#4428 = ( GEOMETRIC_REPRESENTATION_CONTEXT(2) 
PARAMETRIC_REPRESENTATION_CONTEXT() REPRESENTATION_CONTEXT('2D SPACE',''
  ) );
#4429 = ADVANCED_FACE('',(#4430),#932,.F.);
#4430 = FACE_BOUND('',#4431,.T.);
#4431 = EDGE_LOOP('',(#4432,#4433,#4434,#4457));
#4432 = ORIENTED_EDGE('',*,*,#4360,.F.);
#4433 = ORIENTED_EDGE('',*,*,#915,.F.);
#4434 = ORIENTED_EDGE('',*,*,#4435,.T.);
#4435 = EDGE_CURVE('',#916,#4436,#4438,.T.);
#4436 = VERTEX_POINT('',#4437);
#4437 = CARTESIAN_POINT('',(13.,145.09609197405,31.438897087944));
#4438 = SURFACE_CURVE('',#4439,(#4443,#4450),.PCURVE_S1.);
#4439 = LINE('',#4440,#4441);
#4440 = CARTESIAN_POINT('',(13.,145.38354524804,28.703961875681));
#4441 = VECTOR('',#4442,1.);
#4442 = DIRECTION('',(0.,-0.104528463268,0.994521895368));
#4443 = PCURVE('',#932,#4444);
#4444 = DEFINITIONAL_REPRESENTATION('',(#4445),#4449);
#4445 = LINE('',#4446,#4447);
#4446 = CARTESIAN_POINT('',(-1.570796326795,0.));
#4447 = VECTOR('',#4448,1.);
#4448 = DIRECTION('',(-0.,1.));
#4449 = ( GEOMETRIC_REPRESENTATION_CONTEXT(2) 
PARAMETRIC_REPRESENTATION_CONTEXT() REPRESENTATION_CONTEXT('2D SPACE',''
  ) );
#4450 = PCURVE('',#960,#4451);
#4451 = DEFINITIONAL_REPRESENTATION('',(#4452),#4456);
#4452 = LINE('',#4453,#4454);
#4453 = CARTESIAN_POINT('',(0.,2.));
#4454 = VECTOR('',#4455,1.);
#4455 = DIRECTION('',(1.,0.));
#4456 = ( GEOMETRIC_REPRESENTATION_CONTEXT(2) 
PARAMETRIC_REPRESENTATION_CONTEXT() REPRESENTATION_CONTEXT('2D SPACE',''
  ) );
#4457 = ORIENTED_EDGE('',*,*,#4458,.F.);
#4458 = EDGE_CURVE('',#4336,#4436,#4459,.T.);
#4459 = SURFACE_CURVE('',#4460,(#4465,#4472),.PCURVE_S1.);
#4460 = CIRCLE('',#4461,2.);
#4461 = AXIS2_PLACEMENT_3D('',#4462,#4463,#4464);
#4462 = CARTESIAN_POINT('',(13.,143.10704818331,31.229840161409));
#4463 = DIRECTION('',(0.,0.104528463268,-0.994521895368));
#4464 = DIRECTION('',(0.,-0.994521895368,-0.104528463268));
#4465 = PCURVE('',#932,#4466);
#4466 = DEFINITIONAL_REPRESENTATION('',(#4467),#4471);
#4467 = LINE('',#4468,#4469);
#4468 = CARTESIAN_POINT('',(1.570796326795,2.75));
#4469 = VECTOR('',#4470,1.);
#4470 = DIRECTION('',(-1.,0.));
#4471 = ( GEOMETRIC_REPRESENTATION_CONTEXT(2) 
PARAMETRIC_REPRESENTATION_CONTEXT() REPRESENTATION_CONTEXT('2D SPACE',''
  ) );
#4472 = PCURVE('',#3506,#4473);
#4473 = DEFINITIONAL_REPRESENTATION('',(#4474),#4482);
#4474 = ( BOUNDED_CURVE() B_SPLINE_CURVE(2,(#4475,#4476,#4477,#4478,
#4479,#4480,#4481),.UNSPECIFIED.,.T.,.F.) B_SPLINE_CURVE_WITH_KNOTS((1,2
    ,2,2,2,1),(-2.094395102393,0.,2.094395102393,4.188790204786,
6.28318530718,8.377580409573),.UNSPECIFIED.) CURVE() 
GEOMETRIC_REPRESENTATION_ITEM() RATIONAL_B_SPLINE_CURVE((1.,0.5,1.,0.5,
1.,0.5,1.)) REPRESENTATION_ITEM('') );
#4475 = CARTESIAN_POINT('',(2.,132.5875));
#4476 = CARTESIAN_POINT('',(-1.464101615138,132.5875));
#4477 = CARTESIAN_POINT('',(0.267949192431,135.5875));
#4478 = CARTESIAN_POINT('',(2.,138.5875));
#4479 = CARTESIAN_POINT('',(3.732050807569,135.5875));
#4480 = CARTESIAN_POINT('',(5.464101615138,132.5875));
#4481 = CARTESIAN_POINT('',(2.,132.5875));
#4482 = ( GEOMETRIC_REPRESENTATION_CONTEXT(2) 
PARAMETRIC_REPRESENTATION_CONTEXT() REPRESENTATION_CONTEXT('2D SPACE',''
  ) );
#4483 = ADVANCED_FACE('',(#4484),#2066,.T.);
#4484 = FACE_BOUND('',#4485,.T.);
#4485 = EDGE_LOOP('',(#4486,#4516,#4537,#4538,#4539,#4562));
#4486 = ORIENTED_EDGE('',*,*,#4487,.F.);
#4487 = EDGE_CURVE('',#4488,#4490,#4492,.T.);
#4488 = VERTEX_POINT('',#4489);
#4489 = CARTESIAN_POINT('',(168.80625,4.718766983324,17.28795066389));
#4490 = VERTEX_POINT('',#4491);
#4491 = CARTESIAN_POINT('',(168.80625,10.685898355534,17.915121443496));
#4492 = SURFACE_CURVE('',#4493,(#4497,#4504),.PCURVE_S1.);
#4493 = LINE('',#4494,#4495);
#4494 = CARTESIAN_POINT('',(168.80625,4.22150603564,17.235686432256));
#4495 = VECTOR('',#4496,1.);
#4496 = DIRECTION('',(0.,0.994521895368,0.104528463268));
#4497 = PCURVE('',#2066,#4498);
#4498 = DEFINITIONAL_REPRESENTATION('',(#4499),#4503);
#4499 = LINE('',#4500,#4501);
#4500 = CARTESIAN_POINT('',(3.35,-8.326672684689E-16));
#4501 = VECTOR('',#4502,1.);
#4502 = DIRECTION('',(0.,-1.));
#4503 = ( GEOMETRIC_REPRESENTATION_CONTEXT(2) 
PARAMETRIC_REPRESENTATION_CONTEXT() REPRESENTATION_CONTEXT('2D SPACE',''
  ) );
#4504 = PCURVE('',#4505,#4510);
#4505 = PLANE('',#4506);
#4506 = AXIS2_PLACEMENT_3D('',#4507,#4508,#4509);
#4507 = CARTESIAN_POINT('',(168.80625,4.22150603564,17.235686432256));
#4508 = DIRECTION('',(0.,-0.104528463268,0.994521895368));
#4509 = DIRECTION('',(1.,0.,0.));
#4510 = DEFINITIONAL_REPRESENTATION('',(#4511),#4515);
#4511 = LINE('',#4512,#4513);
#4512 = CARTESIAN_POINT('',(0.,0.));
#4513 = VECTOR('',#4514,1.);
#4514 = DIRECTION('',(0.,1.));
#4515 = ( GEOMETRIC_REPRESENTATION_CONTEXT(2) 
PARAMETRIC_REPRESENTATION_CONTEXT() REPRESENTATION_CONTEXT('2D SPACE',''
  ) );
#4516 = ORIENTED_EDGE('',*,*,#4517,.F.);
#4517 = EDGE_CURVE('',#2022,#4488,#4518,.T.);
#4518 = SURFACE_CURVE('',#4519,(#4523,#4530),.PCURVE_S1.);
#4519 = LINE('',#4520,#4521);
#4520 = CARTESIAN_POINT('',(168.80625,5.068937335271,13.956302314406));
#4521 = VECTOR('',#4522,1.);
#4522 = DIRECTION('',(0.,-0.104528463268,0.994521895368));
#4523 = PCURVE('',#2066,#4524);
#4524 = DEFINITIONAL_REPRESENTATION('',(#4525),#4529);
#4525 = LINE('',#4526,#4527);
#4526 = CARTESIAN_POINT('',(-8.049116928532E-16,-0.5));
#4527 = VECTOR('',#4528,1.);
#4528 = DIRECTION('',(1.,0.));
#4529 = ( GEOMETRIC_REPRESENTATION_CONTEXT(2) 
PARAMETRIC_REPRESENTATION_CONTEXT() REPRESENTATION_CONTEXT('2D SPACE',''
  ) );
#4530 = PCURVE('',#2038,#4531);
#4531 = DEFINITIONAL_REPRESENTATION('',(#4532),#4536);
#4532 = LINE('',#4533,#4534);
#4533 = CARTESIAN_POINT('',(0.,0.));
#4534 = VECTOR('',#4535,1.);
#4535 = DIRECTION('',(0.,1.));
#4536 = ( GEOMETRIC_REPRESENTATION_CONTEXT(2) 
PARAMETRIC_REPRESENTATION_CONTEXT() REPRESENTATION_CONTEXT('2D SPACE',''
  ) );
#4537 = ORIENTED_EDGE('',*,*,#2050,.T.);
#4538 = ORIENTED_EDGE('',*,*,#4384,.F.);
#4539 = ORIENTED_EDGE('',*,*,#4540,.T.);
#4540 = EDGE_CURVE('',#4385,#4541,#4543,.T.);
#4541 = VERTEX_POINT('',#4542);
#4542 = CARTESIAN_POINT('',(168.80625,10.748615433494,17.318408306275));
#4543 = SURFACE_CURVE('',#4544,(#4548,#4555),.PCURVE_S1.);
#4544 = LINE('',#4545,#4546);
#4545 = CARTESIAN_POINT('',(168.80625,6.770527852021,16.900294453204));
#4546 = VECTOR('',#4547,1.);
#4547 = DIRECTION('',(0.,0.994521895368,0.104528463268));
#4548 = PCURVE('',#2066,#4549);
#4549 = DEFINITIONAL_REPRESENTATION('',(#4550),#4554);
#4550 = LINE('',#4551,#4552);
#4551 = CARTESIAN_POINT('',(2.75,-2.5));
#4552 = VECTOR('',#4553,1.);
#4553 = DIRECTION('',(0.,-1.));
#4554 = ( GEOMETRIC_REPRESENTATION_CONTEXT(2) 
PARAMETRIC_REPRESENTATION_CONTEXT() REPRESENTATION_CONTEXT('2D SPACE',''
  ) );
#4555 = PCURVE('',#3506,#4556);
#4556 = DEFINITIONAL_REPRESENTATION('',(#4557),#4561);
#4557 = LINE('',#4558,#4559);
#4558 = CARTESIAN_POINT('',(157.80625,-2.5));
#4559 = VECTOR('',#4560,1.);
#4560 = DIRECTION('',(0.,1.));
#4561 = ( GEOMETRIC_REPRESENTATION_CONTEXT(2) 
PARAMETRIC_REPRESENTATION_CONTEXT() REPRESENTATION_CONTEXT('2D SPACE',''
  ) );
#4562 = ORIENTED_EDGE('',*,*,#4563,.T.);
#4563 = EDGE_CURVE('',#4541,#4490,#4564,.T.);
#4564 = SURFACE_CURVE('',#4565,(#4569,#4576),.PCURVE_S1.);
#4565 = LINE('',#4566,#4567);
#4566 = CARTESIAN_POINT('',(168.80625,11.03606870748,14.583473094012));
#4567 = VECTOR('',#4568,1.);
#4568 = DIRECTION('',(0.,-0.104528463268,0.994521895368));
#4569 = PCURVE('',#2066,#4570);
#4570 = DEFINITIONAL_REPRESENTATION('',(#4571),#4575);
#4571 = LINE('',#4572,#4573);
#4572 = CARTESIAN_POINT('',(6.661338147751E-16,-6.5));
#4573 = VECTOR('',#4574,1.);
#4574 = DIRECTION('',(1.,0.));
#4575 = ( GEOMETRIC_REPRESENTATION_CONTEXT(2) 
PARAMETRIC_REPRESENTATION_CONTEXT() REPRESENTATION_CONTEXT('2D SPACE',''
  ) );
#4576 = PCURVE('',#4577,#4582);
#4577 = CYLINDRICAL_SURFACE('',#4578,0.5);
#4578 = AXIS2_PLACEMENT_3D('',#4579,#4580,#4581);
#4579 = CARTESIAN_POINT('',(169.30625,11.03606870748,14.583473094012));
#4580 = DIRECTION('',(0.,-0.104528463268,0.994521895368));
#4581 = DIRECTION('',(-1.,-0.,0.));
#4582 = DEFINITIONAL_REPRESENTATION('',(#4583),#4587);
#4583 = LINE('',#4584,#4585);
#4584 = CARTESIAN_POINT('',(-0.,0.));
#4585 = VECTOR('',#4586,1.);
#4586 = DIRECTION('',(-0.,1.));
#4587 = ( GEOMETRIC_REPRESENTATION_CONTEXT(2) 
PARAMETRIC_REPRESENTATION_CONTEXT() REPRESENTATION_CONTEXT('2D SPACE',''
  ) );
#4588 = ADVANCED_FACE('',(#4589),#960,.F.);
#4589 = FACE_BOUND('',#4590,.F.);
#4590 = EDGE_LOOP('',(#4591,#4614,#4615,#4616));
#4591 = ORIENTED_EDGE('',*,*,#4592,.T.);
#4592 = EDGE_CURVE('',#4593,#945,#4595,.T.);
#4593 = VERTEX_POINT('',#4594);
#4594 = CARTESIAN_POINT('',(59.5,145.09609197405,31.438897087944));
#4595 = SURFACE_CURVE('',#4596,(#4600,#4607),.PCURVE_S1.);
#4596 = LINE('',#4597,#4598);
#4597 = CARTESIAN_POINT('',(59.5,145.38354524804,28.703961875681));
#4598 = VECTOR('',#4599,1.);
#4599 = DIRECTION('',(0.,0.104528463268,-0.994521895368));
#4600 = PCURVE('',#960,#4601);
#4601 = DEFINITIONAL_REPRESENTATION('',(#4602),#4606);
#4602 = LINE('',#4603,#4604);
#4603 = CARTESIAN_POINT('',(0.,48.5));
#4604 = VECTOR('',#4605,1.);
#4605 = DIRECTION('',(-1.,0.));
#4606 = ( GEOMETRIC_REPRESENTATION_CONTEXT(2) 
PARAMETRIC_REPRESENTATION_CONTEXT() REPRESENTATION_CONTEXT('2D SPACE',''
  ) );
#4607 = PCURVE('',#988,#4608);
#4608 = DEFINITIONAL_REPRESENTATION('',(#4609),#4613);
#4609 = LINE('',#4610,#4611);
#4610 = CARTESIAN_POINT('',(2.164934898019E-15,-2.));
#4611 = VECTOR('',#4612,1.);
#4612 = DIRECTION('',(-1.,0.));
#4613 = ( GEOMETRIC_REPRESENTATION_CONTEXT(2) 
PARAMETRIC_REPRESENTATION_CONTEXT() REPRESENTATION_CONTEXT('2D SPACE',''
  ) );
#4614 = ORIENTED_EDGE('',*,*,#944,.T.);
#4615 = ORIENTED_EDGE('',*,*,#4435,.T.);
#4616 = ORIENTED_EDGE('',*,*,#4617,.T.);
#4617 = EDGE_CURVE('',#4436,#4593,#4618,.T.);
#4618 = SURFACE_CURVE('',#4619,(#4623,#4630),.PCURVE_S1.);
#4619 = LINE('',#4620,#4621);
#4620 = CARTESIAN_POINT('',(11.,145.09609197405,31.438897087944));
#4621 = VECTOR('',#4622,1.);
#4622 = DIRECTION('',(1.,0.,0.));
#4623 = PCURVE('',#960,#4624);
#4624 = DEFINITIONAL_REPRESENTATION('',(#4625),#4629);
#4625 = LINE('',#4626,#4627);
#4626 = CARTESIAN_POINT('',(2.75,0.));
#4627 = VECTOR('',#4628,1.);
#4628 = DIRECTION('',(0.,1.));
#4629 = ( GEOMETRIC_REPRESENTATION_CONTEXT(2) 
PARAMETRIC_REPRESENTATION_CONTEXT() REPRESENTATION_CONTEXT('2D SPACE',''
  ) );
#4630 = PCURVE('',#3506,#4631);
#4631 = DEFINITIONAL_REPRESENTATION('',(#4632),#4636);
#4632 = LINE('',#4633,#4634);
#4633 = CARTESIAN_POINT('',(0.,136.5875));
#4634 = VECTOR('',#4635,1.);
#4635 = DIRECTION('',(1.,0.));
#4636 = ( GEOMETRIC_REPRESENTATION_CONTEXT(2) 
PARAMETRIC_REPRESENTATION_CONTEXT() REPRESENTATION_CONTEXT('2D SPACE',''
  ) );
#4637 = ADVANCED_FACE('',(#4638),#2038,.F.);
#4638 = FACE_BOUND('',#4639,.F.);
#4639 = EDGE_LOOP('',(#4640,#4641,#4642,#4665));
#4640 = ORIENTED_EDGE('',*,*,#4517,.F.);
#4641 = ORIENTED_EDGE('',*,*,#2021,.T.);
#4642 = ORIENTED_EDGE('',*,*,#4643,.T.);
#4643 = EDGE_CURVE('',#1994,#4644,#4646,.T.);
#4644 = VERTEX_POINT('',#4645);
#4645 = CARTESIAN_POINT('',(169.30625,4.22150603564,17.235686432256));
#4646 = SURFACE_CURVE('',#4647,(#4651,#4658),.PCURVE_S1.);
#4647 = LINE('',#4648,#4649);
#4648 = CARTESIAN_POINT('',(169.30625,4.571676387586,13.904038082772));
#4649 = VECTOR('',#4650,1.);
#4650 = DIRECTION('',(0.,-0.104528463268,0.994521895368));
#4651 = PCURVE('',#2038,#4652);
#4652 = DEFINITIONAL_REPRESENTATION('',(#4653),#4657);
#4653 = LINE('',#4654,#4655);
#4654 = CARTESIAN_POINT('',(1.570796326795,0.));
#4655 = VECTOR('',#4656,1.);
#4656 = DIRECTION('',(0.,1.));
#4657 = ( GEOMETRIC_REPRESENTATION_CONTEXT(2) 
PARAMETRIC_REPRESENTATION_CONTEXT() REPRESENTATION_CONTEXT('2D SPACE',''
  ) );
#4658 = PCURVE('',#2009,#4659);
#4659 = DEFINITIONAL_REPRESENTATION('',(#4660),#4664);
#4660 = LINE('',#4661,#4662);
#4661 = CARTESIAN_POINT('',(0.,0.5));
#4662 = VECTOR('',#4663,1.);
#4663 = DIRECTION('',(1.,0.));
#4664 = ( GEOMETRIC_REPRESENTATION_CONTEXT(2) 
PARAMETRIC_REPRESENTATION_CONTEXT() REPRESENTATION_CONTEXT('2D SPACE',''
  ) );
#4665 = ORIENTED_EDGE('',*,*,#4666,.F.);
#4666 = EDGE_CURVE('',#4488,#4644,#4667,.T.);
#4667 = SURFACE_CURVE('',#4668,(#4673,#4680),.PCURVE_S1.);
#4668 = CIRCLE('',#4669,0.5);
#4669 = AXIS2_PLACEMENT_3D('',#4670,#4671,#4672);
#4670 = CARTESIAN_POINT('',(169.30625,4.718766983324,17.28795066389));
#4671 = DIRECTION('',(0.,-0.104528463268,0.994521895368));
#4672 = DIRECTION('',(0.,-0.994521895368,-0.104528463268));
#4673 = PCURVE('',#2038,#4674);
#4674 = DEFINITIONAL_REPRESENTATION('',(#4675),#4679);
#4675 = LINE('',#4676,#4677);
#4676 = CARTESIAN_POINT('',(-4.712388980385,3.35));
#4677 = VECTOR('',#4678,1.);
#4678 = DIRECTION('',(1.,0.));
#4679 = ( GEOMETRIC_REPRESENTATION_CONTEXT(2) 
PARAMETRIC_REPRESENTATION_CONTEXT() REPRESENTATION_CONTEXT('2D SPACE',''
  ) );
#4680 = PCURVE('',#4505,#4681);
#4681 = DEFINITIONAL_REPRESENTATION('',(#4682),#4686);
#4682 = CIRCLE('',#4683,0.5);
#4683 = AXIS2_PLACEMENT_2D('',#4684,#4685);
#4684 = CARTESIAN_POINT('',(0.5,0.5));
#4685 = DIRECTION('',(0.,-1.));
#4686 = ( GEOMETRIC_REPRESENTATION_CONTEXT(2) 
PARAMETRIC_REPRESENTATION_CONTEXT() REPRESENTATION_CONTEXT('2D SPACE',''
  ) );
#4687 = ADVANCED_FACE('',(#4688),#988,.T.);
#4688 = FACE_BOUND('',#4689,.T.);
#4689 = EDGE_LOOP('',(#4690,#4720,#4748,#4769,#4770,#4771));
#4690 = ORIENTED_EDGE('',*,*,#4691,.F.);
#4691 = EDGE_CURVE('',#4692,#4694,#4696,.T.);
#4692 = VERTEX_POINT('',#4693);
#4693 = CARTESIAN_POINT('',(59.5,143.54159205304,31.878817530263));
#4694 = VERTEX_POINT('',#4695);
#4695 = CARTESIAN_POINT('',(59.5,149.50872342525,32.505988309869));
#4696 = SURFACE_CURVE('',#4697,(#4701,#4708),.PCURVE_S1.);
#4697 = LINE('',#4698,#4699);
#4698 = CARTESIAN_POINT('',(59.5,143.04433110535,31.82655329863));
#4699 = VECTOR('',#4700,1.);
#4700 = DIRECTION('',(0.,0.994521895368,0.104528463268));
#4701 = PCURVE('',#988,#4702);
#4702 = DEFINITIONAL_REPRESENTATION('',(#4703),#4707);
#4703 = LINE('',#4704,#4705);
#4704 = CARTESIAN_POINT('',(3.35,5.551115123126E-15));
#4705 = VECTOR('',#4706,1.);
#4706 = DIRECTION('',(0.,-1.));
#4707 = ( GEOMETRIC_REPRESENTATION_CONTEXT(2) 
PARAMETRIC_REPRESENTATION_CONTEXT() REPRESENTATION_CONTEXT('2D SPACE',''
  ) );
#4708 = PCURVE('',#4709,#4714);
#4709 = PLANE('',#4710);
#4710 = AXIS2_PLACEMENT_3D('',#4711,#4712,#4713);
#4711 = CARTESIAN_POINT('',(59.5,143.04433110535,31.82655329863));
#4712 = DIRECTION('',(0.,-0.104528463268,0.994521895368));
#4713 = DIRECTION('',(1.,0.,0.));
#4714 = DEFINITIONAL_REPRESENTATION('',(#4715),#4719);
#4715 = LINE('',#4716,#4717);
#4716 = CARTESIAN_POINT('',(0.,0.));
#4717 = VECTOR('',#4718,1.);
#4718 = DIRECTION('',(0.,1.));
#4719 = ( GEOMETRIC_REPRESENTATION_CONTEXT(2) 
PARAMETRIC_REPRESENTATION_CONTEXT() REPRESENTATION_CONTEXT('2D SPACE',''
  ) );
#4720 = ORIENTED_EDGE('',*,*,#4721,.F.);
#4721 = EDGE_CURVE('',#4722,#4692,#4724,.T.);
#4722 = VERTEX_POINT('',#4723);
#4723 = CARTESIAN_POINT('',(59.5,143.604309131,31.282104393043));
#4724 = SURFACE_CURVE('',#4725,(#4729,#4736),.PCURVE_S1.);
#4725 = LINE('',#4726,#4727);
#4726 = CARTESIAN_POINT('',(59.5,143.89176240498,28.54716918078));
#4727 = VECTOR('',#4728,1.);
#4728 = DIRECTION('',(0.,-0.104528463268,0.994521895368));
#4729 = PCURVE('',#988,#4730);
#4730 = DEFINITIONAL_REPRESENTATION('',(#4731),#4735);
#4731 = LINE('',#4732,#4733);
#4732 = CARTESIAN_POINT('',(6.800116025829E-16,-0.5));
#4733 = VECTOR('',#4734,1.);
#4734 = DIRECTION('',(1.,0.));
#4735 = ( GEOMETRIC_REPRESENTATION_CONTEXT(2) 
PARAMETRIC_REPRESENTATION_CONTEXT() REPRESENTATION_CONTEXT('2D SPACE',''
  ) );
#4736 = PCURVE('',#4737,#4742);
#4737 = CYLINDRICAL_SURFACE('',#4738,0.5);
#4738 = AXIS2_PLACEMENT_3D('',#4739,#4740,#4741);
#4739 = CARTESIAN_POINT('',(60.,143.89176240498,28.54716918078));
#4740 = DIRECTION('',(0.,-0.104528463268,0.994521895368));
#4741 = DIRECTION('',(-1.,-0.,0.));
#4742 = DEFINITIONAL_REPRESENTATION('',(#4743),#4747);
#4743 = LINE('',#4744,#4745);
#4744 = CARTESIAN_POINT('',(0.,0.));
#4745 = VECTOR('',#4746,1.);
#4746 = DIRECTION('',(0.,1.));
#4747 = ( GEOMETRIC_REPRESENTATION_CONTEXT(2) 
PARAMETRIC_REPRESENTATION_CONTEXT() REPRESENTATION_CONTEXT('2D SPACE',''
  ) );
#4748 = ORIENTED_EDGE('',*,*,#4749,.T.);
#4749 = EDGE_CURVE('',#4722,#4593,#4750,.T.);
#4750 = SURFACE_CURVE('',#4751,(#4755,#4762),.PCURVE_S1.);
#4751 = LINE('',#4752,#4753);
#4752 = CARTESIAN_POINT('',(59.5,76.181940386881,24.195727886391));
#4753 = VECTOR('',#4754,1.);
#4754 = DIRECTION('',(0.,0.994521895368,0.104528463268));
#4755 = PCURVE('',#988,#4756);
#4756 = DEFINITIONAL_REPRESENTATION('',(#4757),#4761);
#4757 = LINE('',#4758,#4759);
#4758 = CARTESIAN_POINT('',(2.75,67.29375));
#4759 = VECTOR('',#4760,1.);
#4760 = DIRECTION('',(0.,-1.));
#4761 = ( GEOMETRIC_REPRESENTATION_CONTEXT(2) 
PARAMETRIC_REPRESENTATION_CONTEXT() REPRESENTATION_CONTEXT('2D SPACE',''
  ) );
#4762 = PCURVE('',#3506,#4763);
#4763 = DEFINITIONAL_REPRESENTATION('',(#4764),#4768);
#4764 = LINE('',#4765,#4766);
#4765 = CARTESIAN_POINT('',(48.5,67.29375));
#4766 = VECTOR('',#4767,1.);
#4767 = DIRECTION('',(0.,1.));
#4768 = ( GEOMETRIC_REPRESENTATION_CONTEXT(2) 
PARAMETRIC_REPRESENTATION_CONTEXT() REPRESENTATION_CONTEXT('2D SPACE',''
  ) );
#4769 = ORIENTED_EDGE('',*,*,#4592,.T.);
#4770 = ORIENTED_EDGE('',*,*,#972,.T.);
#4771 = ORIENTED_EDGE('',*,*,#4772,.T.);
#4772 = EDGE_CURVE('',#973,#4694,#4773,.T.);
#4773 = SURFACE_CURVE('',#4774,(#4778,#4785),.PCURVE_S1.);
#4774 = LINE('',#4775,#4776);
#4775 = CARTESIAN_POINT('',(59.5,149.85889377719,29.174339960386));
#4776 = VECTOR('',#4777,1.);
#4777 = DIRECTION('',(0.,-0.104528463268,0.994521895368));
#4778 = PCURVE('',#988,#4779);
#4779 = DEFINITIONAL_REPRESENTATION('',(#4780),#4784);
#4780 = LINE('',#4781,#4782);
#4781 = CARTESIAN_POINT('',(6.661338147751E-16,-6.5));
#4782 = VECTOR('',#4783,1.);
#4783 = DIRECTION('',(1.,0.));
#4784 = ( GEOMETRIC_REPRESENTATION_CONTEXT(2) 
PARAMETRIC_REPRESENTATION_CONTEXT() REPRESENTATION_CONTEXT('2D SPACE',''
  ) );
#4785 = PCURVE('',#1017,#4786);
#4786 = DEFINITIONAL_REPRESENTATION('',(#4787),#4791);
#4787 = LINE('',#4788,#4789);
#4788 = CARTESIAN_POINT('',(-0.,0.));
#4789 = VECTOR('',#4790,1.);
#4790 = DIRECTION('',(-0.,1.));
#4791 = ( GEOMETRIC_REPRESENTATION_CONTEXT(2) 
PARAMETRIC_REPRESENTATION_CONTEXT() REPRESENTATION_CONTEXT('2D SPACE',''
  ) );
#4792 = ADVANCED_FACE('',(#4793),#2009,.T.);
#4793 = FACE_BOUND('',#4794,.T.);
#4794 = EDGE_LOOP('',(#4795,#4796,#4797,#4820));
#4795 = ORIENTED_EDGE('',*,*,#1993,.T.);
#4796 = ORIENTED_EDGE('',*,*,#4643,.T.);
#4797 = ORIENTED_EDGE('',*,*,#4798,.T.);
#4798 = EDGE_CURVE('',#4644,#4799,#4801,.T.);
#4799 = VERTEX_POINT('',#4800);
#4800 = CARTESIAN_POINT('',(189.30625,4.22150603564,17.235686432256));
#4801 = SURFACE_CURVE('',#4802,(#4806,#4813),.PCURVE_S1.);
#4802 = LINE('',#4803,#4804);
#4803 = CARTESIAN_POINT('',(168.80625,4.22150603564,17.235686432256));
#4804 = VECTOR('',#4805,1.);
#4805 = DIRECTION('',(1.,0.,0.));
#4806 = PCURVE('',#2009,#4807);
#4807 = DEFINITIONAL_REPRESENTATION('',(#4808),#4812);
#4808 = LINE('',#4809,#4810);
#4809 = CARTESIAN_POINT('',(3.35,0.));
#4810 = VECTOR('',#4811,1.);
#4811 = DIRECTION('',(0.,1.));
#4812 = ( GEOMETRIC_REPRESENTATION_CONTEXT(2) 
PARAMETRIC_REPRESENTATION_CONTEXT() REPRESENTATION_CONTEXT('2D SPACE',''
  ) );
#4813 = PCURVE('',#4505,#4814);
#4814 = DEFINITIONAL_REPRESENTATION('',(#4815),#4819);
#4815 = LINE('',#4816,#4817);
#4816 = CARTESIAN_POINT('',(0.,0.));
#4817 = VECTOR('',#4818,1.);
#4818 = DIRECTION('',(1.,0.));
#4819 = ( GEOMETRIC_REPRESENTATION_CONTEXT(2) 
PARAMETRIC_REPRESENTATION_CONTEXT() REPRESENTATION_CONTEXT('2D SPACE',''
  ) );
#4820 = ORIENTED_EDGE('',*,*,#4821,.F.);
#4821 = EDGE_CURVE('',#1965,#4799,#4822,.T.);
#4822 = SURFACE_CURVE('',#4823,(#4827,#4834),.PCURVE_S1.);
#4823 = LINE('',#4824,#4825);
#4824 = CARTESIAN_POINT('',(189.30625,4.571676387586,13.904038082772));
#4825 = VECTOR('',#4826,1.);
#4826 = DIRECTION('',(0.,-0.104528463268,0.994521895368));
#4827 = PCURVE('',#2009,#4828);
#4828 = DEFINITIONAL_REPRESENTATION('',(#4829),#4833);
#4829 = LINE('',#4830,#4831);
#4830 = CARTESIAN_POINT('',(0.,20.5));
#4831 = VECTOR('',#4832,1.);
#4832 = DIRECTION('',(1.,0.));
#4833 = ( GEOMETRIC_REPRESENTATION_CONTEXT(2) 
PARAMETRIC_REPRESENTATION_CONTEXT() REPRESENTATION_CONTEXT('2D SPACE',''
  ) );
#4834 = PCURVE('',#1981,#4835);
#4835 = DEFINITIONAL_REPRESENTATION('',(#4836),#4840);
#4836 = LINE('',#4837,#4838);
#4837 = CARTESIAN_POINT('',(-1.570796326795,0.));
#4838 = VECTOR('',#4839,1.);
#4839 = DIRECTION('',(-0.,1.));
#4840 = ( GEOMETRIC_REPRESENTATION_CONTEXT(2) 
PARAMETRIC_REPRESENTATION_CONTEXT() REPRESENTATION_CONTEXT('2D SPACE',''
  ) );
#4841 = ADVANCED_FACE('',(#4842),#1017,.F.);
#4842 = FACE_BOUND('',#4843,.T.);
#4843 = EDGE_LOOP('',(#4844,#4845,#4846,#4869));
#4844 = ORIENTED_EDGE('',*,*,#4772,.F.);
#4845 = ORIENTED_EDGE('',*,*,#1000,.F.);
#4846 = ORIENTED_EDGE('',*,*,#4847,.T.);
#4847 = EDGE_CURVE('',#1001,#4848,#4850,.T.);
#4848 = VERTEX_POINT('',#4849);
#4849 = CARTESIAN_POINT('',(60.,150.00598437293,32.558252541503));
#4850 = SURFACE_CURVE('',#4851,(#4855,#4862),.PCURVE_S1.);
#4851 = LINE('',#4852,#4853);
#4852 = CARTESIAN_POINT('',(60.,150.35615472488,29.22660419202));
#4853 = VECTOR('',#4854,1.);
#4854 = DIRECTION('',(0.,-0.104528463268,0.994521895368));
#4855 = PCURVE('',#1017,#4856);
#4856 = DEFINITIONAL_REPRESENTATION('',(#4857),#4861);
#4857 = LINE('',#4858,#4859);
#4858 = CARTESIAN_POINT('',(-1.570796326795,0.));
#4859 = VECTOR('',#4860,1.);
#4860 = DIRECTION('',(-0.,1.));
#4861 = ( GEOMETRIC_REPRESENTATION_CONTEXT(2) 
PARAMETRIC_REPRESENTATION_CONTEXT() REPRESENTATION_CONTEXT('2D SPACE',''
  ) );
#4862 = PCURVE('',#1045,#4863);
#4863 = DEFINITIONAL_REPRESENTATION('',(#4864),#4868);
#4864 = LINE('',#4865,#4866);
#4865 = CARTESIAN_POINT('',(0.,0.5));
#4866 = VECTOR('',#4867,1.);
#4867 = DIRECTION('',(1.,0.));
#4868 = ( GEOMETRIC_REPRESENTATION_CONTEXT(2) 
PARAMETRIC_REPRESENTATION_CONTEXT() REPRESENTATION_CONTEXT('2D SPACE',''
  ) );
#4869 = ORIENTED_EDGE('',*,*,#4870,.F.);
#4870 = EDGE_CURVE('',#4694,#4848,#4871,.T.);
#4871 = SURFACE_CURVE('',#4872,(#4877,#4884),.PCURVE_S1.);
#4872 = CIRCLE('',#4873,0.5);
#4873 = AXIS2_PLACEMENT_3D('',#4874,#4875,#4876);
#4874 = CARTESIAN_POINT('',(60.,149.50872342525,32.505988309869));
#4875 = DIRECTION('',(0.,0.104528463268,-0.994521895368));
#4876 = DIRECTION('',(0.,-0.994521895368,-0.104528463268));
#4877 = PCURVE('',#1017,#4878);
#4878 = DEFINITIONAL_REPRESENTATION('',(#4879),#4883);
#4879 = LINE('',#4880,#4881);
#4880 = CARTESIAN_POINT('',(1.570796326795,3.35));
#4881 = VECTOR('',#4882,1.);
#4882 = DIRECTION('',(-1.,0.));
#4883 = ( GEOMETRIC_REPRESENTATION_CONTEXT(2) 
PARAMETRIC_REPRESENTATION_CONTEXT() REPRESENTATION_CONTEXT('2D SPACE',''
  ) );
#4884 = PCURVE('',#4709,#4885);
#4885 = DEFINITIONAL_REPRESENTATION('',(#4886),#4894);
#4886 = ( BOUNDED_CURVE() B_SPLINE_CURVE(2,(#4887,#4888,#4889,#4890,
#4891,#4892,#4893),.UNSPECIFIED.,.T.,.F.) B_SPLINE_CURVE_WITH_KNOTS((1,2
    ,2,2,2,1),(-2.094395102393,0.,2.094395102393,4.188790204786,
6.28318530718,8.377580409573),.UNSPECIFIED.) CURVE() 
GEOMETRIC_REPRESENTATION_ITEM() RATIONAL_B_SPLINE_CURVE((1.,0.5,1.,0.5,
1.,0.5,1.)) REPRESENTATION_ITEM('') );
#4887 = CARTESIAN_POINT('',(0.5,6.));
#4888 = CARTESIAN_POINT('',(-0.366025403784,6.));
#4889 = CARTESIAN_POINT('',(6.698729810778E-02,6.75));
#4890 = CARTESIAN_POINT('',(0.5,7.5));
#4891 = CARTESIAN_POINT('',(0.933012701892,6.75));
#4892 = CARTESIAN_POINT('',(1.366025403784,6.));
#4893 = CARTESIAN_POINT('',(0.5,6.));
#4894 = ( GEOMETRIC_REPRESENTATION_CONTEXT(2) 
PARAMETRIC_REPRESENTATION_CONTEXT() REPRESENTATION_CONTEXT('2D SPACE',''
  ) );
#4895 = ADVANCED_FACE('',(#4896),#1981,.F.);
#4896 = FACE_BOUND('',#4897,.T.);
#4897 = EDGE_LOOP('',(#4898,#4921,#4922,#4923));
#4898 = ORIENTED_EDGE('',*,*,#4899,.F.);
#4899 = EDGE_CURVE('',#1937,#4900,#4902,.T.);
#4900 = VERTEX_POINT('',#4901);
#4901 = CARTESIAN_POINT('',(189.80625,4.718766983324,17.28795066389));
#4902 = SURFACE_CURVE('',#4903,(#4907,#4914),.PCURVE_S1.);
#4903 = LINE('',#4904,#4905);
#4904 = CARTESIAN_POINT('',(189.80625,5.068937335271,13.956302314406));
#4905 = VECTOR('',#4906,1.);
#4906 = DIRECTION('',(0.,-0.104528463268,0.994521895368));
#4907 = PCURVE('',#1981,#4908);
#4908 = DEFINITIONAL_REPRESENTATION('',(#4909),#4913);
#4909 = LINE('',#4910,#4911);
#4910 = CARTESIAN_POINT('',(-0.,0.));
#4911 = VECTOR('',#4912,1.);
#4912 = DIRECTION('',(-0.,1.));
#4913 = ( GEOMETRIC_REPRESENTATION_CONTEXT(2) 
PARAMETRIC_REPRESENTATION_CONTEXT() REPRESENTATION_CONTEXT('2D SPACE',''
  ) );
#4914 = PCURVE('',#1952,#4915);
#4915 = DEFINITIONAL_REPRESENTATION('',(#4916),#4920);
#4916 = LINE('',#4917,#4918);
#4917 = CARTESIAN_POINT('',(-8.049116928532E-16,-0.5));
#4918 = VECTOR('',#4919,1.);
#4919 = DIRECTION('',(1.,0.));
#4920 = ( GEOMETRIC_REPRESENTATION_CONTEXT(2) 
PARAMETRIC_REPRESENTATION_CONTEXT() REPRESENTATION_CONTEXT('2D SPACE',''
  ) );
#4921 = ORIENTED_EDGE('',*,*,#1964,.F.);
#4922 = ORIENTED_EDGE('',*,*,#4821,.T.);
#4923 = ORIENTED_EDGE('',*,*,#4924,.F.);
#4924 = EDGE_CURVE('',#4900,#4799,#4925,.T.);
#4925 = SURFACE_CURVE('',#4926,(#4931,#4938),.PCURVE_S1.);
#4926 = CIRCLE('',#4927,0.5);
#4927 = AXIS2_PLACEMENT_3D('',#4928,#4929,#4930);
#4928 = CARTESIAN_POINT('',(189.30625,4.718766983324,17.28795066389));
#4929 = DIRECTION('',(0.,0.104528463268,-0.994521895368));
#4930 = DIRECTION('',(0.,-0.994521895368,-0.104528463268));
#4931 = PCURVE('',#1981,#4932);
#4932 = DEFINITIONAL_REPRESENTATION('',(#4933),#4937);
#4933 = LINE('',#4934,#4935);
#4934 = CARTESIAN_POINT('',(4.712388980385,3.35));
#4935 = VECTOR('',#4936,1.);
#4936 = DIRECTION('',(-1.,0.));
#4937 = ( GEOMETRIC_REPRESENTATION_CONTEXT(2) 
PARAMETRIC_REPRESENTATION_CONTEXT() REPRESENTATION_CONTEXT('2D SPACE',''
  ) );
#4938 = PCURVE('',#4505,#4939);
#4939 = DEFINITIONAL_REPRESENTATION('',(#4940),#4948);
#4940 = ( BOUNDED_CURVE() B_SPLINE_CURVE(2,(#4941,#4942,#4943,#4944,
#4945,#4946,#4947),.UNSPECIFIED.,.T.,.F.) B_SPLINE_CURVE_WITH_KNOTS((1,2
    ,2,2,2,1),(-2.094395102393,0.,2.094395102393,4.188790204786,
6.28318530718,8.377580409573),.UNSPECIFIED.) CURVE() 
GEOMETRIC_REPRESENTATION_ITEM() RATIONAL_B_SPLINE_CURVE((1.,0.5,1.,0.5,
1.,0.5,1.)) REPRESENTATION_ITEM('') );
#4941 = CARTESIAN_POINT('',(20.5,5.551115123126E-17));
#4942 = CARTESIAN_POINT('',(19.633974596216,5.551115123126E-17));
#4943 = CARTESIAN_POINT('',(20.066987298108,0.75));
#4944 = CARTESIAN_POINT('',(20.5,1.5));
#4945 = CARTESIAN_POINT('',(20.933012701892,0.75));
#4946 = CARTESIAN_POINT('',(21.366025403784,8.326672684689E-16));
#4947 = CARTESIAN_POINT('',(20.5,5.551115123126E-17));
#4948 = ( GEOMETRIC_REPRESENTATION_CONTEXT(2) 
PARAMETRIC_REPRESENTATION_CONTEXT() REPRESENTATION_CONTEXT('2D SPACE',''
  ) );
#4949 = ADVANCED_FACE('',(#4950),#1045,.F.);
#4950 = FACE_BOUND('',#4951,.F.);
#4951 = EDGE_LOOP('',(#4952,#4953,#4954,#4977));
#4952 = ORIENTED_EDGE('',*,*,#1029,.T.);
#4953 = ORIENTED_EDGE('',*,*,#4847,.T.);
#4954 = ORIENTED_EDGE('',*,*,#4955,.T.);
#4955 = EDGE_CURVE('',#4848,#4956,#4958,.T.);
#4956 = VERTEX_POINT('',#4957);
#4957 = CARTESIAN_POINT('',(80.,150.00598437293,32.558252541503));
#4958 = SURFACE_CURVE('',#4959,(#4963,#4970),.PCURVE_S1.);
#4959 = LINE('',#4960,#4961);
#4960 = CARTESIAN_POINT('',(59.5,150.00598437293,32.558252541503));
#4961 = VECTOR('',#4962,1.);
#4962 = DIRECTION('',(1.,0.,0.));
#4963 = PCURVE('',#1045,#4964);
#4964 = DEFINITIONAL_REPRESENTATION('',(#4965),#4969);
#4965 = LINE('',#4966,#4967);
#4966 = CARTESIAN_POINT('',(3.35,0.));
#4967 = VECTOR('',#4968,1.);
#4968 = DIRECTION('',(0.,1.));
#4969 = ( GEOMETRIC_REPRESENTATION_CONTEXT(2) 
PARAMETRIC_REPRESENTATION_CONTEXT() REPRESENTATION_CONTEXT('2D SPACE',''
  ) );
#4970 = PCURVE('',#4709,#4971);
#4971 = DEFINITIONAL_REPRESENTATION('',(#4972),#4976);
#4972 = LINE('',#4973,#4974);
#4973 = CARTESIAN_POINT('',(0.,7.));
#4974 = VECTOR('',#4975,1.);
#4975 = DIRECTION('',(1.,0.));
#4976 = ( GEOMETRIC_REPRESENTATION_CONTEXT(2) 
PARAMETRIC_REPRESENTATION_CONTEXT() REPRESENTATION_CONTEXT('2D SPACE',''
  ) );
#4977 = ORIENTED_EDGE('',*,*,#4978,.F.);
#4978 = EDGE_CURVE('',#1030,#4956,#4979,.T.);
#4979 = SURFACE_CURVE('',#4980,(#4984,#4991),.PCURVE_S1.);
#4980 = LINE('',#4981,#4982);
#4981 = CARTESIAN_POINT('',(80.,150.35615472488,29.22660419202));
#4982 = VECTOR('',#4983,1.);
#4983 = DIRECTION('',(0.,-0.104528463268,0.994521895368));
#4984 = PCURVE('',#1045,#4985);
#4985 = DEFINITIONAL_REPRESENTATION('',(#4986),#4990);
#4986 = LINE('',#4987,#4988);
#4987 = CARTESIAN_POINT('',(0.,20.5));
#4988 = VECTOR('',#4989,1.);
#4989 = DIRECTION('',(1.,0.));
#4990 = ( GEOMETRIC_REPRESENTATION_CONTEXT(2) 
PARAMETRIC_REPRESENTATION_CONTEXT() REPRESENTATION_CONTEXT('2D SPACE',''
  ) );
#4991 = PCURVE('',#1074,#4992);
#4992 = DEFINITIONAL_REPRESENTATION('',(#4993),#4997);
#4993 = LINE('',#4994,#4995);
#4994 = CARTESIAN_POINT('',(1.570796326795,0.));
#4995 = VECTOR('',#4996,1.);
#4996 = DIRECTION('',(0.,1.));
#4997 = ( GEOMETRIC_REPRESENTATION_CONTEXT(2) 
PARAMETRIC_REPRESENTATION_CONTEXT() REPRESENTATION_CONTEXT('2D SPACE',''
  ) );
#4998 = ADVANCED_FACE('',(#4999),#1952,.F.);
#4999 = FACE_BOUND('',#5000,.F.);
#5000 = EDGE_LOOP('',(#5001,#5024,#5025,#5026,#5049,#5072));
#5001 = ORIENTED_EDGE('',*,*,#5002,.F.);
#5002 = EDGE_CURVE('',#4900,#5003,#5005,.T.);
#5003 = VERTEX_POINT('',#5004);
#5004 = CARTESIAN_POINT('',(189.80625,10.685898355534,17.915121443496));
#5005 = SURFACE_CURVE('',#5006,(#5010,#5017),.PCURVE_S1.);
#5006 = LINE('',#5007,#5008);
#5007 = CARTESIAN_POINT('',(189.80625,4.22150603564,17.235686432256));
#5008 = VECTOR('',#5009,1.);
#5009 = DIRECTION('',(0.,0.994521895368,0.104528463268));
#5010 = PCURVE('',#1952,#5011);
#5011 = DEFINITIONAL_REPRESENTATION('',(#5012),#5016);
#5012 = LINE('',#5013,#5014);
#5013 = CARTESIAN_POINT('',(3.35,-8.326672684689E-16));
#5014 = VECTOR('',#5015,1.);
#5015 = DIRECTION('',(0.,-1.));
#5016 = ( GEOMETRIC_REPRESENTATION_CONTEXT(2) 
PARAMETRIC_REPRESENTATION_CONTEXT() REPRESENTATION_CONTEXT('2D SPACE',''
  ) );
#5017 = PCURVE('',#4505,#5018);
#5018 = DEFINITIONAL_REPRESENTATION('',(#5019),#5023);
#5019 = LINE('',#5020,#5021);
#5020 = CARTESIAN_POINT('',(21.,0.));
#5021 = VECTOR('',#5022,1.);
#5022 = DIRECTION('',(0.,1.));
#5023 = ( GEOMETRIC_REPRESENTATION_CONTEXT(2) 
PARAMETRIC_REPRESENTATION_CONTEXT() REPRESENTATION_CONTEXT('2D SPACE',''
  ) );
#5024 = ORIENTED_EDGE('',*,*,#4899,.F.);
#5025 = ORIENTED_EDGE('',*,*,#1936,.T.);
#5026 = ORIENTED_EDGE('',*,*,#5027,.F.);
#5027 = EDGE_CURVE('',#5028,#1909,#5030,.T.);
#5028 = VERTEX_POINT('',#5029);
#5029 = CARTESIAN_POINT('',(189.80625,9.256832590442,17.161615611373));
#5030 = SURFACE_CURVE('',#5031,(#5035,#5042),.PCURVE_S1.);
#5031 = LINE('',#5032,#5033);
#5032 = CARTESIAN_POINT('',(189.80625,9.544285864428,14.426680399111));
#5033 = VECTOR('',#5034,1.);
#5034 = DIRECTION('',(0.,0.104528463268,-0.994521895368));
#5035 = PCURVE('',#1952,#5036);
#5036 = DEFINITIONAL_REPRESENTATION('',(#5037),#5041);
#5037 = LINE('',#5038,#5039);
#5038 = CARTESIAN_POINT('',(-5.551115123126E-16,-5.));
#5039 = VECTOR('',#5040,1.);
#5040 = DIRECTION('',(-1.,0.));
#5041 = ( GEOMETRIC_REPRESENTATION_CONTEXT(2) 
PARAMETRIC_REPRESENTATION_CONTEXT() REPRESENTATION_CONTEXT('2D SPACE',''
  ) );
#5042 = PCURVE('',#1924,#5043);
#5043 = DEFINITIONAL_REPRESENTATION('',(#5044),#5048);
#5044 = LINE('',#5045,#5046);
#5045 = CARTESIAN_POINT('',(0.,178.80625));
#5046 = VECTOR('',#5047,1.);
#5047 = DIRECTION('',(-1.,0.));
#5048 = ( GEOMETRIC_REPRESENTATION_CONTEXT(2) 
PARAMETRIC_REPRESENTATION_CONTEXT() REPRESENTATION_CONTEXT('2D SPACE',''
  ) );
#5049 = ORIENTED_EDGE('',*,*,#5050,.T.);
#5050 = EDGE_CURVE('',#5028,#5051,#5053,.T.);
#5051 = VERTEX_POINT('',#5052);
#5052 = CARTESIAN_POINT('',(189.80625,10.748615433494,17.318408306275));
#5053 = SURFACE_CURVE('',#5054,(#5058,#5065),.PCURVE_S1.);
#5054 = LINE('',#5055,#5056);
#5055 = CARTESIAN_POINT('',(189.80625,6.770527852021,16.900294453204));
#5056 = VECTOR('',#5057,1.);
#5057 = DIRECTION('',(0.,0.994521895368,0.104528463268));
#5058 = PCURVE('',#1952,#5059);
#5059 = DEFINITIONAL_REPRESENTATION('',(#5060),#5064);
#5060 = LINE('',#5061,#5062);
#5061 = CARTESIAN_POINT('',(2.75,-2.5));
#5062 = VECTOR('',#5063,1.);
#5063 = DIRECTION('',(0.,-1.));
#5064 = ( GEOMETRIC_REPRESENTATION_CONTEXT(2) 
PARAMETRIC_REPRESENTATION_CONTEXT() REPRESENTATION_CONTEXT('2D SPACE',''
  ) );
#5065 = PCURVE('',#3506,#5066);
#5066 = DEFINITIONAL_REPRESENTATION('',(#5067),#5071);
#5067 = LINE('',#5068,#5069);
#5068 = CARTESIAN_POINT('',(178.80625,-2.5));
#5069 = VECTOR('',#5070,1.);
#5070 = DIRECTION('',(0.,1.));
#5071 = ( GEOMETRIC_REPRESENTATION_CONTEXT(2) 
PARAMETRIC_REPRESENTATION_CONTEXT() REPRESENTATION_CONTEXT('2D SPACE',''
  ) );
#5072 = ORIENTED_EDGE('',*,*,#5073,.T.);
#5073 = EDGE_CURVE('',#5051,#5003,#5074,.T.);
#5074 = SURFACE_CURVE('',#5075,(#5079,#5086),.PCURVE_S1.);
#5075 = LINE('',#5076,#5077);
#5076 = CARTESIAN_POINT('',(189.80625,11.03606870748,14.583473094012));
#5077 = VECTOR('',#5078,1.);
#5078 = DIRECTION('',(0.,-0.104528463268,0.994521895368));
#5079 = PCURVE('',#1952,#5080);
#5080 = DEFINITIONAL_REPRESENTATION('',(#5081),#5085);
#5081 = LINE('',#5082,#5083);
#5082 = CARTESIAN_POINT('',(6.661338147751E-16,-6.5));
#5083 = VECTOR('',#5084,1.);
#5084 = DIRECTION('',(1.,0.));
#5085 = ( GEOMETRIC_REPRESENTATION_CONTEXT(2) 
PARAMETRIC_REPRESENTATION_CONTEXT() REPRESENTATION_CONTEXT('2D SPACE',''
  ) );
#5086 = PCURVE('',#5087,#5092);
#5087 = CYLINDRICAL_SURFACE('',#5088,0.5);
#5088 = AXIS2_PLACEMENT_3D('',#5089,#5090,#5091);
#5089 = CARTESIAN_POINT('',(189.30625,11.03606870748,14.583473094012));
#5090 = DIRECTION('',(0.,-0.104528463268,0.994521895368));
#5091 = DIRECTION('',(1.,0.,0.));
#5092 = DEFINITIONAL_REPRESENTATION('',(#5093),#5097);
#5093 = LINE('',#5094,#5095);
#5094 = CARTESIAN_POINT('',(0.,0.));
#5095 = VECTOR('',#5096,1.);
#5096 = DIRECTION('',(0.,1.));
#5097 = ( GEOMETRIC_REPRESENTATION_CONTEXT(2) 
PARAMETRIC_REPRESENTATION_CONTEXT() REPRESENTATION_CONTEXT('2D SPACE',''
  ) );
#5098 = ADVANCED_FACE('',(#5099),#1074,.F.);
#5099 = FACE_BOUND('',#5100,.F.);
#5100 = EDGE_LOOP('',(#5101,#5124,#5125,#5126));
#5101 = ORIENTED_EDGE('',*,*,#5102,.F.);
#5102 = EDGE_CURVE('',#1058,#5103,#5105,.T.);
#5103 = VERTEX_POINT('',#5104);
#5104 = CARTESIAN_POINT('',(80.5,149.50872342525,32.505988309869));
#5105 = SURFACE_CURVE('',#5106,(#5110,#5117),.PCURVE_S1.);
#5106 = LINE('',#5107,#5108);
#5107 = CARTESIAN_POINT('',(80.5,149.85889377719,29.174339960386));
#5108 = VECTOR('',#5109,1.);
#5109 = DIRECTION('',(0.,-0.104528463268,0.994521895368));
#5110 = PCURVE('',#1074,#5111);
#5111 = DEFINITIONAL_REPRESENTATION('',(#5112),#5116);
#5112 = LINE('',#5113,#5114);
#5113 = CARTESIAN_POINT('',(0.,0.));
#5114 = VECTOR('',#5115,1.);
#5115 = DIRECTION('',(0.,1.));
#5116 = ( GEOMETRIC_REPRESENTATION_CONTEXT(2) 
PARAMETRIC_REPRESENTATION_CONTEXT() REPRESENTATION_CONTEXT('2D SPACE',''
  ) );
#5117 = PCURVE('',#1102,#5118);
#5118 = DEFINITIONAL_REPRESENTATION('',(#5119),#5123);
#5119 = LINE('',#5120,#5121);
#5120 = CARTESIAN_POINT('',(6.661338147751E-16,-6.5));
#5121 = VECTOR('',#5122,1.);
#5122 = DIRECTION('',(1.,0.));
#5123 = ( GEOMETRIC_REPRESENTATION_CONTEXT(2) 
PARAMETRIC_REPRESENTATION_CONTEXT() REPRESENTATION_CONTEXT('2D SPACE',''
  ) );
#5124 = ORIENTED_EDGE('',*,*,#1057,.T.);
#5125 = ORIENTED_EDGE('',*,*,#4978,.T.);
#5126 = ORIENTED_EDGE('',*,*,#5127,.F.);
#5127 = EDGE_CURVE('',#5103,#4956,#5128,.T.);
#5128 = SURFACE_CURVE('',#5129,(#5134,#5141),.PCURVE_S1.);
#5129 = CIRCLE('',#5130,0.5);
#5130 = AXIS2_PLACEMENT_3D('',#5131,#5132,#5133);
#5131 = CARTESIAN_POINT('',(80.,149.50872342525,32.505988309869));
#5132 = DIRECTION('',(0.,-0.104528463268,0.994521895368));
#5133 = DIRECTION('',(0.,-0.994521895368,-0.104528463268));
#5134 = PCURVE('',#1074,#5135);
#5135 = DEFINITIONAL_REPRESENTATION('',(#5136),#5140);
#5136 = LINE('',#5137,#5138);
#5137 = CARTESIAN_POINT('',(-1.570796326795,3.35));
#5138 = VECTOR('',#5139,1.);
#5139 = DIRECTION('',(1.,0.));
#5140 = ( GEOMETRIC_REPRESENTATION_CONTEXT(2) 
PARAMETRIC_REPRESENTATION_CONTEXT() REPRESENTATION_CONTEXT('2D SPACE',''
  ) );
#5141 = PCURVE('',#4709,#5142);
#5142 = DEFINITIONAL_REPRESENTATION('',(#5143),#5147);
#5143 = CIRCLE('',#5144,0.5);
#5144 = AXIS2_PLACEMENT_2D('',#5145,#5146);
#5145 = CARTESIAN_POINT('',(20.5,6.5));
#5146 = DIRECTION('',(0.,-1.));
#5147 = ( GEOMETRIC_REPRESENTATION_CONTEXT(2) 
PARAMETRIC_REPRESENTATION_CONTEXT() REPRESENTATION_CONTEXT('2D SPACE',''
  ) );
#5148 = ADVANCED_FACE('',(#5149),#1924,.T.);
#5149 = FACE_BOUND('',#5150,.T.);
#5150 = EDGE_LOOP('',(#5151,#5174,#5175,#5176));
#5151 = ORIENTED_EDGE('',*,*,#5152,.T.);
#5152 = EDGE_CURVE('',#5153,#1881,#5155,.T.);
#5153 = VERTEX_POINT('',#5154);
#5154 = CARTESIAN_POINT('',(278.1125,9.256832590442,17.161615611373));
#5155 = SURFACE_CURVE('',#5156,(#5160,#5167),.PCURVE_S1.);
#5156 = LINE('',#5157,#5158);
#5157 = CARTESIAN_POINT('',(278.1125,9.544285864428,14.426680399111));
#5158 = VECTOR('',#5159,1.);
#5159 = DIRECTION('',(0.,0.104528463268,-0.994521895368));
#5160 = PCURVE('',#1924,#5161);
#5161 = DEFINITIONAL_REPRESENTATION('',(#5162),#5166);
#5162 = LINE('',#5163,#5164);
#5163 = CARTESIAN_POINT('',(0.,267.1125));
#5164 = VECTOR('',#5165,1.);
#5165 = DIRECTION('',(-1.,0.));
#5166 = ( GEOMETRIC_REPRESENTATION_CONTEXT(2) 
PARAMETRIC_REPRESENTATION_CONTEXT() REPRESENTATION_CONTEXT('2D SPACE',''
  ) );
#5167 = PCURVE('',#1896,#5168);
#5168 = DEFINITIONAL_REPRESENTATION('',(#5169),#5173);
#5169 = LINE('',#5170,#5171);
#5170 = CARTESIAN_POINT('',(-5.551115123126E-16,-5.));
#5171 = VECTOR('',#5172,1.);
#5172 = DIRECTION('',(-1.,0.));
#5173 = ( GEOMETRIC_REPRESENTATION_CONTEXT(2) 
PARAMETRIC_REPRESENTATION_CONTEXT() REPRESENTATION_CONTEXT('2D SPACE',''
  ) );
#5174 = ORIENTED_EDGE('',*,*,#1908,.T.);
#5175 = ORIENTED_EDGE('',*,*,#5027,.F.);
#5176 = ORIENTED_EDGE('',*,*,#5177,.T.);
#5177 = EDGE_CURVE('',#5028,#5153,#5178,.T.);
#5178 = SURFACE_CURVE('',#5179,(#5183,#5190),.PCURVE_S1.);
#5179 = LINE('',#5180,#5181);
#5180 = CARTESIAN_POINT('',(11.,9.256832590442,17.161615611373));
#5181 = VECTOR('',#5182,1.);
#5182 = DIRECTION('',(1.,0.,0.));
#5183 = PCURVE('',#1924,#5184);
#5184 = DEFINITIONAL_REPRESENTATION('',(#5185),#5189);
#5185 = LINE('',#5186,#5187);
#5186 = CARTESIAN_POINT('',(2.75,0.));
#5187 = VECTOR('',#5188,1.);
#5188 = DIRECTION('',(0.,1.));
#5189 = ( GEOMETRIC_REPRESENTATION_CONTEXT(2) 
PARAMETRIC_REPRESENTATION_CONTEXT() REPRESENTATION_CONTEXT('2D SPACE',''
  ) );
#5190 = PCURVE('',#3506,#5191);
#5191 = DEFINITIONAL_REPRESENTATION('',(#5192),#5196);
#5192 = LINE('',#5193,#5194);
#5193 = CARTESIAN_POINT('',(0.,0.));
#5194 = VECTOR('',#5195,1.);
#5195 = DIRECTION('',(1.,0.));
#5196 = ( GEOMETRIC_REPRESENTATION_CONTEXT(2) 
PARAMETRIC_REPRESENTATION_CONTEXT() REPRESENTATION_CONTEXT('2D SPACE',''
  ) );
#5197 = ADVANCED_FACE('',(#5198),#1102,.F.);
#5198 = FACE_BOUND('',#5199,.F.);
#5199 = EDGE_LOOP('',(#5200,#5223,#5251,#5274,#5295,#5296));
#5200 = ORIENTED_EDGE('',*,*,#5201,.F.);
#5201 = EDGE_CURVE('',#5202,#5103,#5204,.T.);
#5202 = VERTEX_POINT('',#5203);
#5203 = CARTESIAN_POINT('',(80.5,143.54159205304,31.878817530263));
#5204 = SURFACE_CURVE('',#5205,(#5209,#5216),.PCURVE_S1.);
#5205 = LINE('',#5206,#5207);
#5206 = CARTESIAN_POINT('',(80.5,143.04433110535,31.82655329863));
#5207 = VECTOR('',#5208,1.);
#5208 = DIRECTION('',(0.,0.994521895368,0.104528463268));
#5209 = PCURVE('',#1102,#5210);
#5210 = DEFINITIONAL_REPRESENTATION('',(#5211),#5215);
#5211 = LINE('',#5212,#5213);
#5212 = CARTESIAN_POINT('',(3.35,5.551115123126E-15));
#5213 = VECTOR('',#5214,1.);
#5214 = DIRECTION('',(0.,-1.));
#5215 = ( GEOMETRIC_REPRESENTATION_CONTEXT(2) 
PARAMETRIC_REPRESENTATION_CONTEXT() REPRESENTATION_CONTEXT('2D SPACE',''
  ) );
#5216 = PCURVE('',#4709,#5217);
#5217 = DEFINITIONAL_REPRESENTATION('',(#5218),#5222);
#5218 = LINE('',#5219,#5220);
#5219 = CARTESIAN_POINT('',(21.,0.));
#5220 = VECTOR('',#5221,1.);
#5221 = DIRECTION('',(0.,1.));
#5222 = ( GEOMETRIC_REPRESENTATION_CONTEXT(2) 
PARAMETRIC_REPRESENTATION_CONTEXT() REPRESENTATION_CONTEXT('2D SPACE',''
  ) );
#5223 = ORIENTED_EDGE('',*,*,#5224,.F.);
#5224 = EDGE_CURVE('',#5225,#5202,#5227,.T.);
#5225 = VERTEX_POINT('',#5226);
#5226 = CARTESIAN_POINT('',(80.5,143.604309131,31.282104393043));
#5227 = SURFACE_CURVE('',#5228,(#5232,#5239),.PCURVE_S1.);
#5228 = LINE('',#5229,#5230);
#5229 = CARTESIAN_POINT('',(80.5,143.89176240498,28.54716918078));
#5230 = VECTOR('',#5231,1.);
#5231 = DIRECTION('',(0.,-0.104528463268,0.994521895368));
#5232 = PCURVE('',#1102,#5233);
#5233 = DEFINITIONAL_REPRESENTATION('',(#5234),#5238);
#5234 = LINE('',#5235,#5236);
#5235 = CARTESIAN_POINT('',(6.800116025829E-16,-0.5));
#5236 = VECTOR('',#5237,1.);
#5237 = DIRECTION('',(1.,0.));
#5238 = ( GEOMETRIC_REPRESENTATION_CONTEXT(2) 
PARAMETRIC_REPRESENTATION_CONTEXT() REPRESENTATION_CONTEXT('2D SPACE',''
  ) );
#5239 = PCURVE('',#5240,#5245);
#5240 = CYLINDRICAL_SURFACE('',#5241,0.5);
#5241 = AXIS2_PLACEMENT_3D('',#5242,#5243,#5244);
#5242 = CARTESIAN_POINT('',(80.,143.89176240498,28.54716918078));
#5243 = DIRECTION('',(0.,-0.104528463268,0.994521895368));
#5244 = DIRECTION('',(1.,0.,0.));
#5245 = DEFINITIONAL_REPRESENTATION('',(#5246),#5250);
#5246 = LINE('',#5247,#5248);
#5247 = CARTESIAN_POINT('',(-0.,0.));
#5248 = VECTOR('',#5249,1.);
#5249 = DIRECTION('',(-0.,1.));
#5250 = ( GEOMETRIC_REPRESENTATION_CONTEXT(2) 
PARAMETRIC_REPRESENTATION_CONTEXT() REPRESENTATION_CONTEXT('2D SPACE',''
  ) );
#5251 = ORIENTED_EDGE('',*,*,#5252,.T.);
#5252 = EDGE_CURVE('',#5225,#5253,#5255,.T.);
#5253 = VERTEX_POINT('',#5254);
#5254 = CARTESIAN_POINT('',(80.5,145.09609197405,31.438897087944));
#5255 = SURFACE_CURVE('',#5256,(#5260,#5267),.PCURVE_S1.);
#5256 = LINE('',#5257,#5258);
#5257 = CARTESIAN_POINT('',(80.5,76.181940386881,24.195727886391));
#5258 = VECTOR('',#5259,1.);
#5259 = DIRECTION('',(0.,0.994521895368,0.104528463268));
#5260 = PCURVE('',#1102,#5261);
#5261 = DEFINITIONAL_REPRESENTATION('',(#5262),#5266);
#5262 = LINE('',#5263,#5264);
#5263 = CARTESIAN_POINT('',(2.75,67.29375));
#5264 = VECTOR('',#5265,1.);
#5265 = DIRECTION('',(0.,-1.));
#5266 = ( GEOMETRIC_REPRESENTATION_CONTEXT(2) 
PARAMETRIC_REPRESENTATION_CONTEXT() REPRESENTATION_CONTEXT('2D SPACE',''
  ) );
#5267 = PCURVE('',#3506,#5268);
#5268 = DEFINITIONAL_REPRESENTATION('',(#5269),#5273);
#5269 = LINE('',#5270,#5271);
#5270 = CARTESIAN_POINT('',(69.5,67.29375));
#5271 = VECTOR('',#5272,1.);
#5272 = DIRECTION('',(0.,1.));
#5273 = ( GEOMETRIC_REPRESENTATION_CONTEXT(2) 
PARAMETRIC_REPRESENTATION_CONTEXT() REPRESENTATION_CONTEXT('2D SPACE',''
  ) );
#5274 = ORIENTED_EDGE('',*,*,#5275,.T.);
#5275 = EDGE_CURVE('',#5253,#1087,#5276,.T.);
#5276 = SURFACE_CURVE('',#5277,(#5281,#5288),.PCURVE_S1.);
#5277 = LINE('',#5278,#5279);
#5278 = CARTESIAN_POINT('',(80.5,145.38354524804,28.703961875681));
#5279 = VECTOR('',#5280,1.);
#5280 = DIRECTION('',(0.,0.104528463268,-0.994521895368));
#5281 = PCURVE('',#1102,#5282);
#5282 = DEFINITIONAL_REPRESENTATION('',(#5283),#5287);
#5283 = LINE('',#5284,#5285);
#5284 = CARTESIAN_POINT('',(2.164934898019E-15,-2.));
#5285 = VECTOR('',#5286,1.);
#5286 = DIRECTION('',(-1.,0.));
#5287 = ( GEOMETRIC_REPRESENTATION_CONTEXT(2) 
PARAMETRIC_REPRESENTATION_CONTEXT() REPRESENTATION_CONTEXT('2D SPACE',''
  ) );
#5288 = PCURVE('',#1130,#5289);
#5289 = DEFINITIONAL_REPRESENTATION('',(#5290),#5294);
#5290 = LINE('',#5291,#5292);
#5291 = CARTESIAN_POINT('',(0.,69.5));
#5292 = VECTOR('',#5293,1.);
#5293 = DIRECTION('',(-1.,0.));
#5294 = ( GEOMETRIC_REPRESENTATION_CONTEXT(2) 
PARAMETRIC_REPRESENTATION_CONTEXT() REPRESENTATION_CONTEXT('2D SPACE',''
  ) );
#5295 = ORIENTED_EDGE('',*,*,#1086,.T.);
#5296 = ORIENTED_EDGE('',*,*,#5102,.T.);
#5297 = ADVANCED_FACE('',(#5298),#1896,.T.);
#5298 = FACE_BOUND('',#5299,.T.);
#5299 = EDGE_LOOP('',(#5300,#5330,#5351,#5352,#5353,#5376));
#5300 = ORIENTED_EDGE('',*,*,#5301,.F.);
#5301 = EDGE_CURVE('',#5302,#5304,#5306,.T.);
#5302 = VERTEX_POINT('',#5303);
#5303 = CARTESIAN_POINT('',(278.1125,4.718766983324,17.28795066389));
#5304 = VERTEX_POINT('',#5305);
#5305 = CARTESIAN_POINT('',(278.1125,10.685898355534,17.915121443496));
#5306 = SURFACE_CURVE('',#5307,(#5311,#5318),.PCURVE_S1.);
#5307 = LINE('',#5308,#5309);
#5308 = CARTESIAN_POINT('',(278.1125,4.22150603564,17.235686432256));
#5309 = VECTOR('',#5310,1.);
#5310 = DIRECTION('',(0.,0.994521895368,0.104528463268));
#5311 = PCURVE('',#1896,#5312);
#5312 = DEFINITIONAL_REPRESENTATION('',(#5313),#5317);
#5313 = LINE('',#5314,#5315);
#5314 = CARTESIAN_POINT('',(3.35,-8.326672684689E-16));
#5315 = VECTOR('',#5316,1.);
#5316 = DIRECTION('',(0.,-1.));
#5317 = ( GEOMETRIC_REPRESENTATION_CONTEXT(2) 
PARAMETRIC_REPRESENTATION_CONTEXT() REPRESENTATION_CONTEXT('2D SPACE',''
  ) );
#5318 = PCURVE('',#5319,#5324);
#5319 = PLANE('',#5320);
#5320 = AXIS2_PLACEMENT_3D('',#5321,#5322,#5323);
#5321 = CARTESIAN_POINT('',(278.1125,4.22150603564,17.235686432256));
#5322 = DIRECTION('',(0.,-0.104528463268,0.994521895368));
#5323 = DIRECTION('',(1.,0.,0.));
#5324 = DEFINITIONAL_REPRESENTATION('',(#5325),#5329);
#5325 = LINE('',#5326,#5327);
#5326 = CARTESIAN_POINT('',(0.,0.));
#5327 = VECTOR('',#5328,1.);
#5328 = DIRECTION('',(0.,1.));
#5329 = ( GEOMETRIC_REPRESENTATION_CONTEXT(2) 
PARAMETRIC_REPRESENTATION_CONTEXT() REPRESENTATION_CONTEXT('2D SPACE',''
  ) );
#5330 = ORIENTED_EDGE('',*,*,#5331,.F.);
#5331 = EDGE_CURVE('',#1852,#5302,#5332,.T.);
#5332 = SURFACE_CURVE('',#5333,(#5337,#5344),.PCURVE_S1.);
#5333 = LINE('',#5334,#5335);
#5334 = CARTESIAN_POINT('',(278.1125,5.068937335271,13.956302314406));
#5335 = VECTOR('',#5336,1.);
#5336 = DIRECTION('',(0.,-0.104528463268,0.994521895368));
#5337 = PCURVE('',#1896,#5338);
#5338 = DEFINITIONAL_REPRESENTATION('',(#5339),#5343);
#5339 = LINE('',#5340,#5341);
#5340 = CARTESIAN_POINT('',(-8.049116928532E-16,-0.5));
#5341 = VECTOR('',#5342,1.);
#5342 = DIRECTION('',(1.,0.));
#5343 = ( GEOMETRIC_REPRESENTATION_CONTEXT(2) 
PARAMETRIC_REPRESENTATION_CONTEXT() REPRESENTATION_CONTEXT('2D SPACE',''
  ) );
#5344 = PCURVE('',#1868,#5345);
#5345 = DEFINITIONAL_REPRESENTATION('',(#5346),#5350);
#5346 = LINE('',#5347,#5348);
#5347 = CARTESIAN_POINT('',(0.,0.));
#5348 = VECTOR('',#5349,1.);
#5349 = DIRECTION('',(0.,1.));
#5350 = ( GEOMETRIC_REPRESENTATION_CONTEXT(2) 
PARAMETRIC_REPRESENTATION_CONTEXT() REPRESENTATION_CONTEXT('2D SPACE',''
  ) );
#5351 = ORIENTED_EDGE('',*,*,#1880,.T.);
#5352 = ORIENTED_EDGE('',*,*,#5152,.F.);
#5353 = ORIENTED_EDGE('',*,*,#5354,.T.);
#5354 = EDGE_CURVE('',#5153,#5355,#5357,.T.);
#5355 = VERTEX_POINT('',#5356);
#5356 = CARTESIAN_POINT('',(278.1125,10.748615433494,17.318408306275));
#5357 = SURFACE_CURVE('',#5358,(#5362,#5369),.PCURVE_S1.);
#5358 = LINE('',#5359,#5360);
#5359 = CARTESIAN_POINT('',(278.1125,6.770527852021,16.900294453204));
#5360 = VECTOR('',#5361,1.);
#5361 = DIRECTION('',(0.,0.994521895368,0.104528463268));
#5362 = PCURVE('',#1896,#5363);
#5363 = DEFINITIONAL_REPRESENTATION('',(#5364),#5368);
#5364 = LINE('',#5365,#5366);
#5365 = CARTESIAN_POINT('',(2.75,-2.5));
#5366 = VECTOR('',#5367,1.);
#5367 = DIRECTION('',(0.,-1.));
#5368 = ( GEOMETRIC_REPRESENTATION_CONTEXT(2) 
PARAMETRIC_REPRESENTATION_CONTEXT() REPRESENTATION_CONTEXT('2D SPACE',''
  ) );
#5369 = PCURVE('',#3506,#5370);
#5370 = DEFINITIONAL_REPRESENTATION('',(#5371),#5375);
#5371 = LINE('',#5372,#5373);
#5372 = CARTESIAN_POINT('',(267.1125,-2.5));
#5373 = VECTOR('',#5374,1.);
#5374 = DIRECTION('',(0.,1.));
#5375 = ( GEOMETRIC_REPRESENTATION_CONTEXT(2) 
PARAMETRIC_REPRESENTATION_CONTEXT() REPRESENTATION_CONTEXT('2D SPACE',''
  ) );
#5376 = ORIENTED_EDGE('',*,*,#5377,.T.);
#5377 = EDGE_CURVE('',#5355,#5304,#5378,.T.);
#5378 = SURFACE_CURVE('',#5379,(#5383,#5390),.PCURVE_S1.);
#5379 = LINE('',#5380,#5381);
#5380 = CARTESIAN_POINT('',(278.1125,11.03606870748,14.583473094012));
#5381 = VECTOR('',#5382,1.);
#5382 = DIRECTION('',(0.,-0.104528463268,0.994521895368));
#5383 = PCURVE('',#1896,#5384);
#5384 = DEFINITIONAL_REPRESENTATION('',(#5385),#5389);
#5385 = LINE('',#5386,#5387);
#5386 = CARTESIAN_POINT('',(6.661338147751E-16,-6.5));
#5387 = VECTOR('',#5388,1.);
#5388 = DIRECTION('',(1.,0.));
#5389 = ( GEOMETRIC_REPRESENTATION_CONTEXT(2) 
PARAMETRIC_REPRESENTATION_CONTEXT() REPRESENTATION_CONTEXT('2D SPACE',''
  ) );
#5390 = PCURVE('',#5391,#5396);
#5391 = CYLINDRICAL_SURFACE('',#5392,0.5);
#5392 = AXIS2_PLACEMENT_3D('',#5393,#5394,#5395);
#5393 = CARTESIAN_POINT('',(278.6125,11.03606870748,14.583473094012));
#5394 = DIRECTION('',(0.,-0.104528463268,0.994521895368));
#5395 = DIRECTION('',(-1.,-0.,0.));
#5396 = DEFINITIONAL_REPRESENTATION('',(#5397),#5401);
#5397 = LINE('',#5398,#5399);
#5398 = CARTESIAN_POINT('',(-0.,0.));
#5399 = VECTOR('',#5400,1.);
#5400 = DIRECTION('',(-0.,1.));
#5401 = ( GEOMETRIC_REPRESENTATION_CONTEXT(2) 
PARAMETRIC_REPRESENTATION_CONTEXT() REPRESENTATION_CONTEXT('2D SPACE',''
  ) );
#5402 = ADVANCED_FACE('',(#5403),#1130,.F.);
#5403 = FACE_BOUND('',#5404,.F.);
#5404 = EDGE_LOOP('',(#5405,#5428,#5429,#5430));
#5405 = ORIENTED_EDGE('',*,*,#5406,.T.);
#5406 = EDGE_CURVE('',#5407,#1115,#5409,.T.);
#5407 = VERTEX_POINT('',#5408);
#5408 = CARTESIAN_POINT('',(168.80625,145.09609197405,31.438897087944));
#5409 = SURFACE_CURVE('',#5410,(#5414,#5421),.PCURVE_S1.);
#5410 = LINE('',#5411,#5412);
#5411 = CARTESIAN_POINT('',(168.80625,145.38354524804,28.703961875681));
#5412 = VECTOR('',#5413,1.);
#5413 = DIRECTION('',(0.,0.104528463268,-0.994521895368));
#5414 = PCURVE('',#1130,#5415);
#5415 = DEFINITIONAL_REPRESENTATION('',(#5416),#5420);
#5416 = LINE('',#5417,#5418);
#5417 = CARTESIAN_POINT('',(0.,157.80625));
#5418 = VECTOR('',#5419,1.);
#5419 = DIRECTION('',(-1.,0.));
#5420 = ( GEOMETRIC_REPRESENTATION_CONTEXT(2) 
PARAMETRIC_REPRESENTATION_CONTEXT() REPRESENTATION_CONTEXT('2D SPACE',''
  ) );
#5421 = PCURVE('',#1158,#5422);
#5422 = DEFINITIONAL_REPRESENTATION('',(#5423),#5427);
#5423 = LINE('',#5424,#5425);
#5424 = CARTESIAN_POINT('',(2.164934898019E-15,-2.));
#5425 = VECTOR('',#5426,1.);
#5426 = DIRECTION('',(-1.,0.));
#5427 = ( GEOMETRIC_REPRESENTATION_CONTEXT(2) 
PARAMETRIC_REPRESENTATION_CONTEXT() REPRESENTATION_CONTEXT('2D SPACE',''
  ) );
#5428 = ORIENTED_EDGE('',*,*,#1114,.T.);
#5429 = ORIENTED_EDGE('',*,*,#5275,.F.);
#5430 = ORIENTED_EDGE('',*,*,#5431,.T.);
#5431 = EDGE_CURVE('',#5253,#5407,#5432,.T.);
#5432 = SURFACE_CURVE('',#5433,(#5437,#5444),.PCURVE_S1.);
#5433 = LINE('',#5434,#5435);
#5434 = CARTESIAN_POINT('',(11.,145.09609197405,31.438897087944));
#5435 = VECTOR('',#5436,1.);
#5436 = DIRECTION('',(1.,0.,0.));
#5437 = PCURVE('',#1130,#5438);
#5438 = DEFINITIONAL_REPRESENTATION('',(#5439),#5443);
#5439 = LINE('',#5440,#5441);
#5440 = CARTESIAN_POINT('',(2.75,0.));
#5441 = VECTOR('',#5442,1.);
#5442 = DIRECTION('',(0.,1.));
#5443 = ( GEOMETRIC_REPRESENTATION_CONTEXT(2) 
PARAMETRIC_REPRESENTATION_CONTEXT() REPRESENTATION_CONTEXT('2D SPACE',''
  ) );
#5444 = PCURVE('',#3506,#5445);
#5445 = DEFINITIONAL_REPRESENTATION('',(#5446),#5450);
#5446 = LINE('',#5447,#5448);
#5447 = CARTESIAN_POINT('',(0.,136.5875));
#5448 = VECTOR('',#5449,1.);
#5449 = DIRECTION('',(1.,0.));
#5450 = ( GEOMETRIC_REPRESENTATION_CONTEXT(2) 
PARAMETRIC_REPRESENTATION_CONTEXT() REPRESENTATION_CONTEXT('2D SPACE',''
  ) );
#5451 = ADVANCED_FACE('',(#5452),#1868,.F.);
#5452 = FACE_BOUND('',#5453,.F.);
#5453 = EDGE_LOOP('',(#5454,#5455,#5456,#5479));
#5454 = ORIENTED_EDGE('',*,*,#5331,.F.);
#5455 = ORIENTED_EDGE('',*,*,#1851,.T.);
#5456 = ORIENTED_EDGE('',*,*,#5457,.T.);
#5457 = EDGE_CURVE('',#1824,#5458,#5460,.T.);
#5458 = VERTEX_POINT('',#5459);
#5459 = CARTESIAN_POINT('',(278.6125,4.22150603564,17.235686432256));
#5460 = SURFACE_CURVE('',#5461,(#5465,#5472),.PCURVE_S1.);
#5461 = LINE('',#5462,#5463);
#5462 = CARTESIAN_POINT('',(278.6125,4.571676387586,13.904038082772));
#5463 = VECTOR('',#5464,1.);
#5464 = DIRECTION('',(0.,-0.104528463268,0.994521895368));
#5465 = PCURVE('',#1868,#5466);
#5466 = DEFINITIONAL_REPRESENTATION('',(#5467),#5471);
#5467 = LINE('',#5468,#5469);
#5468 = CARTESIAN_POINT('',(1.570796326795,0.));
#5469 = VECTOR('',#5470,1.);
#5470 = DIRECTION('',(0.,1.));
#5471 = ( GEOMETRIC_REPRESENTATION_CONTEXT(2) 
PARAMETRIC_REPRESENTATION_CONTEXT() REPRESENTATION_CONTEXT('2D SPACE',''
  ) );
#5472 = PCURVE('',#1839,#5473);
#5473 = DEFINITIONAL_REPRESENTATION('',(#5474),#5478);
#5474 = LINE('',#5475,#5476);
#5475 = CARTESIAN_POINT('',(0.,0.5));
#5476 = VECTOR('',#5477,1.);
#5477 = DIRECTION('',(1.,0.));
#5478 = ( GEOMETRIC_REPRESENTATION_CONTEXT(2) 
PARAMETRIC_REPRESENTATION_CONTEXT() REPRESENTATION_CONTEXT('2D SPACE',''
  ) );
#5479 = ORIENTED_EDGE('',*,*,#5480,.F.);
#5480 = EDGE_CURVE('',#5302,#5458,#5481,.T.);
#5481 = SURFACE_CURVE('',#5482,(#5487,#5494),.PCURVE_S1.);
#5482 = CIRCLE('',#5483,0.5);
#5483 = AXIS2_PLACEMENT_3D('',#5484,#5485,#5486);
#5484 = CARTESIAN_POINT('',(278.6125,4.718766983324,17.28795066389));
#5485 = DIRECTION('',(0.,-0.104528463268,0.994521895368));
#5486 = DIRECTION('',(0.,-0.994521895368,-0.104528463268));
#5487 = PCURVE('',#1868,#5488);
#5488 = DEFINITIONAL_REPRESENTATION('',(#5489),#5493);
#5489 = LINE('',#5490,#5491);
#5490 = CARTESIAN_POINT('',(-4.712388980385,3.35));
#5491 = VECTOR('',#5492,1.);
#5492 = DIRECTION('',(1.,0.));
#5493 = ( GEOMETRIC_REPRESENTATION_CONTEXT(2) 
PARAMETRIC_REPRESENTATION_CONTEXT() REPRESENTATION_CONTEXT('2D SPACE',''
  ) );
#5494 = PCURVE('',#5319,#5495);
#5495 = DEFINITIONAL_REPRESENTATION('',(#5496),#5500);
#5496 = CIRCLE('',#5497,0.5);
#5497 = AXIS2_PLACEMENT_2D('',#5498,#5499);
#5498 = CARTESIAN_POINT('',(0.5,0.5));
#5499 = DIRECTION('',(0.,-1.));
#5500 = ( GEOMETRIC_REPRESENTATION_CONTEXT(2) 
PARAMETRIC_REPRESENTATION_CONTEXT() REPRESENTATION_CONTEXT('2D SPACE',''
  ) );
#5501 = ADVANCED_FACE('',(#5502),#1158,.T.);
#5502 = FACE_BOUND('',#5503,.T.);
#5503 = EDGE_LOOP('',(#5504,#5534,#5562,#5583,#5584,#5585));
#5504 = ORIENTED_EDGE('',*,*,#5505,.F.);
#5505 = EDGE_CURVE('',#5506,#5508,#5510,.T.);
#5506 = VERTEX_POINT('',#5507);
#5507 = CARTESIAN_POINT('',(168.80625,143.54159205304,31.878817530263));
#5508 = VERTEX_POINT('',#5509);
#5509 = CARTESIAN_POINT('',(168.80625,149.50872342525,32.505988309869));
#5510 = SURFACE_CURVE('',#5511,(#5515,#5522),.PCURVE_S1.);
#5511 = LINE('',#5512,#5513);
#5512 = CARTESIAN_POINT('',(168.80625,143.04433110535,31.82655329863));
#5513 = VECTOR('',#5514,1.);
#5514 = DIRECTION('',(0.,0.994521895368,0.104528463268));
#5515 = PCURVE('',#1158,#5516);
#5516 = DEFINITIONAL_REPRESENTATION('',(#5517),#5521);
#5517 = LINE('',#5518,#5519);
#5518 = CARTESIAN_POINT('',(3.35,5.551115123126E-15));
#5519 = VECTOR('',#5520,1.);
#5520 = DIRECTION('',(0.,-1.));
#5521 = ( GEOMETRIC_REPRESENTATION_CONTEXT(2) 
PARAMETRIC_REPRESENTATION_CONTEXT() REPRESENTATION_CONTEXT('2D SPACE',''
  ) );
#5522 = PCURVE('',#5523,#5528);
#5523 = PLANE('',#5524);
#5524 = AXIS2_PLACEMENT_3D('',#5525,#5526,#5527);
#5525 = CARTESIAN_POINT('',(168.80625,143.04433110535,31.82655329863));
#5526 = DIRECTION('',(0.,-0.104528463268,0.994521895368));
#5527 = DIRECTION('',(1.,0.,0.));
#5528 = DEFINITIONAL_REPRESENTATION('',(#5529),#5533);
#5529 = LINE('',#5530,#5531);
#5530 = CARTESIAN_POINT('',(0.,0.));
#5531 = VECTOR('',#5532,1.);
#5532 = DIRECTION('',(0.,1.));
#5533 = ( GEOMETRIC_REPRESENTATION_CONTEXT(2) 
PARAMETRIC_REPRESENTATION_CONTEXT() REPRESENTATION_CONTEXT('2D SPACE',''
  ) );
#5534 = ORIENTED_EDGE('',*,*,#5535,.F.);
#5535 = EDGE_CURVE('',#5536,#5506,#5538,.T.);
#5536 = VERTEX_POINT('',#5537);
#5537 = CARTESIAN_POINT('',(168.80625,143.604309131,31.282104393043));
#5538 = SURFACE_CURVE('',#5539,(#5543,#5550),.PCURVE_S1.);
#5539 = LINE('',#5540,#5541);
#5540 = CARTESIAN_POINT('',(168.80625,143.89176240498,28.54716918078));
#5541 = VECTOR('',#5542,1.);
#5542 = DIRECTION('',(0.,-0.104528463268,0.994521895368));
#5543 = PCURVE('',#1158,#5544);
#5544 = DEFINITIONAL_REPRESENTATION('',(#5545),#5549);
#5545 = LINE('',#5546,#5547);
#5546 = CARTESIAN_POINT('',(6.800116025829E-16,-0.5));
#5547 = VECTOR('',#5548,1.);
#5548 = DIRECTION('',(1.,0.));
#5549 = ( GEOMETRIC_REPRESENTATION_CONTEXT(2) 
PARAMETRIC_REPRESENTATION_CONTEXT() REPRESENTATION_CONTEXT('2D SPACE',''
  ) );
#5550 = PCURVE('',#5551,#5556);
#5551 = CYLINDRICAL_SURFACE('',#5552,0.5);
#5552 = AXIS2_PLACEMENT_3D('',#5553,#5554,#5555);
#5553 = CARTESIAN_POINT('',(169.30625,143.89176240498,28.54716918078));
#5554 = DIRECTION('',(0.,-0.104528463268,0.994521895368));
#5555 = DIRECTION('',(-1.,-0.,0.));
#5556 = DEFINITIONAL_REPRESENTATION('',(#5557),#5561);
#5557 = LINE('',#5558,#5559);
#5558 = CARTESIAN_POINT('',(0.,0.));
#5559 = VECTOR('',#5560,1.);
#5560 = DIRECTION('',(0.,1.));
#5561 = ( GEOMETRIC_REPRESENTATION_CONTEXT(2) 
PARAMETRIC_REPRESENTATION_CONTEXT() REPRESENTATION_CONTEXT('2D SPACE',''
  ) );
#5562 = ORIENTED_EDGE('',*,*,#5563,.T.);
#5563 = EDGE_CURVE('',#5536,#5407,#5564,.T.);
#5564 = SURFACE_CURVE('',#5565,(#5569,#5576),.PCURVE_S1.);
#5565 = LINE('',#5566,#5567);
#5566 = CARTESIAN_POINT('',(168.80625,76.181940386881,24.195727886391));
#5567 = VECTOR('',#5568,1.);
#5568 = DIRECTION('',(0.,0.994521895368,0.104528463268));
#5569 = PCURVE('',#1158,#5570);
#5570 = DEFINITIONAL_REPRESENTATION('',(#5571),#5575);
#5571 = LINE('',#5572,#5573);
#5572 = CARTESIAN_POINT('',(2.75,67.29375));
#5573 = VECTOR('',#5574,1.);
#5574 = DIRECTION('',(0.,-1.));
#5575 = ( GEOMETRIC_REPRESENTATION_CONTEXT(2) 
PARAMETRIC_REPRESENTATION_CONTEXT() REPRESENTATION_CONTEXT('2D SPACE',''
  ) );
#5576 = PCURVE('',#3506,#5577);
#5577 = DEFINITIONAL_REPRESENTATION('',(#5578),#5582);
#5578 = LINE('',#5579,#5580);
#5579 = CARTESIAN_POINT('',(157.80625,67.29375));
#5580 = VECTOR('',#5581,1.);
#5581 = DIRECTION('',(0.,1.));
#5582 = ( GEOMETRIC_REPRESENTATION_CONTEXT(2) 
PARAMETRIC_REPRESENTATION_CONTEXT() REPRESENTATION_CONTEXT('2D SPACE',''
  ) );
#5583 = ORIENTED_EDGE('',*,*,#5406,.T.);
#5584 = ORIENTED_EDGE('',*,*,#1142,.T.);
#5585 = ORIENTED_EDGE('',*,*,#5586,.T.);
#5586 = EDGE_CURVE('',#1143,#5508,#5587,.T.);
#5587 = SURFACE_CURVE('',#5588,(#5592,#5599),.PCURVE_S1.);
#5588 = LINE('',#5589,#5590);
#5589 = CARTESIAN_POINT('',(168.80625,149.85889377719,29.174339960386));
#5590 = VECTOR('',#5591,1.);
#5591 = DIRECTION('',(0.,-0.104528463268,0.994521895368));
#5592 = PCURVE('',#1158,#5593);
#5593 = DEFINITIONAL_REPRESENTATION('',(#5594),#5598);
#5594 = LINE('',#5595,#5596);
#5595 = CARTESIAN_POINT('',(6.661338147751E-16,-6.5));
#5596 = VECTOR('',#5597,1.);
#5597 = DIRECTION('',(1.,0.));
#5598 = ( GEOMETRIC_REPRESENTATION_CONTEXT(2) 
PARAMETRIC_REPRESENTATION_CONTEXT() REPRESENTATION_CONTEXT('2D SPACE',''
  ) );
#5599 = PCURVE('',#1187,#5600);
#5600 = DEFINITIONAL_REPRESENTATION('',(#5601),#5605);
#5601 = LINE('',#5602,#5603);
#5602 = CARTESIAN_POINT('',(-0.,0.));
#5603 = VECTOR('',#5604,1.);
#5604 = DIRECTION('',(-0.,1.));
#5605 = ( GEOMETRIC_REPRESENTATION_CONTEXT(2) 
PARAMETRIC_REPRESENTATION_CONTEXT() REPRESENTATION_CONTEXT('2D SPACE',''
  ) );
#5606 = ADVANCED_FACE('',(#5607),#1839,.T.);
#5607 = FACE_BOUND('',#5608,.T.);
#5608 = EDGE_LOOP('',(#5609,#5610,#5611,#5634));
#5609 = ORIENTED_EDGE('',*,*,#1823,.T.);
#5610 = ORIENTED_EDGE('',*,*,#5457,.T.);
#5611 = ORIENTED_EDGE('',*,*,#5612,.T.);
#5612 = EDGE_CURVE('',#5458,#5613,#5615,.T.);
#5613 = VERTEX_POINT('',#5614);
#5614 = CARTESIAN_POINT('',(298.6125,4.22150603564,17.235686432256));
#5615 = SURFACE_CURVE('',#5616,(#5620,#5627),.PCURVE_S1.);
#5616 = LINE('',#5617,#5618);
#5617 = CARTESIAN_POINT('',(278.1125,4.22150603564,17.235686432256));
#5618 = VECTOR('',#5619,1.);
#5619 = DIRECTION('',(1.,0.,0.));
#5620 = PCURVE('',#1839,#5621);
#5621 = DEFINITIONAL_REPRESENTATION('',(#5622),#5626);
#5622 = LINE('',#5623,#5624);
#5623 = CARTESIAN_POINT('',(3.35,0.));
#5624 = VECTOR('',#5625,1.);
#5625 = DIRECTION('',(0.,1.));
#5626 = ( GEOMETRIC_REPRESENTATION_CONTEXT(2) 
PARAMETRIC_REPRESENTATION_CONTEXT() REPRESENTATION_CONTEXT('2D SPACE',''
  ) );
#5627 = PCURVE('',#5319,#5628);
#5628 = DEFINITIONAL_REPRESENTATION('',(#5629),#5633);
#5629 = LINE('',#5630,#5631);
#5630 = CARTESIAN_POINT('',(0.,0.));
#5631 = VECTOR('',#5632,1.);
#5632 = DIRECTION('',(1.,0.));
#5633 = ( GEOMETRIC_REPRESENTATION_CONTEXT(2) 
PARAMETRIC_REPRESENTATION_CONTEXT() REPRESENTATION_CONTEXT('2D SPACE',''
  ) );
#5634 = ORIENTED_EDGE('',*,*,#5635,.F.);
#5635 = EDGE_CURVE('',#1795,#5613,#5636,.T.);
#5636 = SURFACE_CURVE('',#5637,(#5641,#5648),.PCURVE_S1.);
#5637 = LINE('',#5638,#5639);
#5638 = CARTESIAN_POINT('',(298.6125,4.571676387586,13.904038082772));
#5639 = VECTOR('',#5640,1.);
#5640 = DIRECTION('',(0.,-0.104528463268,0.994521895368));
#5641 = PCURVE('',#1839,#5642);
#5642 = DEFINITIONAL_REPRESENTATION('',(#5643),#5647);
#5643 = LINE('',#5644,#5645);
#5644 = CARTESIAN_POINT('',(0.,20.5));
#5645 = VECTOR('',#5646,1.);
#5646 = DIRECTION('',(1.,0.));
#5647 = ( GEOMETRIC_REPRESENTATION_CONTEXT(2) 
PARAMETRIC_REPRESENTATION_CONTEXT() REPRESENTATION_CONTEXT('2D SPACE',''
  ) );
#5648 = PCURVE('',#1811,#5649);
#5649 = DEFINITIONAL_REPRESENTATION('',(#5650),#5654);
#5650 = LINE('',#5651,#5652);
#5651 = CARTESIAN_POINT('',(-1.570796326795,0.));
#5652 = VECTOR('',#5653,1.);
#5653 = DIRECTION('',(-0.,1.));
#5654 = ( GEOMETRIC_REPRESENTATION_CONTEXT(2) 
PARAMETRIC_REPRESENTATION_CONTEXT() REPRESENTATION_CONTEXT('2D SPACE',''
  ) );
#5655 = ADVANCED_FACE('',(#5656),#1187,.F.);
#5656 = FACE_BOUND('',#5657,.T.);
#5657 = EDGE_LOOP('',(#5658,#5659,#5660,#5683));
#5658 = ORIENTED_EDGE('',*,*,#5586,.F.);
#5659 = ORIENTED_EDGE('',*,*,#1170,.F.);
#5660 = ORIENTED_EDGE('',*,*,#5661,.T.);
#5661 = EDGE_CURVE('',#1171,#5662,#5664,.T.);
#5662 = VERTEX_POINT('',#5663);
#5663 = CARTESIAN_POINT('',(169.30625,150.00598437293,32.558252541503));
#5664 = SURFACE_CURVE('',#5665,(#5669,#5676),.PCURVE_S1.);
#5665 = LINE('',#5666,#5667);
#5666 = CARTESIAN_POINT('',(169.30625,150.35615472488,29.22660419202));
#5667 = VECTOR('',#5668,1.);
#5668 = DIRECTION('',(0.,-0.104528463268,0.994521895368));
#5669 = PCURVE('',#1187,#5670);
#5670 = DEFINITIONAL_REPRESENTATION('',(#5671),#5675);
#5671 = LINE('',#5672,#5673);
#5672 = CARTESIAN_POINT('',(-1.570796326795,0.));
#5673 = VECTOR('',#5674,1.);
#5674 = DIRECTION('',(-0.,1.));
#5675 = ( GEOMETRIC_REPRESENTATION_CONTEXT(2) 
PARAMETRIC_REPRESENTATION_CONTEXT() REPRESENTATION_CONTEXT('2D SPACE',''
  ) );
#5676 = PCURVE('',#1215,#5677);
#5677 = DEFINITIONAL_REPRESENTATION('',(#5678),#5682);
#5678 = LINE('',#5679,#5680);
#5679 = CARTESIAN_POINT('',(0.,0.5));
#5680 = VECTOR('',#5681,1.);
#5681 = DIRECTION('',(1.,0.));
#5682 = ( GEOMETRIC_REPRESENTATION_CONTEXT(2) 
PARAMETRIC_REPRESENTATION_CONTEXT() REPRESENTATION_CONTEXT('2D SPACE',''
  ) );
#5683 = ORIENTED_EDGE('',*,*,#5684,.F.);
#5684 = EDGE_CURVE('',#5508,#5662,#5685,.T.);
#5685 = SURFACE_CURVE('',#5686,(#5691,#5698),.PCURVE_S1.);
#5686 = CIRCLE('',#5687,0.5);
#5687 = AXIS2_PLACEMENT_3D('',#5688,#5689,#5690);
#5688 = CARTESIAN_POINT('',(169.30625,149.50872342525,32.505988309869));
#5689 = DIRECTION('',(0.,0.104528463268,-0.994521895368));
#5690 = DIRECTION('',(0.,-0.994521895368,-0.104528463268));
#5691 = PCURVE('',#1187,#5692);
#5692 = DEFINITIONAL_REPRESENTATION('',(#5693),#5697);
#5693 = LINE('',#5694,#5695);
#5694 = CARTESIAN_POINT('',(1.570796326795,3.35));
#5695 = VECTOR('',#5696,1.);
#5696 = DIRECTION('',(-1.,0.));
#5697 = ( GEOMETRIC_REPRESENTATION_CONTEXT(2) 
PARAMETRIC_REPRESENTATION_CONTEXT() REPRESENTATION_CONTEXT('2D SPACE',''
  ) );
#5698 = PCURVE('',#5523,#5699);
#5699 = DEFINITIONAL_REPRESENTATION('',(#5700),#5708);
#5700 = ( BOUNDED_CURVE() B_SPLINE_CURVE(2,(#5701,#5702,#5703,#5704,
#5705,#5706,#5707),.UNSPECIFIED.,.T.,.F.) B_SPLINE_CURVE_WITH_KNOTS((1,2
    ,2,2,2,1),(-2.094395102393,0.,2.094395102393,4.188790204786,
6.28318530718,8.377580409573),.UNSPECIFIED.) CURVE() 
GEOMETRIC_REPRESENTATION_ITEM() RATIONAL_B_SPLINE_CURVE((1.,0.5,1.,0.5,
1.,0.5,1.)) REPRESENTATION_ITEM('') );
#5701 = CARTESIAN_POINT('',(0.5,6.));
#5702 = CARTESIAN_POINT('',(-0.366025403784,6.));
#5703 = CARTESIAN_POINT('',(6.698729810778E-02,6.75));
#5704 = CARTESIAN_POINT('',(0.5,7.5));
#5705 = CARTESIAN_POINT('',(0.933012701892,6.75));
#5706 = CARTESIAN_POINT('',(1.366025403784,6.));
#5707 = CARTESIAN_POINT('',(0.5,6.));
#5708 = ( GEOMETRIC_REPRESENTATION_CONTEXT(2) 
PARAMETRIC_REPRESENTATION_CONTEXT() REPRESENTATION_CONTEXT('2D SPACE',''
  ) );
#5709 = ADVANCED_FACE('',(#5710),#1811,.F.);
#5710 = FACE_BOUND('',#5711,.T.);
#5711 = EDGE_LOOP('',(#5712,#5735,#5736,#5737));
#5712 = ORIENTED_EDGE('',*,*,#5713,.F.);
#5713 = EDGE_CURVE('',#1767,#5714,#5716,.T.);
#5714 = VERTEX_POINT('',#5715);
#5715 = CARTESIAN_POINT('',(299.1125,4.718766983324,17.28795066389));
#5716 = SURFACE_CURVE('',#5717,(#5721,#5728),.PCURVE_S1.);
#5717 = LINE('',#5718,#5719);
#5718 = CARTESIAN_POINT('',(299.1125,5.068937335271,13.956302314406));
#5719 = VECTOR('',#5720,1.);
#5720 = DIRECTION('',(0.,-0.104528463268,0.994521895368));
#5721 = PCURVE('',#1811,#5722);
#5722 = DEFINITIONAL_REPRESENTATION('',(#5723),#5727);
#5723 = LINE('',#5724,#5725);
#5724 = CARTESIAN_POINT('',(-0.,0.));
#5725 = VECTOR('',#5726,1.);
#5726 = DIRECTION('',(-0.,1.));
#5727 = ( GEOMETRIC_REPRESENTATION_CONTEXT(2) 
PARAMETRIC_REPRESENTATION_CONTEXT() REPRESENTATION_CONTEXT('2D SPACE',''
  ) );
#5728 = PCURVE('',#1782,#5729);
#5729 = DEFINITIONAL_REPRESENTATION('',(#5730),#5734);
#5730 = LINE('',#5731,#5732);
#5731 = CARTESIAN_POINT('',(-8.049116928532E-16,-0.5));
#5732 = VECTOR('',#5733,1.);
#5733 = DIRECTION('',(1.,0.));
#5734 = ( GEOMETRIC_REPRESENTATION_CONTEXT(2) 
PARAMETRIC_REPRESENTATION_CONTEXT() REPRESENTATION_CONTEXT('2D SPACE',''
  ) );
#5735 = ORIENTED_EDGE('',*,*,#1794,.F.);
#5736 = ORIENTED_EDGE('',*,*,#5635,.T.);
#5737 = ORIENTED_EDGE('',*,*,#5738,.F.);
#5738 = EDGE_CURVE('',#5714,#5613,#5739,.T.);
#5739 = SURFACE_CURVE('',#5740,(#5745,#5752),.PCURVE_S1.);
#5740 = CIRCLE('',#5741,0.5);
#5741 = AXIS2_PLACEMENT_3D('',#5742,#5743,#5744);
#5742 = CARTESIAN_POINT('',(298.6125,4.718766983324,17.28795066389));
#5743 = DIRECTION('',(0.,0.104528463268,-0.994521895368));
#5744 = DIRECTION('',(0.,-0.994521895368,-0.104528463268));
#5745 = PCURVE('',#1811,#5746);
#5746 = DEFINITIONAL_REPRESENTATION('',(#5747),#5751);
#5747 = LINE('',#5748,#5749);
#5748 = CARTESIAN_POINT('',(4.712388980385,3.35));
#5749 = VECTOR('',#5750,1.);
#5750 = DIRECTION('',(-1.,0.));
#5751 = ( GEOMETRIC_REPRESENTATION_CONTEXT(2) 
PARAMETRIC_REPRESENTATION_CONTEXT() REPRESENTATION_CONTEXT('2D SPACE',''
  ) );
#5752 = PCURVE('',#5319,#5753);
#5753 = DEFINITIONAL_REPRESENTATION('',(#5754),#5762);
#5754 = ( BOUNDED_CURVE() B_SPLINE_CURVE(2,(#5755,#5756,#5757,#5758,
#5759,#5760,#5761),.UNSPECIFIED.,.T.,.F.) B_SPLINE_CURVE_WITH_KNOTS((1,2
    ,2,2,2,1),(-2.094395102393,0.,2.094395102393,4.188790204786,
6.28318530718,8.377580409573),.UNSPECIFIED.) CURVE() 
GEOMETRIC_REPRESENTATION_ITEM() RATIONAL_B_SPLINE_CURVE((1.,0.5,1.,0.5,
1.,0.5,1.)) REPRESENTATION_ITEM('') );
#5755 = CARTESIAN_POINT('',(20.5,5.551115123126E-17));
#5756 = CARTESIAN_POINT('',(19.633974596216,5.551115123126E-17));
#5757 = CARTESIAN_POINT('',(20.066987298108,0.75));
#5758 = CARTESIAN_POINT('',(20.5,1.5));
#5759 = CARTESIAN_POINT('',(20.933012701892,0.75));
#5760 = CARTESIAN_POINT('',(21.366025403784,8.326672684689E-16));
#5761 = CARTESIAN_POINT('',(20.5,5.551115123126E-17));
#5762 = ( GEOMETRIC_REPRESENTATION_CONTEXT(2) 
PARAMETRIC_REPRESENTATION_CONTEXT() REPRESENTATION_CONTEXT('2D SPACE',''
  ) );
#5763 = ADVANCED_FACE('',(#5764),#1215,.F.);
#5764 = FACE_BOUND('',#5765,.F.);
#5765 = EDGE_LOOP('',(#5766,#5767,#5768,#5791));
#5766 = ORIENTED_EDGE('',*,*,#1199,.T.);
#5767 = ORIENTED_EDGE('',*,*,#5661,.T.);
#5768 = ORIENTED_EDGE('',*,*,#5769,.T.);
#5769 = EDGE_CURVE('',#5662,#5770,#5772,.T.);
#5770 = VERTEX_POINT('',#5771);
#5771 = CARTESIAN_POINT('',(189.30625,150.00598437293,32.558252541503));
#5772 = SURFACE_CURVE('',#5773,(#5777,#5784),.PCURVE_S1.);
#5773 = LINE('',#5774,#5775);
#5774 = CARTESIAN_POINT('',(168.80625,150.00598437293,32.558252541503));
#5775 = VECTOR('',#5776,1.);
#5776 = DIRECTION('',(1.,0.,0.));
#5777 = PCURVE('',#1215,#5778);
#5778 = DEFINITIONAL_REPRESENTATION('',(#5779),#5783);
#5779 = LINE('',#5780,#5781);
#5780 = CARTESIAN_POINT('',(3.35,0.));
#5781 = VECTOR('',#5782,1.);
#5782 = DIRECTION('',(0.,1.));
#5783 = ( GEOMETRIC_REPRESENTATION_CONTEXT(2) 
PARAMETRIC_REPRESENTATION_CONTEXT() REPRESENTATION_CONTEXT('2D SPACE',''
  ) );
#5784 = PCURVE('',#5523,#5785);
#5785 = DEFINITIONAL_REPRESENTATION('',(#5786),#5790);
#5786 = LINE('',#5787,#5788);
#5787 = CARTESIAN_POINT('',(0.,7.));
#5788 = VECTOR('',#5789,1.);
#5789 = DIRECTION('',(1.,0.));
#5790 = ( GEOMETRIC_REPRESENTATION_CONTEXT(2) 
PARAMETRIC_REPRESENTATION_CONTEXT() REPRESENTATION_CONTEXT('2D SPACE',''
  ) );
#5791 = ORIENTED_EDGE('',*,*,#5792,.F.);
#5792 = EDGE_CURVE('',#1200,#5770,#5793,.T.);
#5793 = SURFACE_CURVE('',#5794,(#5798,#5805),.PCURVE_S1.);
#5794 = LINE('',#5795,#5796);
#5795 = CARTESIAN_POINT('',(189.30625,150.35615472488,29.22660419202));
#5796 = VECTOR('',#5797,1.);
#5797 = DIRECTION('',(0.,-0.104528463268,0.994521895368));
#5798 = PCURVE('',#1215,#5799);
#5799 = DEFINITIONAL_REPRESENTATION('',(#5800),#5804);
#5800 = LINE('',#5801,#5802);
#5801 = CARTESIAN_POINT('',(0.,20.5));
#5802 = VECTOR('',#5803,1.);
#5803 = DIRECTION('',(1.,0.));
#5804 = ( GEOMETRIC_REPRESENTATION_CONTEXT(2) 
PARAMETRIC_REPRESENTATION_CONTEXT() REPRESENTATION_CONTEXT('2D SPACE',''
  ) );
#5805 = PCURVE('',#1244,#5806);
#5806 = DEFINITIONAL_REPRESENTATION('',(#5807),#5811);
#5807 = LINE('',#5808,#5809);
#5808 = CARTESIAN_POINT('',(1.570796326795,0.));
#5809 = VECTOR('',#5810,1.);
#5810 = DIRECTION('',(0.,1.));
#5811 = ( GEOMETRIC_REPRESENTATION_CONTEXT(2) 
PARAMETRIC_REPRESENTATION_CONTEXT() REPRESENTATION_CONTEXT('2D SPACE',''
  ) );
#5812 = ADVANCED_FACE('',(#5813),#1782,.F.);
#5813 = FACE_BOUND('',#5814,.F.);
#5814 = EDGE_LOOP('',(#5815,#5838,#5839,#5840,#5863,#5886));
#5815 = ORIENTED_EDGE('',*,*,#5816,.F.);
#5816 = EDGE_CURVE('',#5714,#5817,#5819,.T.);
#5817 = VERTEX_POINT('',#5818);
#5818 = CARTESIAN_POINT('',(299.1125,10.685898355534,17.915121443496));
#5819 = SURFACE_CURVE('',#5820,(#5824,#5831),.PCURVE_S1.);
#5820 = LINE('',#5821,#5822);
#5821 = CARTESIAN_POINT('',(299.1125,4.22150603564,17.235686432256));
#5822 = VECTOR('',#5823,1.);
#5823 = DIRECTION('',(0.,0.994521895368,0.104528463268));
#5824 = PCURVE('',#1782,#5825);
#5825 = DEFINITIONAL_REPRESENTATION('',(#5826),#5830);
#5826 = LINE('',#5827,#5828);
#5827 = CARTESIAN_POINT('',(3.35,-8.326672684689E-16));
#5828 = VECTOR('',#5829,1.);
#5829 = DIRECTION('',(0.,-1.));
#5830 = ( GEOMETRIC_REPRESENTATION_CONTEXT(2) 
PARAMETRIC_REPRESENTATION_CONTEXT() REPRESENTATION_CONTEXT('2D SPACE',''
  ) );
#5831 = PCURVE('',#5319,#5832);
#5832 = DEFINITIONAL_REPRESENTATION('',(#5833),#5837);
#5833 = LINE('',#5834,#5835);
#5834 = CARTESIAN_POINT('',(21.,0.));
#5835 = VECTOR('',#5836,1.);
#5836 = DIRECTION('',(0.,1.));
#5837 = ( GEOMETRIC_REPRESENTATION_CONTEXT(2) 
PARAMETRIC_REPRESENTATION_CONTEXT() REPRESENTATION_CONTEXT('2D SPACE',''
  ) );
#5838 = ORIENTED_EDGE('',*,*,#5713,.F.);
#5839 = ORIENTED_EDGE('',*,*,#1766,.T.);
#5840 = ORIENTED_EDGE('',*,*,#5841,.F.);
#5841 = EDGE_CURVE('',#5842,#1739,#5844,.T.);
#5842 = VERTEX_POINT('',#5843);
#5843 = CARTESIAN_POINT('',(299.1125,9.256832590442,17.161615611373));
#5844 = SURFACE_CURVE('',#5845,(#5849,#5856),.PCURVE_S1.);
#5845 = LINE('',#5846,#5847);
#5846 = CARTESIAN_POINT('',(299.1125,9.544285864428,14.426680399111));
#5847 = VECTOR('',#5848,1.);
#5848 = DIRECTION('',(0.,0.104528463268,-0.994521895368));
#5849 = PCURVE('',#1782,#5850);
#5850 = DEFINITIONAL_REPRESENTATION('',(#5851),#5855);
#5851 = LINE('',#5852,#5853);
#5852 = CARTESIAN_POINT('',(-5.551115123126E-16,-5.));
#5853 = VECTOR('',#5854,1.);
#5854 = DIRECTION('',(-1.,0.));
#5855 = ( GEOMETRIC_REPRESENTATION_CONTEXT(2) 
PARAMETRIC_REPRESENTATION_CONTEXT() REPRESENTATION_CONTEXT('2D SPACE',''
  ) );
#5856 = PCURVE('',#1754,#5857);
#5857 = DEFINITIONAL_REPRESENTATION('',(#5858),#5862);
#5858 = LINE('',#5859,#5860);
#5859 = CARTESIAN_POINT('',(0.,288.1125));
#5860 = VECTOR('',#5861,1.);
#5861 = DIRECTION('',(-1.,0.));
#5862 = ( GEOMETRIC_REPRESENTATION_CONTEXT(2) 
PARAMETRIC_REPRESENTATION_CONTEXT() REPRESENTATION_CONTEXT('2D SPACE',''
  ) );
#5863 = ORIENTED_EDGE('',*,*,#5864,.T.);
#5864 = EDGE_CURVE('',#5842,#5865,#5867,.T.);
#5865 = VERTEX_POINT('',#5866);
#5866 = CARTESIAN_POINT('',(299.1125,10.748615433494,17.318408306275));
#5867 = SURFACE_CURVE('',#5868,(#5872,#5879),.PCURVE_S1.);
#5868 = LINE('',#5869,#5870);
#5869 = CARTESIAN_POINT('',(299.1125,6.770527852021,16.900294453204));
#5870 = VECTOR('',#5871,1.);
#5871 = DIRECTION('',(0.,0.994521895368,0.104528463268));
#5872 = PCURVE('',#1782,#5873);
#5873 = DEFINITIONAL_REPRESENTATION('',(#5874),#5878);
#5874 = LINE('',#5875,#5876);
#5875 = CARTESIAN_POINT('',(2.75,-2.5));
#5876 = VECTOR('',#5877,1.);
#5877 = DIRECTION('',(0.,-1.));
#5878 = ( GEOMETRIC_REPRESENTATION_CONTEXT(2) 
PARAMETRIC_REPRESENTATION_CONTEXT() REPRESENTATION_CONTEXT('2D SPACE',''
  ) );
#5879 = PCURVE('',#3506,#5880);
#5880 = DEFINITIONAL_REPRESENTATION('',(#5881),#5885);
#5881 = LINE('',#5882,#5883);
#5882 = CARTESIAN_POINT('',(288.1125,-2.5));
#5883 = VECTOR('',#5884,1.);
#5884 = DIRECTION('',(0.,1.));
#5885 = ( GEOMETRIC_REPRESENTATION_CONTEXT(2) 
PARAMETRIC_REPRESENTATION_CONTEXT() REPRESENTATION_CONTEXT('2D SPACE',''
  ) );
#5886 = ORIENTED_EDGE('',*,*,#5887,.T.);
#5887 = EDGE_CURVE('',#5865,#5817,#5888,.T.);
#5888 = SURFACE_CURVE('',#5889,(#5893,#5900),.PCURVE_S1.);
#5889 = LINE('',#5890,#5891);
#5890 = CARTESIAN_POINT('',(299.1125,11.03606870748,14.583473094012));
#5891 = VECTOR('',#5892,1.);
#5892 = DIRECTION('',(0.,-0.104528463268,0.994521895368));
#5893 = PCURVE('',#1782,#5894);
#5894 = DEFINITIONAL_REPRESENTATION('',(#5895),#5899);
#5895 = LINE('',#5896,#5897);
#5896 = CARTESIAN_POINT('',(6.661338147751E-16,-6.5));
#5897 = VECTOR('',#5898,1.);
#5898 = DIRECTION('',(1.,0.));
#5899 = ( GEOMETRIC_REPRESENTATION_CONTEXT(2) 
PARAMETRIC_REPRESENTATION_CONTEXT() REPRESENTATION_CONTEXT('2D SPACE',''
  ) );
#5900 = PCURVE('',#5901,#5906);
#5901 = CYLINDRICAL_SURFACE('',#5902,0.5);
#5902 = AXIS2_PLACEMENT_3D('',#5903,#5904,#5905);
#5903 = CARTESIAN_POINT('',(298.6125,11.03606870748,14.583473094012));
#5904 = DIRECTION('',(0.,-0.104528463268,0.994521895368));
#5905 = DIRECTION('',(1.,0.,0.));
#5906 = DEFINITIONAL_REPRESENTATION('',(#5907),#5911);
#5907 = LINE('',#5908,#5909);
#5908 = CARTESIAN_POINT('',(0.,0.));
#5909 = VECTOR('',#5910,1.);
#5910 = DIRECTION('',(0.,1.));
#5911 = ( GEOMETRIC_REPRESENTATION_CONTEXT(2) 
PARAMETRIC_REPRESENTATION_CONTEXT() REPRESENTATION_CONTEXT('2D SPACE',''
  ) );
#5912 = ADVANCED_FACE('',(#5913),#1244,.F.);
#5913 = FACE_BOUND('',#5914,.F.);
#5914 = EDGE_LOOP('',(#5915,#5938,#5939,#5940));
#5915 = ORIENTED_EDGE('',*,*,#5916,.F.);
#5916 = EDGE_CURVE('',#1228,#5917,#5919,.T.);
#5917 = VERTEX_POINT('',#5918);
#5918 = CARTESIAN_POINT('',(189.80625,149.50872342525,32.505988309869));
#5919 = SURFACE_CURVE('',#5920,(#5924,#5931),.PCURVE_S1.);
#5920 = LINE('',#5921,#5922);
#5921 = CARTESIAN_POINT('',(189.80625,149.85889377719,29.174339960386));
#5922 = VECTOR('',#5923,1.);
#5923 = DIRECTION('',(0.,-0.104528463268,0.994521895368));
#5924 = PCURVE('',#1244,#5925);
#5925 = DEFINITIONAL_REPRESENTATION('',(#5926),#5930);
#5926 = LINE('',#5927,#5928);
#5927 = CARTESIAN_POINT('',(0.,0.));
#5928 = VECTOR('',#5929,1.);
#5929 = DIRECTION('',(0.,1.));
#5930 = ( GEOMETRIC_REPRESENTATION_CONTEXT(2) 
PARAMETRIC_REPRESENTATION_CONTEXT() REPRESENTATION_CONTEXT('2D SPACE',''
  ) );
#5931 = PCURVE('',#1272,#5932);
#5932 = DEFINITIONAL_REPRESENTATION('',(#5933),#5937);
#5933 = LINE('',#5934,#5935);
#5934 = CARTESIAN_POINT('',(6.661338147751E-16,-6.5));
#5935 = VECTOR('',#5936,1.);
#5936 = DIRECTION('',(1.,0.));
#5937 = ( GEOMETRIC_REPRESENTATION_CONTEXT(2) 
PARAMETRIC_REPRESENTATION_CONTEXT() REPRESENTATION_CONTEXT('2D SPACE',''
  ) );
#5938 = ORIENTED_EDGE('',*,*,#1227,.T.);
#5939 = ORIENTED_EDGE('',*,*,#5792,.T.);
#5940 = ORIENTED_EDGE('',*,*,#5941,.F.);
#5941 = EDGE_CURVE('',#5917,#5770,#5942,.T.);
#5942 = SURFACE_CURVE('',#5943,(#5948,#5955),.PCURVE_S1.);
#5943 = CIRCLE('',#5944,0.5);
#5944 = AXIS2_PLACEMENT_3D('',#5945,#5946,#5947);
#5945 = CARTESIAN_POINT('',(189.30625,149.50872342525,32.505988309869));
#5946 = DIRECTION('',(0.,-0.104528463268,0.994521895368));
#5947 = DIRECTION('',(0.,-0.994521895368,-0.104528463268));
#5948 = PCURVE('',#1244,#5949);
#5949 = DEFINITIONAL_REPRESENTATION('',(#5950),#5954);
#5950 = LINE('',#5951,#5952);
#5951 = CARTESIAN_POINT('',(-1.570796326795,3.35));
#5952 = VECTOR('',#5953,1.);
#5953 = DIRECTION('',(1.,0.));
#5954 = ( GEOMETRIC_REPRESENTATION_CONTEXT(2) 
PARAMETRIC_REPRESENTATION_CONTEXT() REPRESENTATION_CONTEXT('2D SPACE',''
  ) );
#5955 = PCURVE('',#5523,#5956);
#5956 = DEFINITIONAL_REPRESENTATION('',(#5957),#5961);
#5957 = CIRCLE('',#5958,0.5);
#5958 = AXIS2_PLACEMENT_2D('',#5959,#5960);
#5959 = CARTESIAN_POINT('',(20.5,6.5));
#5960 = DIRECTION('',(0.,-1.));
#5961 = ( GEOMETRIC_REPRESENTATION_CONTEXT(2) 
PARAMETRIC_REPRESENTATION_CONTEXT() REPRESENTATION_CONTEXT('2D SPACE',''
  ) );
#5962 = ADVANCED_FACE('',(#5963),#1754,.T.);
#5963 = FACE_BOUND('',#5964,.T.);
#5964 = EDGE_LOOP('',(#5965,#5988,#5989,#5990));
#5965 = ORIENTED_EDGE('',*,*,#5966,.F.);
#5966 = EDGE_CURVE('',#1710,#5967,#5969,.T.);
#5967 = VERTEX_POINT('',#5968);
#5968 = CARTESIAN_POINT('',(345.6125,9.256832590442,17.161615611373));
#5969 = SURFACE_CURVE('',#5970,(#5974,#5981),.PCURVE_S1.);
#5970 = LINE('',#5971,#5972);
#5971 = CARTESIAN_POINT('',(345.6125,9.544285864428,14.426680399111));
#5972 = VECTOR('',#5973,1.);
#5973 = DIRECTION('',(0.,-0.104528463268,0.994521895368));
#5974 = PCURVE('',#1754,#5975);
#5975 = DEFINITIONAL_REPRESENTATION('',(#5976),#5980);
#5976 = LINE('',#5977,#5978);
#5977 = CARTESIAN_POINT('',(0.,334.6125));
#5978 = VECTOR('',#5979,1.);
#5979 = DIRECTION('',(1.,0.));
#5980 = ( GEOMETRIC_REPRESENTATION_CONTEXT(2) 
PARAMETRIC_REPRESENTATION_CONTEXT() REPRESENTATION_CONTEXT('2D SPACE',''
  ) );
#5981 = PCURVE('',#1726,#5982);
#5982 = DEFINITIONAL_REPRESENTATION('',(#5983),#5987);
#5983 = LINE('',#5984,#5985);
#5984 = CARTESIAN_POINT('',(-1.570796326795,0.));
#5985 = VECTOR('',#5986,1.);
#5986 = DIRECTION('',(-0.,1.));
#5987 = ( GEOMETRIC_REPRESENTATION_CONTEXT(2) 
PARAMETRIC_REPRESENTATION_CONTEXT() REPRESENTATION_CONTEXT('2D SPACE',''
  ) );
#5988 = ORIENTED_EDGE('',*,*,#1738,.T.);
#5989 = ORIENTED_EDGE('',*,*,#5841,.F.);
#5990 = ORIENTED_EDGE('',*,*,#5991,.T.);
#5991 = EDGE_CURVE('',#5842,#5967,#5992,.T.);
#5992 = SURFACE_CURVE('',#5993,(#5997,#6004),.PCURVE_S1.);
#5993 = LINE('',#5994,#5995);
#5994 = CARTESIAN_POINT('',(11.,9.256832590442,17.161615611373));
#5995 = VECTOR('',#5996,1.);
#5996 = DIRECTION('',(1.,0.,0.));
#5997 = PCURVE('',#1754,#5998);
#5998 = DEFINITIONAL_REPRESENTATION('',(#5999),#6003);
#5999 = LINE('',#6000,#6001);
#6000 = CARTESIAN_POINT('',(2.75,0.));
#6001 = VECTOR('',#6002,1.);
#6002 = DIRECTION('',(0.,1.));
#6003 = ( GEOMETRIC_REPRESENTATION_CONTEXT(2) 
PARAMETRIC_REPRESENTATION_CONTEXT() REPRESENTATION_CONTEXT('2D SPACE',''
  ) );
#6004 = PCURVE('',#3506,#6005);
#6005 = DEFINITIONAL_REPRESENTATION('',(#6006),#6010);
#6006 = LINE('',#6007,#6008);
#6007 = CARTESIAN_POINT('',(0.,0.));
#6008 = VECTOR('',#6009,1.);
#6009 = DIRECTION('',(1.,0.));
#6010 = ( GEOMETRIC_REPRESENTATION_CONTEXT(2) 
PARAMETRIC_REPRESENTATION_CONTEXT() REPRESENTATION_CONTEXT('2D SPACE',''
  ) );
#6011 = ADVANCED_FACE('',(#6012),#1272,.F.);
#6012 = FACE_BOUND('',#6013,.F.);
#6013 = EDGE_LOOP('',(#6014,#6037,#6065,#6088,#6109,#6110));
#6014 = ORIENTED_EDGE('',*,*,#6015,.F.);
#6015 = EDGE_CURVE('',#6016,#5917,#6018,.T.);
#6016 = VERTEX_POINT('',#6017);
#6017 = CARTESIAN_POINT('',(189.80625,143.54159205304,31.878817530263));
#6018 = SURFACE_CURVE('',#6019,(#6023,#6030),.PCURVE_S1.);
#6019 = LINE('',#6020,#6021);
#6020 = CARTESIAN_POINT('',(189.80625,143.04433110535,31.82655329863));
#6021 = VECTOR('',#6022,1.);
#6022 = DIRECTION('',(0.,0.994521895368,0.104528463268));
#6023 = PCURVE('',#1272,#6024);
#6024 = DEFINITIONAL_REPRESENTATION('',(#6025),#6029);
#6025 = LINE('',#6026,#6027);
#6026 = CARTESIAN_POINT('',(3.35,5.551115123126E-15));
#6027 = VECTOR('',#6028,1.);
#6028 = DIRECTION('',(0.,-1.));
#6029 = ( GEOMETRIC_REPRESENTATION_CONTEXT(2) 
PARAMETRIC_REPRESENTATION_CONTEXT() REPRESENTATION_CONTEXT('2D SPACE',''
  ) );
#6030 = PCURVE('',#5523,#6031);
#6031 = DEFINITIONAL_REPRESENTATION('',(#6032),#6036);
#6032 = LINE('',#6033,#6034);
#6033 = CARTESIAN_POINT('',(21.,0.));
#6034 = VECTOR('',#6035,1.);
#6035 = DIRECTION('',(0.,1.));
#6036 = ( GEOMETRIC_REPRESENTATION_CONTEXT(2) 
PARAMETRIC_REPRESENTATION_CONTEXT() REPRESENTATION_CONTEXT('2D SPACE',''
  ) );
#6037 = ORIENTED_EDGE('',*,*,#6038,.F.);
#6038 = EDGE_CURVE('',#6039,#6016,#6041,.T.);
#6039 = VERTEX_POINT('',#6040);
#6040 = CARTESIAN_POINT('',(189.80625,143.604309131,31.282104393043));
#6041 = SURFACE_CURVE('',#6042,(#6046,#6053),.PCURVE_S1.);
#6042 = LINE('',#6043,#6044);
#6043 = CARTESIAN_POINT('',(189.80625,143.89176240498,28.54716918078));
#6044 = VECTOR('',#6045,1.);
#6045 = DIRECTION('',(0.,-0.104528463268,0.994521895368));
#6046 = PCURVE('',#1272,#6047);
#6047 = DEFINITIONAL_REPRESENTATION('',(#6048),#6052);
#6048 = LINE('',#6049,#6050);
#6049 = CARTESIAN_POINT('',(6.800116025829E-16,-0.5));
#6050 = VECTOR('',#6051,1.);
#6051 = DIRECTION('',(1.,0.));
#6052 = ( GEOMETRIC_REPRESENTATION_CONTEXT(2) 
PARAMETRIC_REPRESENTATION_CONTEXT() REPRESENTATION_CONTEXT('2D SPACE',''
  ) );
#6053 = PCURVE('',#6054,#6059);
#6054 = CYLINDRICAL_SURFACE('',#6055,0.5);
#6055 = AXIS2_PLACEMENT_3D('',#6056,#6057,#6058);
#6056 = CARTESIAN_POINT('',(189.30625,143.89176240498,28.54716918078));
#6057 = DIRECTION('',(0.,-0.104528463268,0.994521895368));
#6058 = DIRECTION('',(1.,0.,0.));
#6059 = DEFINITIONAL_REPRESENTATION('',(#6060),#6064);
#6060 = LINE('',#6061,#6062);
#6061 = CARTESIAN_POINT('',(-0.,0.));
#6062 = VECTOR('',#6063,1.);
#6063 = DIRECTION('',(-0.,1.));
#6064 = ( GEOMETRIC_REPRESENTATION_CONTEXT(2) 
PARAMETRIC_REPRESENTATION_CONTEXT() REPRESENTATION_CONTEXT('2D SPACE',''
  ) );
#6065 = ORIENTED_EDGE('',*,*,#6066,.T.);
#6066 = EDGE_CURVE('',#6039,#6067,#6069,.T.);
#6067 = VERTEX_POINT('',#6068);
#6068 = CARTESIAN_POINT('',(189.80625,145.09609197405,31.438897087944));
#6069 = SURFACE_CURVE('',#6070,(#6074,#6081),.PCURVE_S1.);
#6070 = LINE('',#6071,#6072);
#6071 = CARTESIAN_POINT('',(189.80625,76.181940386881,24.195727886391));
#6072 = VECTOR('',#6073,1.);
#6073 = DIRECTION('',(0.,0.994521895368,0.104528463268));
#6074 = PCURVE('',#1272,#6075);
#6075 = DEFINITIONAL_REPRESENTATION('',(#6076),#6080);
#6076 = LINE('',#6077,#6078);
#6077 = CARTESIAN_POINT('',(2.75,67.29375));
#6078 = VECTOR('',#6079,1.);
#6079 = DIRECTION('',(0.,-1.));
#6080 = ( GEOMETRIC_REPRESENTATION_CONTEXT(2) 
PARAMETRIC_REPRESENTATION_CONTEXT() REPRESENTATION_CONTEXT('2D SPACE',''
  ) );
#6081 = PCURVE('',#3506,#6082);
#6082 = DEFINITIONAL_REPRESENTATION('',(#6083),#6087);
#6083 = LINE('',#6084,#6085);
#6084 = CARTESIAN_POINT('',(178.80625,67.29375));
#6085 = VECTOR('',#6086,1.);
#6086 = DIRECTION('',(0.,1.));
#6087 = ( GEOMETRIC_REPRESENTATION_CONTEXT(2) 
PARAMETRIC_REPRESENTATION_CONTEXT() REPRESENTATION_CONTEXT('2D SPACE',''
  ) );
#6088 = ORIENTED_EDGE('',*,*,#6089,.T.);
#6089 = EDGE_CURVE('',#6067,#1257,#6090,.T.);
#6090 = SURFACE_CURVE('',#6091,(#6095,#6102),.PCURVE_S1.);
#6091 = LINE('',#6092,#6093);
#6092 = CARTESIAN_POINT('',(189.80625,145.38354524804,28.703961875681));
#6093 = VECTOR('',#6094,1.);
#6094 = DIRECTION('',(0.,0.104528463268,-0.994521895368));
#6095 = PCURVE('',#1272,#6096);
#6096 = DEFINITIONAL_REPRESENTATION('',(#6097),#6101);
#6097 = LINE('',#6098,#6099);
#6098 = CARTESIAN_POINT('',(2.164934898019E-15,-2.));
#6099 = VECTOR('',#6100,1.);
#6100 = DIRECTION('',(-1.,0.));
#6101 = ( GEOMETRIC_REPRESENTATION_CONTEXT(2) 
PARAMETRIC_REPRESENTATION_CONTEXT() REPRESENTATION_CONTEXT('2D SPACE',''
  ) );
#6102 = PCURVE('',#1300,#6103);
#6103 = DEFINITIONAL_REPRESENTATION('',(#6104),#6108);
#6104 = LINE('',#6105,#6106);
#6105 = CARTESIAN_POINT('',(0.,178.80625));
#6106 = VECTOR('',#6107,1.);
#6107 = DIRECTION('',(-1.,0.));
#6108 = ( GEOMETRIC_REPRESENTATION_CONTEXT(2) 
PARAMETRIC_REPRESENTATION_CONTEXT() REPRESENTATION_CONTEXT('2D SPACE',''
  ) );
#6109 = ORIENTED_EDGE('',*,*,#1256,.T.);
#6110 = ORIENTED_EDGE('',*,*,#5916,.T.);
#6111 = ADVANCED_FACE('',(#6112),#1726,.F.);
#6112 = FACE_BOUND('',#6113,.T.);
#6113 = EDGE_LOOP('',(#6114,#6137,#6138,#6139));
#6114 = ORIENTED_EDGE('',*,*,#6115,.F.);
#6115 = EDGE_CURVE('',#1682,#6116,#6118,.T.);
#6116 = VERTEX_POINT('',#6117);
#6117 = CARTESIAN_POINT('',(347.6125,11.245876381178,17.370672537909));
#6118 = SURFACE_CURVE('',#6119,(#6123,#6130),.PCURVE_S1.);
#6119 = LINE('',#6120,#6121);
#6120 = CARTESIAN_POINT('',(347.6125,11.533329655164,14.635737325646));
#6121 = VECTOR('',#6122,1.);
#6122 = DIRECTION('',(0.,-0.104528463268,0.994521895368));
#6123 = PCURVE('',#1726,#6124);
#6124 = DEFINITIONAL_REPRESENTATION('',(#6125),#6129);
#6125 = LINE('',#6126,#6127);
#6126 = CARTESIAN_POINT('',(-0.,0.));
#6127 = VECTOR('',#6128,1.);
#6128 = DIRECTION('',(-0.,1.));
#6129 = ( GEOMETRIC_REPRESENTATION_CONTEXT(2) 
PARAMETRIC_REPRESENTATION_CONTEXT() REPRESENTATION_CONTEXT('2D SPACE',''
  ) );
#6130 = PCURVE('',#1697,#6131);
#6131 = DEFINITIONAL_REPRESENTATION('',(#6132),#6136);
#6132 = LINE('',#6133,#6134);
#6133 = CARTESIAN_POINT('',(4.996003610813E-16,-2.));
#6134 = VECTOR('',#6135,1.);
#6135 = DIRECTION('',(1.,0.));
#6136 = ( GEOMETRIC_REPRESENTATION_CONTEXT(2) 
PARAMETRIC_REPRESENTATION_CONTEXT() REPRESENTATION_CONTEXT('2D SPACE',''
  ) );
#6137 = ORIENTED_EDGE('',*,*,#1709,.F.);
#6138 = ORIENTED_EDGE('',*,*,#5966,.T.);
#6139 = ORIENTED_EDGE('',*,*,#6140,.F.);
#6140 = EDGE_CURVE('',#6116,#5967,#6141,.T.);
#6141 = SURFACE_CURVE('',#6142,(#6147,#6154),.PCURVE_S1.);
#6142 = CIRCLE('',#6143,2.);
#6143 = AXIS2_PLACEMENT_3D('',#6144,#6145,#6146);
#6144 = CARTESIAN_POINT('',(345.6125,11.245876381178,17.370672537909));
#6145 = DIRECTION('',(0.,0.104528463268,-0.994521895368));
#6146 = DIRECTION('',(0.,-0.994521895368,-0.104528463268));
#6147 = PCURVE('',#1726,#6148);
#6148 = DEFINITIONAL_REPRESENTATION('',(#6149),#6153);
#6149 = LINE('',#6150,#6151);
#6150 = CARTESIAN_POINT('',(4.712388980385,2.75));
#6151 = VECTOR('',#6152,1.);
#6152 = DIRECTION('',(-1.,0.));
#6153 = ( GEOMETRIC_REPRESENTATION_CONTEXT(2) 
PARAMETRIC_REPRESENTATION_CONTEXT() REPRESENTATION_CONTEXT('2D SPACE',''
  ) );
#6154 = PCURVE('',#3506,#6155);
#6155 = DEFINITIONAL_REPRESENTATION('',(#6156),#6164);
#6156 = ( BOUNDED_CURVE() B_SPLINE_CURVE(2,(#6157,#6158,#6159,#6160,
#6161,#6162,#6163),.UNSPECIFIED.,.T.,.F.) B_SPLINE_CURVE_WITH_KNOTS((1,2
    ,2,2,2,1),(-2.094395102393,0.,2.094395102393,4.188790204786,
6.28318530718,8.377580409573),.UNSPECIFIED.) CURVE() 
GEOMETRIC_REPRESENTATION_ITEM() RATIONAL_B_SPLINE_CURVE((1.,0.5,1.,0.5,
1.,0.5,1.)) REPRESENTATION_ITEM('') );
#6157 = CARTESIAN_POINT('',(334.6125,0.));
#6158 = CARTESIAN_POINT('',(331.14839838486,0.));
#6159 = CARTESIAN_POINT('',(332.88044919243,3.));
#6160 = CARTESIAN_POINT('',(334.6125,6.));
#6161 = CARTESIAN_POINT('',(336.34455080756,3.));
#6162 = CARTESIAN_POINT('',(338.07660161513,3.10862446895E-15));
#6163 = CARTESIAN_POINT('',(334.6125,0.));
#6164 = ( GEOMETRIC_REPRESENTATION_CONTEXT(2) 
PARAMETRIC_REPRESENTATION_CONTEXT() REPRESENTATION_CONTEXT('2D SPACE',''
  ) );
#6165 = ADVANCED_FACE('',(#6166),#1300,.F.);
#6166 = FACE_BOUND('',#6167,.F.);
#6167 = EDGE_LOOP('',(#6168,#6191,#6192,#6193));
#6168 = ORIENTED_EDGE('',*,*,#6169,.T.);
#6169 = EDGE_CURVE('',#6170,#1285,#6172,.T.);
#6170 = VERTEX_POINT('',#6171);
#6171 = CARTESIAN_POINT('',(278.1125,145.09609197405,31.438897087944));
#6172 = SURFACE_CURVE('',#6173,(#6177,#6184),.PCURVE_S1.);
#6173 = LINE('',#6174,#6175);
#6174 = CARTESIAN_POINT('',(278.1125,145.38354524804,28.703961875681));
#6175 = VECTOR('',#6176,1.);
#6176 = DIRECTION('',(0.,0.104528463268,-0.994521895368));
#6177 = PCURVE('',#1300,#6178);
#6178 = DEFINITIONAL_REPRESENTATION('',(#6179),#6183);
#6179 = LINE('',#6180,#6181);
#6180 = CARTESIAN_POINT('',(0.,267.1125));
#6181 = VECTOR('',#6182,1.);
#6182 = DIRECTION('',(-1.,0.));
#6183 = ( GEOMETRIC_REPRESENTATION_CONTEXT(2) 
PARAMETRIC_REPRESENTATION_CONTEXT() REPRESENTATION_CONTEXT('2D SPACE',''
  ) );
#6184 = PCURVE('',#1328,#6185);
#6185 = DEFINITIONAL_REPRESENTATION('',(#6186),#6190);
#6186 = LINE('',#6187,#6188);
#6187 = CARTESIAN_POINT('',(2.164934898019E-15,-2.));
#6188 = VECTOR('',#6189,1.);
#6189 = DIRECTION('',(-1.,0.));
#6190 = ( GEOMETRIC_REPRESENTATION_CONTEXT(2) 
PARAMETRIC_REPRESENTATION_CONTEXT() REPRESENTATION_CONTEXT('2D SPACE',''
  ) );
#6191 = ORIENTED_EDGE('',*,*,#1284,.T.);
#6192 = ORIENTED_EDGE('',*,*,#6089,.F.);
#6193 = ORIENTED_EDGE('',*,*,#6194,.T.);
#6194 = EDGE_CURVE('',#6067,#6170,#6195,.T.);
#6195 = SURFACE_CURVE('',#6196,(#6200,#6207),.PCURVE_S1.);
#6196 = LINE('',#6197,#6198);
#6197 = CARTESIAN_POINT('',(11.,145.09609197405,31.438897087944));
#6198 = VECTOR('',#6199,1.);
#6199 = DIRECTION('',(1.,0.,0.));
#6200 = PCURVE('',#1300,#6201);
#6201 = DEFINITIONAL_REPRESENTATION('',(#6202),#6206);
#6202 = LINE('',#6203,#6204);
#6203 = CARTESIAN_POINT('',(2.75,0.));
#6204 = VECTOR('',#6205,1.);
#6205 = DIRECTION('',(0.,1.));
#6206 = ( GEOMETRIC_REPRESENTATION_CONTEXT(2) 
PARAMETRIC_REPRESENTATION_CONTEXT() REPRESENTATION_CONTEXT('2D SPACE',''
  ) );
#6207 = PCURVE('',#3506,#6208);
#6208 = DEFINITIONAL_REPRESENTATION('',(#6209),#6213);
#6209 = LINE('',#6210,#6211);
#6210 = CARTESIAN_POINT('',(0.,136.5875));
#6211 = VECTOR('',#6212,1.);
#6212 = DIRECTION('',(1.,0.));
#6213 = ( GEOMETRIC_REPRESENTATION_CONTEXT(2) 
PARAMETRIC_REPRESENTATION_CONTEXT() REPRESENTATION_CONTEXT('2D SPACE',''
  ) );
#6214 = ADVANCED_FACE('',(#6215),#1697,.F.);
#6215 = FACE_BOUND('',#6216,.F.);
#6216 = EDGE_LOOP('',(#6217,#6240,#6241,#6242));
#6217 = ORIENTED_EDGE('',*,*,#6218,.F.);
#6218 = EDGE_CURVE('',#6116,#6219,#6221,.T.);
#6219 = VERTEX_POINT('',#6220);
#6220 = CARTESIAN_POINT('',(347.6125,66.733982380882,23.202707485348));
#6221 = SURFACE_CURVE('',#6222,(#6226,#6233),.PCURVE_S1.);
#6222 = LINE('',#6223,#6224);
#6223 = CARTESIAN_POINT('',(347.6125,9.256832590442,17.161615611373));
#6224 = VECTOR('',#6225,1.);
#6225 = DIRECTION('',(0.,0.994521895368,0.104528463268));
#6226 = PCURVE('',#1697,#6227);
#6227 = DEFINITIONAL_REPRESENTATION('',(#6228),#6232);
#6228 = LINE('',#6229,#6230);
#6229 = CARTESIAN_POINT('',(2.75,-2.22044604925E-16));
#6230 = VECTOR('',#6231,1.);
#6231 = DIRECTION('',(0.,-1.));
#6232 = ( GEOMETRIC_REPRESENTATION_CONTEXT(2) 
PARAMETRIC_REPRESENTATION_CONTEXT() REPRESENTATION_CONTEXT('2D SPACE',''
  ) );
#6233 = PCURVE('',#3506,#6234);
#6234 = DEFINITIONAL_REPRESENTATION('',(#6235),#6239);
#6235 = LINE('',#6236,#6237);
#6236 = CARTESIAN_POINT('',(336.6125,0.));
#6237 = VECTOR('',#6238,1.);
#6238 = DIRECTION('',(0.,1.));
#6239 = ( GEOMETRIC_REPRESENTATION_CONTEXT(2) 
PARAMETRIC_REPRESENTATION_CONTEXT() REPRESENTATION_CONTEXT('2D SPACE',''
  ) );
#6240 = ORIENTED_EDGE('',*,*,#6115,.F.);
#6241 = ORIENTED_EDGE('',*,*,#1681,.T.);
#6242 = ORIENTED_EDGE('',*,*,#6243,.T.);
#6243 = EDGE_CURVE('',#1654,#6219,#6244,.T.);
#6244 = SURFACE_CURVE('',#6245,(#6249,#6256),.PCURVE_S1.);
#6245 = LINE('',#6246,#6247);
#6246 = CARTESIAN_POINT('',(347.6125,67.021435654868,20.467772273086));
#6247 = VECTOR('',#6248,1.);
#6248 = DIRECTION('',(0.,-0.104528463268,0.994521895368));
#6249 = PCURVE('',#1697,#6250);
#6250 = DEFINITIONAL_REPRESENTATION('',(#6251),#6255);
#6251 = LINE('',#6252,#6253);
#6252 = CARTESIAN_POINT('',(-8.881784197001E-16,-57.79375));
#6253 = VECTOR('',#6254,1.);
#6254 = DIRECTION('',(1.,0.));
#6255 = ( GEOMETRIC_REPRESENTATION_CONTEXT(2) 
PARAMETRIC_REPRESENTATION_CONTEXT() REPRESENTATION_CONTEXT('2D SPACE',''
  ) );
#6256 = PCURVE('',#1669,#6257);
#6257 = DEFINITIONAL_REPRESENTATION('',(#6258),#6262);
#6258 = LINE('',#6259,#6260);
#6259 = CARTESIAN_POINT('',(0.,2.));
#6260 = VECTOR('',#6261,1.);
#6261 = DIRECTION('',(1.,0.));
#6262 = ( GEOMETRIC_REPRESENTATION_CONTEXT(2) 
PARAMETRIC_REPRESENTATION_CONTEXT() REPRESENTATION_CONTEXT('2D SPACE',''
  ) );
#6263 = ADVANCED_FACE('',(#6264),#1328,.T.);
#6264 = FACE_BOUND('',#6265,.T.);
#6265 = EDGE_LOOP('',(#6266,#6296,#6324,#6345,#6346,#6347));
#6266 = ORIENTED_EDGE('',*,*,#6267,.F.);
#6267 = EDGE_CURVE('',#6268,#6270,#6272,.T.);
#6268 = VERTEX_POINT('',#6269);
#6269 = CARTESIAN_POINT('',(278.1125,143.54159205304,31.878817530263));
#6270 = VERTEX_POINT('',#6271);
#6271 = CARTESIAN_POINT('',(278.1125,149.50872342525,32.505988309869));
#6272 = SURFACE_CURVE('',#6273,(#6277,#6284),.PCURVE_S1.);
#6273 = LINE('',#6274,#6275);
#6274 = CARTESIAN_POINT('',(278.1125,143.04433110535,31.82655329863));
#6275 = VECTOR('',#6276,1.);
#6276 = DIRECTION('',(0.,0.994521895368,0.104528463268));
#6277 = PCURVE('',#1328,#6278);
#6278 = DEFINITIONAL_REPRESENTATION('',(#6279),#6283);
#6279 = LINE('',#6280,#6281);
#6280 = CARTESIAN_POINT('',(3.35,5.551115123126E-15));
#6281 = VECTOR('',#6282,1.);
#6282 = DIRECTION('',(0.,-1.));
#6283 = ( GEOMETRIC_REPRESENTATION_CONTEXT(2) 
PARAMETRIC_REPRESENTATION_CONTEXT() REPRESENTATION_CONTEXT('2D SPACE',''
  ) );
#6284 = PCURVE('',#6285,#6290);
#6285 = PLANE('',#6286);
#6286 = AXIS2_PLACEMENT_3D('',#6287,#6288,#6289);
#6287 = CARTESIAN_POINT('',(278.1125,143.04433110535,31.82655329863));
#6288 = DIRECTION('',(0.,-0.104528463268,0.994521895368));
#6289 = DIRECTION('',(1.,0.,0.));
#6290 = DEFINITIONAL_REPRESENTATION('',(#6291),#6295);
#6291 = LINE('',#6292,#6293);
#6292 = CARTESIAN_POINT('',(0.,0.));
#6293 = VECTOR('',#6294,1.);
#6294 = DIRECTION('',(0.,1.));
#6295 = ( GEOMETRIC_REPRESENTATION_CONTEXT(2) 
PARAMETRIC_REPRESENTATION_CONTEXT() REPRESENTATION_CONTEXT('2D SPACE',''
  ) );
#6296 = ORIENTED_EDGE('',*,*,#6297,.F.);
#6297 = EDGE_CURVE('',#6298,#6268,#6300,.T.);
#6298 = VERTEX_POINT('',#6299);
#6299 = CARTESIAN_POINT('',(278.1125,143.604309131,31.282104393043));
#6300 = SURFACE_CURVE('',#6301,(#6305,#6312),.PCURVE_S1.);
#6301 = LINE('',#6302,#6303);
#6302 = CARTESIAN_POINT('',(278.1125,143.89176240498,28.54716918078));
#6303 = VECTOR('',#6304,1.);
#6304 = DIRECTION('',(0.,-0.104528463268,0.994521895368));
#6305 = PCURVE('',#1328,#6306);
#6306 = DEFINITIONAL_REPRESENTATION('',(#6307),#6311);
#6307 = LINE('',#6308,#6309);
#6308 = CARTESIAN_POINT('',(6.800116025829E-16,-0.5));
#6309 = VECTOR('',#6310,1.);
#6310 = DIRECTION('',(1.,0.));
#6311 = ( GEOMETRIC_REPRESENTATION_CONTEXT(2) 
PARAMETRIC_REPRESENTATION_CONTEXT() REPRESENTATION_CONTEXT('2D SPACE',''
  ) );
#6312 = PCURVE('',#6313,#6318);
#6313 = CYLINDRICAL_SURFACE('',#6314,0.5);
#6314 = AXIS2_PLACEMENT_3D('',#6315,#6316,#6317);
#6315 = CARTESIAN_POINT('',(278.6125,143.89176240498,28.54716918078));
#6316 = DIRECTION('',(0.,-0.104528463268,0.994521895368));
#6317 = DIRECTION('',(-1.,-0.,0.));
#6318 = DEFINITIONAL_REPRESENTATION('',(#6319),#6323);
#6319 = LINE('',#6320,#6321);
#6320 = CARTESIAN_POINT('',(0.,0.));
#6321 = VECTOR('',#6322,1.);
#6322 = DIRECTION('',(0.,1.));
#6323 = ( GEOMETRIC_REPRESENTATION_CONTEXT(2) 
PARAMETRIC_REPRESENTATION_CONTEXT() REPRESENTATION_CONTEXT('2D SPACE',''
  ) );
#6324 = ORIENTED_EDGE('',*,*,#6325,.T.);
#6325 = EDGE_CURVE('',#6298,#6170,#6326,.T.);
#6326 = SURFACE_CURVE('',#6327,(#6331,#6338),.PCURVE_S1.);
#6327 = LINE('',#6328,#6329);
#6328 = CARTESIAN_POINT('',(278.1125,76.181940386881,24.195727886391));
#6329 = VECTOR('',#6330,1.);
#6330 = DIRECTION('',(0.,0.994521895368,0.104528463268));
#6331 = PCURVE('',#1328,#6332);
#6332 = DEFINITIONAL_REPRESENTATION('',(#6333),#6337);
#6333 = LINE('',#6334,#6335);
#6334 = CARTESIAN_POINT('',(2.75,67.29375));
#6335 = VECTOR('',#6336,1.);
#6336 = DIRECTION('',(0.,-1.));
#6337 = ( GEOMETRIC_REPRESENTATION_CONTEXT(2) 
PARAMETRIC_REPRESENTATION_CONTEXT() REPRESENTATION_CONTEXT('2D SPACE',''
  ) );
#6338 = PCURVE('',#3506,#6339);
#6339 = DEFINITIONAL_REPRESENTATION('',(#6340),#6344);
#6340 = LINE('',#6341,#6342);
#6341 = CARTESIAN_POINT('',(267.1125,67.29375));
#6342 = VECTOR('',#6343,1.);
#6343 = DIRECTION('',(0.,1.));
#6344 = ( GEOMETRIC_REPRESENTATION_CONTEXT(2) 
PARAMETRIC_REPRESENTATION_CONTEXT() REPRESENTATION_CONTEXT('2D SPACE',''
  ) );
#6345 = ORIENTED_EDGE('',*,*,#6169,.T.);
#6346 = ORIENTED_EDGE('',*,*,#1312,.T.);
#6347 = ORIENTED_EDGE('',*,*,#6348,.T.);
#6348 = EDGE_CURVE('',#1313,#6270,#6349,.T.);
#6349 = SURFACE_CURVE('',#6350,(#6354,#6361),.PCURVE_S1.);
#6350 = LINE('',#6351,#6352);
#6351 = CARTESIAN_POINT('',(278.1125,149.85889377719,29.174339960386));
#6352 = VECTOR('',#6353,1.);
#6353 = DIRECTION('',(0.,-0.104528463268,0.994521895368));
#6354 = PCURVE('',#1328,#6355);
#6355 = DEFINITIONAL_REPRESENTATION('',(#6356),#6360);
#6356 = LINE('',#6357,#6358);
#6357 = CARTESIAN_POINT('',(6.661338147751E-16,-6.5));
#6358 = VECTOR('',#6359,1.);
#6359 = DIRECTION('',(1.,0.));
#6360 = ( GEOMETRIC_REPRESENTATION_CONTEXT(2) 
PARAMETRIC_REPRESENTATION_CONTEXT() REPRESENTATION_CONTEXT('2D SPACE',''
  ) );
#6361 = PCURVE('',#1357,#6362);
#6362 = DEFINITIONAL_REPRESENTATION('',(#6363),#6367);
#6363 = LINE('',#6364,#6365);
#6364 = CARTESIAN_POINT('',(-0.,0.));
#6365 = VECTOR('',#6366,1.);
#6366 = DIRECTION('',(-0.,1.));
#6367 = ( GEOMETRIC_REPRESENTATION_CONTEXT(2) 
PARAMETRIC_REPRESENTATION_CONTEXT() REPRESENTATION_CONTEXT('2D SPACE',''
  ) );
#6368 = ADVANCED_FACE('',(#6369),#1669,.T.);
#6369 = FACE_BOUND('',#6370,.T.);
#6370 = EDGE_LOOP('',(#6371,#6394,#6422,#6450,#6471,#6472));
#6371 = ORIENTED_EDGE('',*,*,#6372,.T.);
#6372 = EDGE_CURVE('',#6219,#6373,#6375,.T.);
#6373 = VERTEX_POINT('',#6374);
#6374 = CARTESIAN_POINT('',(346.1125,66.733982380882,23.202707485348));
#6375 = SURFACE_CURVE('',#6376,(#6380,#6387),.PCURVE_S1.);
#6376 = LINE('',#6377,#6378);
#6377 = CARTESIAN_POINT('',(178.30625,66.733982380882,23.202707485348));
#6378 = VECTOR('',#6379,1.);
#6379 = DIRECTION('',(-1.,0.,0.));
#6380 = PCURVE('',#1669,#6381);
#6381 = DEFINITIONAL_REPRESENTATION('',(#6382),#6386);
#6382 = LINE('',#6383,#6384);
#6383 = CARTESIAN_POINT('',(2.75,-167.30625));
#6384 = VECTOR('',#6385,1.);
#6385 = DIRECTION('',(0.,-1.));
#6386 = ( GEOMETRIC_REPRESENTATION_CONTEXT(2) 
PARAMETRIC_REPRESENTATION_CONTEXT() REPRESENTATION_CONTEXT('2D SPACE',''
  ) );
#6387 = PCURVE('',#3506,#6388);
#6388 = DEFINITIONAL_REPRESENTATION('',(#6389),#6393);
#6389 = LINE('',#6390,#6391);
#6390 = CARTESIAN_POINT('',(167.30625,57.79375));
#6391 = VECTOR('',#6392,1.);
#6392 = DIRECTION('',(-1.,0.));
#6393 = ( GEOMETRIC_REPRESENTATION_CONTEXT(2) 
PARAMETRIC_REPRESENTATION_CONTEXT() REPRESENTATION_CONTEXT('2D SPACE',''
  ) );
#6394 = ORIENTED_EDGE('',*,*,#6395,.T.);
#6395 = EDGE_CURVE('',#6373,#6396,#6398,.T.);
#6396 = VERTEX_POINT('',#6397);
#6397 = CARTESIAN_POINT('',(346.1125,66.671265302921,23.799420622569));
#6398 = SURFACE_CURVE('',#6399,(#6403,#6410),.PCURVE_S1.);
#6399 = LINE('',#6400,#6401);
#6400 = CARTESIAN_POINT('',(346.1125,67.021435654868,20.467772273086));
#6401 = VECTOR('',#6402,1.);
#6402 = DIRECTION('',(0.,-0.104528463268,0.994521895368));
#6403 = PCURVE('',#1669,#6404);
#6404 = DEFINITIONAL_REPRESENTATION('',(#6405),#6409);
#6405 = LINE('',#6406,#6407);
#6406 = CARTESIAN_POINT('',(0.,0.5));
#6407 = VECTOR('',#6408,1.);
#6408 = DIRECTION('',(1.,0.));
#6409 = ( GEOMETRIC_REPRESENTATION_CONTEXT(2) 
PARAMETRIC_REPRESENTATION_CONTEXT() REPRESENTATION_CONTEXT('2D SPACE',''
  ) );
#6410 = PCURVE('',#6411,#6416);
#6411 = CYLINDRICAL_SURFACE('',#6412,0.5);
#6412 = AXIS2_PLACEMENT_3D('',#6413,#6414,#6415);
#6413 = CARTESIAN_POINT('',(346.1125,67.518696602552,20.520036504719));
#6414 = DIRECTION('',(0.,-0.104528463268,0.994521895368));
#6415 = DIRECTION('',(-1.,-0.,0.));
#6416 = DEFINITIONAL_REPRESENTATION('',(#6417),#6421);
#6417 = LINE('',#6418,#6419);
#6418 = CARTESIAN_POINT('',(1.570796326795,0.));
#6419 = VECTOR('',#6420,1.);
#6420 = DIRECTION('',(0.,1.));
#6421 = ( GEOMETRIC_REPRESENTATION_CONTEXT(2) 
PARAMETRIC_REPRESENTATION_CONTEXT() REPRESENTATION_CONTEXT('2D SPACE',''
  ) );
#6422 = ORIENTED_EDGE('',*,*,#6423,.T.);
#6423 = EDGE_CURVE('',#6396,#6424,#6426,.T.);
#6424 = VERTEX_POINT('',#6425);
#6425 = CARTESIAN_POINT('',(352.1125,66.671265302921,23.799420622569));
#6426 = SURFACE_CURVE('',#6427,(#6431,#6438),.PCURVE_S1.);
#6427 = LINE('',#6428,#6429);
#6428 = CARTESIAN_POINT('',(345.6125,66.671265302921,23.799420622569));
#6429 = VECTOR('',#6430,1.);
#6430 = DIRECTION('',(1.,0.,0.));
#6431 = PCURVE('',#1669,#6432);
#6432 = DEFINITIONAL_REPRESENTATION('',(#6433),#6437);
#6433 = LINE('',#6434,#6435);
#6434 = CARTESIAN_POINT('',(3.35,0.));
#6435 = VECTOR('',#6436,1.);
#6436 = DIRECTION('',(0.,1.));
#6437 = ( GEOMETRIC_REPRESENTATION_CONTEXT(2) 
PARAMETRIC_REPRESENTATION_CONTEXT() REPRESENTATION_CONTEXT('2D SPACE',''
  ) );
#6438 = PCURVE('',#6439,#6444);
#6439 = PLANE('',#6440);
#6440 = AXIS2_PLACEMENT_3D('',#6441,#6442,#6443);
#6441 = CARTESIAN_POINT('',(345.6125,66.671265302921,23.799420622569));
#6442 = DIRECTION('',(0.,-0.104528463268,0.994521895368));
#6443 = DIRECTION('',(1.,0.,0.));
#6444 = DEFINITIONAL_REPRESENTATION('',(#6445),#6449);
#6445 = LINE('',#6446,#6447);
#6446 = CARTESIAN_POINT('',(0.,0.));
#6447 = VECTOR('',#6448,1.);
#6448 = DIRECTION('',(1.,0.));
#6449 = ( GEOMETRIC_REPRESENTATION_CONTEXT(2) 
PARAMETRIC_REPRESENTATION_CONTEXT() REPRESENTATION_CONTEXT('2D SPACE',''
  ) );
#6450 = ORIENTED_EDGE('',*,*,#6451,.F.);
#6451 = EDGE_CURVE('',#1625,#6424,#6452,.T.);
#6452 = SURFACE_CURVE('',#6453,(#6457,#6464),.PCURVE_S1.);
#6453 = LINE('',#6454,#6455);
#6454 = CARTESIAN_POINT('',(352.1125,67.021435654868,20.467772273086));
#6455 = VECTOR('',#6456,1.);
#6456 = DIRECTION('',(0.,-0.104528463268,0.994521895368));
#6457 = PCURVE('',#1669,#6458);
#6458 = DEFINITIONAL_REPRESENTATION('',(#6459),#6463);
#6459 = LINE('',#6460,#6461);
#6460 = CARTESIAN_POINT('',(0.,6.5));
#6461 = VECTOR('',#6462,1.);
#6462 = DIRECTION('',(1.,0.));
#6463 = ( GEOMETRIC_REPRESENTATION_CONTEXT(2) 
PARAMETRIC_REPRESENTATION_CONTEXT() REPRESENTATION_CONTEXT('2D SPACE',''
  ) );
#6464 = PCURVE('',#1641,#6465);
#6465 = DEFINITIONAL_REPRESENTATION('',(#6466),#6470);
#6466 = LINE('',#6467,#6468);
#6467 = CARTESIAN_POINT('',(-1.570796326795,0.));
#6468 = VECTOR('',#6469,1.);
#6469 = DIRECTION('',(-0.,1.));
#6470 = ( GEOMETRIC_REPRESENTATION_CONTEXT(2) 
PARAMETRIC_REPRESENTATION_CONTEXT() REPRESENTATION_CONTEXT('2D SPACE',''
  ) );
#6471 = ORIENTED_EDGE('',*,*,#1653,.T.);
#6472 = ORIENTED_EDGE('',*,*,#6243,.T.);
#6473 = ADVANCED_FACE('',(#6474),#1357,.F.);
#6474 = FACE_BOUND('',#6475,.T.);
#6475 = EDGE_LOOP('',(#6476,#6477,#6478,#6501));
#6476 = ORIENTED_EDGE('',*,*,#6348,.F.);
#6477 = ORIENTED_EDGE('',*,*,#1340,.F.);
#6478 = ORIENTED_EDGE('',*,*,#6479,.T.);
#6479 = EDGE_CURVE('',#1341,#6480,#6482,.T.);
#6480 = VERTEX_POINT('',#6481);
#6481 = CARTESIAN_POINT('',(278.6125,150.00598437293,32.558252541503));
#6482 = SURFACE_CURVE('',#6483,(#6487,#6494),.PCURVE_S1.);
#6483 = LINE('',#6484,#6485);
#6484 = CARTESIAN_POINT('',(278.6125,150.35615472488,29.22660419202));
#6485 = VECTOR('',#6486,1.);
#6486 = DIRECTION('',(0.,-0.104528463268,0.994521895368));
#6487 = PCURVE('',#1357,#6488);
#6488 = DEFINITIONAL_REPRESENTATION('',(#6489),#6493);
#6489 = LINE('',#6490,#6491);
#6490 = CARTESIAN_POINT('',(-1.570796326795,0.));
#6491 = VECTOR('',#6492,1.);
#6492 = DIRECTION('',(-0.,1.));
#6493 = ( GEOMETRIC_REPRESENTATION_CONTEXT(2) 
PARAMETRIC_REPRESENTATION_CONTEXT() REPRESENTATION_CONTEXT('2D SPACE',''
  ) );
#6494 = PCURVE('',#1385,#6495);
#6495 = DEFINITIONAL_REPRESENTATION('',(#6496),#6500);
#6496 = LINE('',#6497,#6498);
#6497 = CARTESIAN_POINT('',(0.,0.5));
#6498 = VECTOR('',#6499,1.);
#6499 = DIRECTION('',(1.,0.));
#6500 = ( GEOMETRIC_REPRESENTATION_CONTEXT(2) 
PARAMETRIC_REPRESENTATION_CONTEXT() REPRESENTATION_CONTEXT('2D SPACE',''
  ) );
#6501 = ORIENTED_EDGE('',*,*,#6502,.F.);
#6502 = EDGE_CURVE('',#6270,#6480,#6503,.T.);
#6503 = SURFACE_CURVE('',#6504,(#6509,#6516),.PCURVE_S1.);
#6504 = CIRCLE('',#6505,0.5);
#6505 = AXIS2_PLACEMENT_3D('',#6506,#6507,#6508);
#6506 = CARTESIAN_POINT('',(278.6125,149.50872342525,32.505988309869));
#6507 = DIRECTION('',(0.,0.104528463268,-0.994521895368));
#6508 = DIRECTION('',(0.,-0.994521895368,-0.104528463268));
#6509 = PCURVE('',#1357,#6510);
#6510 = DEFINITIONAL_REPRESENTATION('',(#6511),#6515);
#6511 = LINE('',#6512,#6513);
#6512 = CARTESIAN_POINT('',(1.570796326795,3.35));
#6513 = VECTOR('',#6514,1.);
#6514 = DIRECTION('',(-1.,0.));
#6515 = ( GEOMETRIC_REPRESENTATION_CONTEXT(2) 
PARAMETRIC_REPRESENTATION_CONTEXT() REPRESENTATION_CONTEXT('2D SPACE',''
  ) );
#6516 = PCURVE('',#6285,#6517);
#6517 = DEFINITIONAL_REPRESENTATION('',(#6518),#6526);
#6518 = ( BOUNDED_CURVE() B_SPLINE_CURVE(2,(#6519,#6520,#6521,#6522,
#6523,#6524,#6525),.UNSPECIFIED.,.T.,.F.) B_SPLINE_CURVE_WITH_KNOTS((1,2
    ,2,2,2,1),(-2.094395102393,0.,2.094395102393,4.188790204786,
6.28318530718,8.377580409573),.UNSPECIFIED.) CURVE() 
GEOMETRIC_REPRESENTATION_ITEM() RATIONAL_B_SPLINE_CURVE((1.,0.5,1.,0.5,
1.,0.5,1.)) REPRESENTATION_ITEM('') );
#6519 = CARTESIAN_POINT('',(0.5,6.));
#6520 = CARTESIAN_POINT('',(-0.366025403784,6.));
#6521 = CARTESIAN_POINT('',(6.698729810778E-02,6.75));
#6522 = CARTESIAN_POINT('',(0.5,7.5));
#6523 = CARTESIAN_POINT('',(0.933012701892,6.75));
#6524 = CARTESIAN_POINT('',(1.366025403784,6.));
#6525 = CARTESIAN_POINT('',(0.5,6.));
#6526 = ( GEOMETRIC_REPRESENTATION_CONTEXT(2) 
PARAMETRIC_REPRESENTATION_CONTEXT() REPRESENTATION_CONTEXT('2D SPACE',''
  ) );
#6527 = ADVANCED_FACE('',(#6528),#1641,.F.);
#6528 = FACE_BOUND('',#6529,.T.);
#6529 = EDGE_LOOP('',(#6530,#6553,#6554,#6555));
#6530 = ORIENTED_EDGE('',*,*,#6531,.F.);
#6531 = EDGE_CURVE('',#1597,#6532,#6534,.T.);
#6532 = VERTEX_POINT('',#6533);
#6533 = CARTESIAN_POINT('',(352.6125,67.168526250605,23.851684854203));
#6534 = SURFACE_CURVE('',#6535,(#6539,#6546),.PCURVE_S1.);
#6535 = LINE('',#6536,#6537);
#6536 = CARTESIAN_POINT('',(352.6125,67.518696602552,20.520036504719));
#6537 = VECTOR('',#6538,1.);
#6538 = DIRECTION('',(0.,-0.104528463268,0.994521895368));
#6539 = PCURVE('',#1641,#6540);
#6540 = DEFINITIONAL_REPRESENTATION('',(#6541),#6545);
#6541 = LINE('',#6542,#6543);
#6542 = CARTESIAN_POINT('',(-0.,0.));
#6543 = VECTOR('',#6544,1.);
#6544 = DIRECTION('',(-0.,1.));
#6545 = ( GEOMETRIC_REPRESENTATION_CONTEXT(2) 
PARAMETRIC_REPRESENTATION_CONTEXT() REPRESENTATION_CONTEXT('2D SPACE',''
  ) );
#6546 = PCURVE('',#1612,#6547);
#6547 = DEFINITIONAL_REPRESENTATION('',(#6548),#6552);
#6548 = LINE('',#6549,#6550);
#6549 = CARTESIAN_POINT('',(6.800116025829E-16,-0.5));
#6550 = VECTOR('',#6551,1.);
#6551 = DIRECTION('',(1.,0.));
#6552 = ( GEOMETRIC_REPRESENTATION_CONTEXT(2) 
PARAMETRIC_REPRESENTATION_CONTEXT() REPRESENTATION_CONTEXT('2D SPACE',''
  ) );
#6553 = ORIENTED_EDGE('',*,*,#1624,.F.);
#6554 = ORIENTED_EDGE('',*,*,#6451,.T.);
#6555 = ORIENTED_EDGE('',*,*,#6556,.F.);
#6556 = EDGE_CURVE('',#6532,#6424,#6557,.T.);
#6557 = SURFACE_CURVE('',#6558,(#6563,#6570),.PCURVE_S1.);
#6558 = CIRCLE('',#6559,0.5);
#6559 = AXIS2_PLACEMENT_3D('',#6560,#6561,#6562);
#6560 = CARTESIAN_POINT('',(352.1125,67.168526250605,23.851684854203));
#6561 = DIRECTION('',(0.,0.104528463268,-0.994521895368));
#6562 = DIRECTION('',(0.,-0.994521895368,-0.104528463268));
#6563 = PCURVE('',#1641,#6564);
#6564 = DEFINITIONAL_REPRESENTATION('',(#6565),#6569);
#6565 = LINE('',#6566,#6567);
#6566 = CARTESIAN_POINT('',(4.712388980385,3.35));
#6567 = VECTOR('',#6568,1.);
#6568 = DIRECTION('',(-1.,0.));
#6569 = ( GEOMETRIC_REPRESENTATION_CONTEXT(2) 
PARAMETRIC_REPRESENTATION_CONTEXT() REPRESENTATION_CONTEXT('2D SPACE',''
  ) );
#6570 = PCURVE('',#6439,#6571);
#6571 = DEFINITIONAL_REPRESENTATION('',(#6572),#6580);
#6572 = ( BOUNDED_CURVE() B_SPLINE_CURVE(2,(#6573,#6574,#6575,#6576,
#6577,#6578,#6579),.UNSPECIFIED.,.T.,.F.) B_SPLINE_CURVE_WITH_KNOTS((1,2
    ,2,2,2,1),(-2.094395102393,0.,2.094395102393,4.188790204786,
6.28318530718,8.377580409573),.UNSPECIFIED.) CURVE() 
GEOMETRIC_REPRESENTATION_ITEM() RATIONAL_B_SPLINE_CURVE((1.,0.5,1.,0.5,
1.,0.5,1.)) REPRESENTATION_ITEM('') );
#6573 = CARTESIAN_POINT('',(6.5,1.110223024625E-16));
#6574 = CARTESIAN_POINT('',(5.633974596216,1.110223024625E-16));
#6575 = CARTESIAN_POINT('',(6.066987298108,0.75));
#6576 = CARTESIAN_POINT('',(6.5,1.5));
#6577 = CARTESIAN_POINT('',(6.933012701892,0.75));
#6578 = CARTESIAN_POINT('',(7.366025403784,8.881784197001E-16));
#6579 = CARTESIAN_POINT('',(6.5,1.110223024625E-16));
#6580 = ( GEOMETRIC_REPRESENTATION_CONTEXT(2) 
PARAMETRIC_REPRESENTATION_CONTEXT() REPRESENTATION_CONTEXT('2D SPACE',''
  ) );
#6581 = ADVANCED_FACE('',(#6582),#1385,.F.);
#6582 = FACE_BOUND('',#6583,.F.);
#6583 = EDGE_LOOP('',(#6584,#6585,#6586,#6609));
#6584 = ORIENTED_EDGE('',*,*,#1369,.T.);
#6585 = ORIENTED_EDGE('',*,*,#6479,.T.);
#6586 = ORIENTED_EDGE('',*,*,#6587,.T.);
#6587 = EDGE_CURVE('',#6480,#6588,#6590,.T.);
#6588 = VERTEX_POINT('',#6589);
#6589 = CARTESIAN_POINT('',(298.6125,150.00598437293,32.558252541503));
#6590 = SURFACE_CURVE('',#6591,(#6595,#6602),.PCURVE_S1.);
#6591 = LINE('',#6592,#6593);
#6592 = CARTESIAN_POINT('',(278.1125,150.00598437293,32.558252541503));
#6593 = VECTOR('',#6594,1.);
#6594 = DIRECTION('',(1.,0.,0.));
#6595 = PCURVE('',#1385,#6596);
#6596 = DEFINITIONAL_REPRESENTATION('',(#6597),#6601);
#6597 = LINE('',#6598,#6599);
#6598 = CARTESIAN_POINT('',(3.35,0.));
#6599 = VECTOR('',#6600,1.);
#6600 = DIRECTION('',(0.,1.));
#6601 = ( GEOMETRIC_REPRESENTATION_CONTEXT(2) 
PARAMETRIC_REPRESENTATION_CONTEXT() REPRESENTATION_CONTEXT('2D SPACE',''
  ) );
#6602 = PCURVE('',#6285,#6603);
#6603 = DEFINITIONAL_REPRESENTATION('',(#6604),#6608);
#6604 = LINE('',#6605,#6606);
#6605 = CARTESIAN_POINT('',(0.,7.));
#6606 = VECTOR('',#6607,1.);
#6607 = DIRECTION('',(1.,0.));
#6608 = ( GEOMETRIC_REPRESENTATION_CONTEXT(2) 
PARAMETRIC_REPRESENTATION_CONTEXT() REPRESENTATION_CONTEXT('2D SPACE',''
  ) );
#6609 = ORIENTED_EDGE('',*,*,#6610,.F.);
#6610 = EDGE_CURVE('',#1370,#6588,#6611,.T.);
#6611 = SURFACE_CURVE('',#6612,(#6616,#6623),.PCURVE_S1.);
#6612 = LINE('',#6613,#6614);
#6613 = CARTESIAN_POINT('',(298.6125,150.35615472488,29.22660419202));
#6614 = VECTOR('',#6615,1.);
#6615 = DIRECTION('',(0.,-0.104528463268,0.994521895368));
#6616 = PCURVE('',#1385,#6617);
#6617 = DEFINITIONAL_REPRESENTATION('',(#6618),#6622);
#6618 = LINE('',#6619,#6620);
#6619 = CARTESIAN_POINT('',(0.,20.5));
#6620 = VECTOR('',#6621,1.);
#6621 = DIRECTION('',(1.,0.));
#6622 = ( GEOMETRIC_REPRESENTATION_CONTEXT(2) 
PARAMETRIC_REPRESENTATION_CONTEXT() REPRESENTATION_CONTEXT('2D SPACE',''
  ) );
#6623 = PCURVE('',#1414,#6624);
#6624 = DEFINITIONAL_REPRESENTATION('',(#6625),#6629);
#6625 = LINE('',#6626,#6627);
#6626 = CARTESIAN_POINT('',(1.570796326795,0.));
#6627 = VECTOR('',#6628,1.);
#6628 = DIRECTION('',(0.,1.));
#6629 = ( GEOMETRIC_REPRESENTATION_CONTEXT(2) 
PARAMETRIC_REPRESENTATION_CONTEXT() REPRESENTATION_CONTEXT('2D SPACE',''
  ) );
#6630 = ADVANCED_FACE('',(#6631),#1612,.F.);
#6631 = FACE_BOUND('',#6632,.F.);
#6632 = EDGE_LOOP('',(#6633,#6656,#6657,#6658));
#6633 = ORIENTED_EDGE('',*,*,#6634,.F.);
#6634 = EDGE_CURVE('',#6532,#6635,#6637,.T.);
#6635 = VERTEX_POINT('',#6636);
#6636 = CARTESIAN_POINT('',(352.6125,87.058964157971,25.942254119556));
#6637 = SURFACE_CURVE('',#6638,(#6642,#6649),.PCURVE_S1.);
#6638 = LINE('',#6639,#6640);
#6639 = CARTESIAN_POINT('',(352.6125,66.671265302921,23.799420622569));
#6640 = VECTOR('',#6641,1.);
#6641 = DIRECTION('',(0.,0.994521895368,0.104528463268));
#6642 = PCURVE('',#1612,#6643);
#6643 = DEFINITIONAL_REPRESENTATION('',(#6644),#6648);
#6644 = LINE('',#6645,#6646);
#6645 = CARTESIAN_POINT('',(3.35,5.551115123126E-15));
#6646 = VECTOR('',#6647,1.);
#6647 = DIRECTION('',(0.,-1.));
#6648 = ( GEOMETRIC_REPRESENTATION_CONTEXT(2) 
PARAMETRIC_REPRESENTATION_CONTEXT() REPRESENTATION_CONTEXT('2D SPACE',''
  ) );
#6649 = PCURVE('',#6439,#6650);
#6650 = DEFINITIONAL_REPRESENTATION('',(#6651),#6655);
#6651 = LINE('',#6652,#6653);
#6652 = CARTESIAN_POINT('',(7.,0.));
#6653 = VECTOR('',#6654,1.);
#6654 = DIRECTION('',(0.,1.));
#6655 = ( GEOMETRIC_REPRESENTATION_CONTEXT(2) 
PARAMETRIC_REPRESENTATION_CONTEXT() REPRESENTATION_CONTEXT('2D SPACE',''
  ) );
#6656 = ORIENTED_EDGE('',*,*,#6531,.F.);
#6657 = ORIENTED_EDGE('',*,*,#1596,.T.);
#6658 = ORIENTED_EDGE('',*,*,#6659,.T.);
#6659 = EDGE_CURVE('',#1568,#6635,#6660,.T.);
#6660 = SURFACE_CURVE('',#6661,(#6665,#6672),.PCURVE_S1.);
#6661 = LINE('',#6662,#6663);
#6662 = CARTESIAN_POINT('',(352.6125,87.409134509918,22.610605770072));
#6663 = VECTOR('',#6664,1.);
#6664 = DIRECTION('',(0.,-0.104528463268,0.994521895368));
#6665 = PCURVE('',#1612,#6666);
#6666 = DEFINITIONAL_REPRESENTATION('',(#6667),#6671);
#6667 = LINE('',#6668,#6669);
#6668 = CARTESIAN_POINT('',(4.440892098501E-15,-20.5));
#6669 = VECTOR('',#6670,1.);
#6670 = DIRECTION('',(1.,0.));
#6671 = ( GEOMETRIC_REPRESENTATION_CONTEXT(2) 
PARAMETRIC_REPRESENTATION_CONTEXT() REPRESENTATION_CONTEXT('2D SPACE',''
  ) );
#6672 = PCURVE('',#1584,#6673);
#6673 = DEFINITIONAL_REPRESENTATION('',(#6674),#6678);
#6674 = LINE('',#6675,#6676);
#6675 = CARTESIAN_POINT('',(0.,0.));
#6676 = VECTOR('',#6677,1.);
#6677 = DIRECTION('',(0.,1.));
#6678 = ( GEOMETRIC_REPRESENTATION_CONTEXT(2) 
PARAMETRIC_REPRESENTATION_CONTEXT() REPRESENTATION_CONTEXT('2D SPACE',''
  ) );
#6679 = ADVANCED_FACE('',(#6680),#1414,.F.);
#6680 = FACE_BOUND('',#6681,.F.);
#6681 = EDGE_LOOP('',(#6682,#6705,#6706,#6707));
#6682 = ORIENTED_EDGE('',*,*,#6683,.F.);
#6683 = EDGE_CURVE('',#1398,#6684,#6686,.T.);
#6684 = VERTEX_POINT('',#6685);
#6685 = CARTESIAN_POINT('',(299.1125,149.50872342525,32.505988309869));
#6686 = SURFACE_CURVE('',#6687,(#6691,#6698),.PCURVE_S1.);
#6687 = LINE('',#6688,#6689);
#6688 = CARTESIAN_POINT('',(299.1125,149.85889377719,29.174339960386));
#6689 = VECTOR('',#6690,1.);
#6690 = DIRECTION('',(0.,-0.104528463268,0.994521895368));
#6691 = PCURVE('',#1414,#6692);
#6692 = DEFINITIONAL_REPRESENTATION('',(#6693),#6697);
#6693 = LINE('',#6694,#6695);
#6694 = CARTESIAN_POINT('',(0.,0.));
#6695 = VECTOR('',#6696,1.);
#6696 = DIRECTION('',(0.,1.));
#6697 = ( GEOMETRIC_REPRESENTATION_CONTEXT(2) 
PARAMETRIC_REPRESENTATION_CONTEXT() REPRESENTATION_CONTEXT('2D SPACE',''
  ) );
#6698 = PCURVE('',#1442,#6699);
#6699 = DEFINITIONAL_REPRESENTATION('',(#6700),#6704);
#6700 = LINE('',#6701,#6702);
#6701 = CARTESIAN_POINT('',(6.661338147751E-16,-6.5));
#6702 = VECTOR('',#6703,1.);
#6703 = DIRECTION('',(1.,0.));
#6704 = ( GEOMETRIC_REPRESENTATION_CONTEXT(2) 
PARAMETRIC_REPRESENTATION_CONTEXT() REPRESENTATION_CONTEXT('2D SPACE',''
  ) );
#6705 = ORIENTED_EDGE('',*,*,#1397,.T.);
#6706 = ORIENTED_EDGE('',*,*,#6610,.T.);
#6707 = ORIENTED_EDGE('',*,*,#6708,.F.);
#6708 = EDGE_CURVE('',#6684,#6588,#6709,.T.);
#6709 = SURFACE_CURVE('',#6710,(#6715,#6722),.PCURVE_S1.);
#6710 = CIRCLE('',#6711,0.5);
#6711 = AXIS2_PLACEMENT_3D('',#6712,#6713,#6714);
#6712 = CARTESIAN_POINT('',(298.6125,149.50872342525,32.505988309869));
#6713 = DIRECTION('',(0.,-0.104528463268,0.994521895368));
#6714 = DIRECTION('',(0.,-0.994521895368,-0.104528463268));
#6715 = PCURVE('',#1414,#6716);
#6716 = DEFINITIONAL_REPRESENTATION('',(#6717),#6721);
#6717 = LINE('',#6718,#6719);
#6718 = CARTESIAN_POINT('',(-1.570796326795,3.35));
#6719 = VECTOR('',#6720,1.);
#6720 = DIRECTION('',(1.,0.));
#6721 = ( GEOMETRIC_REPRESENTATION_CONTEXT(2) 
PARAMETRIC_REPRESENTATION_CONTEXT() REPRESENTATION_CONTEXT('2D SPACE',''
  ) );
#6722 = PCURVE('',#6285,#6723);
#6723 = DEFINITIONAL_REPRESENTATION('',(#6724),#6728);
#6724 = CIRCLE('',#6725,0.5);
#6725 = AXIS2_PLACEMENT_2D('',#6726,#6727);
#6726 = CARTESIAN_POINT('',(20.5,6.5));
#6727 = DIRECTION('',(0.,-1.));
#6728 = ( GEOMETRIC_REPRESENTATION_CONTEXT(2) 
PARAMETRIC_REPRESENTATION_CONTEXT() REPRESENTATION_CONTEXT('2D SPACE',''
  ) );
#6729 = ADVANCED_FACE('',(#6730),#1584,.F.);
#6730 = FACE_BOUND('',#6731,.F.);
#6731 = EDGE_LOOP('',(#6732,#6733,#6734,#6757));
#6732 = ORIENTED_EDGE('',*,*,#6659,.F.);
#6733 = ORIENTED_EDGE('',*,*,#1567,.T.);
#6734 = ORIENTED_EDGE('',*,*,#6735,.T.);
#6735 = EDGE_CURVE('',#1540,#6736,#6738,.T.);
#6736 = VERTEX_POINT('',#6737);
#6737 = CARTESIAN_POINT('',(352.1125,87.556225105655,25.99451835119));
#6738 = SURFACE_CURVE('',#6739,(#6743,#6750),.PCURVE_S1.);
#6739 = LINE('',#6740,#6741);
#6740 = CARTESIAN_POINT('',(352.1125,87.906395457602,22.662870001706));
#6741 = VECTOR('',#6742,1.);
#6742 = DIRECTION('',(0.,-0.104528463268,0.994521895368));
#6743 = PCURVE('',#1584,#6744);
#6744 = DEFINITIONAL_REPRESENTATION('',(#6745),#6749);
#6745 = LINE('',#6746,#6747);
#6746 = CARTESIAN_POINT('',(1.570796326795,0.));
#6747 = VECTOR('',#6748,1.);
#6748 = DIRECTION('',(0.,1.));
#6749 = ( GEOMETRIC_REPRESENTATION_CONTEXT(2) 
PARAMETRIC_REPRESENTATION_CONTEXT() REPRESENTATION_CONTEXT('2D SPACE',''
  ) );
#6750 = PCURVE('',#1555,#6751);
#6751 = DEFINITIONAL_REPRESENTATION('',(#6752),#6756);
#6752 = LINE('',#6753,#6754);
#6753 = CARTESIAN_POINT('',(0.,6.5));
#6754 = VECTOR('',#6755,1.);
#6755 = DIRECTION('',(1.,0.));
#6756 = ( GEOMETRIC_REPRESENTATION_CONTEXT(2) 
PARAMETRIC_REPRESENTATION_CONTEXT() REPRESENTATION_CONTEXT('2D SPACE',''
  ) );
#6757 = ORIENTED_EDGE('',*,*,#6758,.F.);
#6758 = EDGE_CURVE('',#6635,#6736,#6759,.T.);
#6759 = SURFACE_CURVE('',#6760,(#6765,#6772),.PCURVE_S1.);
#6760 = CIRCLE('',#6761,0.5);
#6761 = AXIS2_PLACEMENT_3D('',#6762,#6763,#6764);
#6762 = CARTESIAN_POINT('',(352.1125,87.058964157971,25.942254119556));
#6763 = DIRECTION('',(0.,-0.104528463268,0.994521895368));
#6764 = DIRECTION('',(0.,-0.994521895368,-0.104528463268));
#6765 = PCURVE('',#1584,#6766);
#6766 = DEFINITIONAL_REPRESENTATION('',(#6767),#6771);
#6767 = LINE('',#6768,#6769);
#6768 = CARTESIAN_POINT('',(-1.570796326795,3.35));
#6769 = VECTOR('',#6770,1.);
#6770 = DIRECTION('',(1.,0.));
#6771 = ( GEOMETRIC_REPRESENTATION_CONTEXT(2) 
PARAMETRIC_REPRESENTATION_CONTEXT() REPRESENTATION_CONTEXT('2D SPACE',''
  ) );
#6772 = PCURVE('',#6439,#6773);
#6773 = DEFINITIONAL_REPRESENTATION('',(#6774),#6778);
#6774 = CIRCLE('',#6775,0.5);
#6775 = AXIS2_PLACEMENT_2D('',#6776,#6777);
#6776 = CARTESIAN_POINT('',(6.5,20.5));
#6777 = DIRECTION('',(0.,-1.));
#6778 = ( GEOMETRIC_REPRESENTATION_CONTEXT(2) 
PARAMETRIC_REPRESENTATION_CONTEXT() REPRESENTATION_CONTEXT('2D SPACE',''
  ) );
#6779 = ADVANCED_FACE('',(#6780),#1442,.F.);
#6780 = FACE_BOUND('',#6781,.F.);
#6781 = EDGE_LOOP('',(#6782,#6805,#6833,#6856,#6877,#6878));
#6782 = ORIENTED_EDGE('',*,*,#6783,.F.);
#6783 = EDGE_CURVE('',#6784,#6684,#6786,.T.);
#6784 = VERTEX_POINT('',#6785);
#6785 = CARTESIAN_POINT('',(299.1125,143.54159205304,31.878817530263));
#6786 = SURFACE_CURVE('',#6787,(#6791,#6798),.PCURVE_S1.);
#6787 = LINE('',#6788,#6789);
#6788 = CARTESIAN_POINT('',(299.1125,143.04433110535,31.82655329863));
#6789 = VECTOR('',#6790,1.);
#6790 = DIRECTION('',(0.,0.994521895368,0.104528463268));
#6791 = PCURVE('',#1442,#6792);
#6792 = DEFINITIONAL_REPRESENTATION('',(#6793),#6797);
#6793 = LINE('',#6794,#6795);
#6794 = CARTESIAN_POINT('',(3.35,5.551115123126E-15));
#6795 = VECTOR('',#6796,1.);
#6796 = DIRECTION('',(0.,-1.));
#6797 = ( GEOMETRIC_REPRESENTATION_CONTEXT(2) 
PARAMETRIC_REPRESENTATION_CONTEXT() REPRESENTATION_CONTEXT('2D SPACE',''
  ) );
#6798 = PCURVE('',#6285,#6799);
#6799 = DEFINITIONAL_REPRESENTATION('',(#6800),#6804);
#6800 = LINE('',#6801,#6802);
#6801 = CARTESIAN_POINT('',(21.,0.));
#6802 = VECTOR('',#6803,1.);
#6803 = DIRECTION('',(0.,1.));
#6804 = ( GEOMETRIC_REPRESENTATION_CONTEXT(2) 
PARAMETRIC_REPRESENTATION_CONTEXT() REPRESENTATION_CONTEXT('2D SPACE',''
  ) );
#6805 = ORIENTED_EDGE('',*,*,#6806,.F.);
#6806 = EDGE_CURVE('',#6807,#6784,#6809,.T.);
#6807 = VERTEX_POINT('',#6808);
#6808 = CARTESIAN_POINT('',(299.1125,143.604309131,31.282104393043));
#6809 = SURFACE_CURVE('',#6810,(#6814,#6821),.PCURVE_S1.);
#6810 = LINE('',#6811,#6812);
#6811 = CARTESIAN_POINT('',(299.1125,143.89176240498,28.54716918078));
#6812 = VECTOR('',#6813,1.);
#6813 = DIRECTION('',(0.,-0.104528463268,0.994521895368));
#6814 = PCURVE('',#1442,#6815);
#6815 = DEFINITIONAL_REPRESENTATION('',(#6816),#6820);
#6816 = LINE('',#6817,#6818);
#6817 = CARTESIAN_POINT('',(6.800116025829E-16,-0.5));
#6818 = VECTOR('',#6819,1.);
#6819 = DIRECTION('',(1.,0.));
#6820 = ( GEOMETRIC_REPRESENTATION_CONTEXT(2) 
PARAMETRIC_REPRESENTATION_CONTEXT() REPRESENTATION_CONTEXT('2D SPACE',''
  ) );
#6821 = PCURVE('',#6822,#6827);
#6822 = CYLINDRICAL_SURFACE('',#6823,0.5);
#6823 = AXIS2_PLACEMENT_3D('',#6824,#6825,#6826);
#6824 = CARTESIAN_POINT('',(298.6125,143.89176240498,28.54716918078));
#6825 = DIRECTION('',(0.,-0.104528463268,0.994521895368));
#6826 = DIRECTION('',(1.,0.,0.));
#6827 = DEFINITIONAL_REPRESENTATION('',(#6828),#6832);
#6828 = LINE('',#6829,#6830);
#6829 = CARTESIAN_POINT('',(-0.,0.));
#6830 = VECTOR('',#6831,1.);
#6831 = DIRECTION('',(-0.,1.));
#6832 = ( GEOMETRIC_REPRESENTATION_CONTEXT(2) 
PARAMETRIC_REPRESENTATION_CONTEXT() REPRESENTATION_CONTEXT('2D SPACE',''
  ) );
#6833 = ORIENTED_EDGE('',*,*,#6834,.T.);
#6834 = EDGE_CURVE('',#6807,#6835,#6837,.T.);
#6835 = VERTEX_POINT('',#6836);
#6836 = CARTESIAN_POINT('',(299.1125,145.09609197405,31.438897087944));
#6837 = SURFACE_CURVE('',#6838,(#6842,#6849),.PCURVE_S1.);
#6838 = LINE('',#6839,#6840);
#6839 = CARTESIAN_POINT('',(299.1125,76.181940386881,24.195727886391));
#6840 = VECTOR('',#6841,1.);
#6841 = DIRECTION('',(0.,0.994521895368,0.104528463268));
#6842 = PCURVE('',#1442,#6843);
#6843 = DEFINITIONAL_REPRESENTATION('',(#6844),#6848);
#6844 = LINE('',#6845,#6846);
#6845 = CARTESIAN_POINT('',(2.75,67.29375));
#6846 = VECTOR('',#6847,1.);
#6847 = DIRECTION('',(0.,-1.));
#6848 = ( GEOMETRIC_REPRESENTATION_CONTEXT(2) 
PARAMETRIC_REPRESENTATION_CONTEXT() REPRESENTATION_CONTEXT('2D SPACE',''
  ) );
#6849 = PCURVE('',#3506,#6850);
#6850 = DEFINITIONAL_REPRESENTATION('',(#6851),#6855);
#6851 = LINE('',#6852,#6853);
#6852 = CARTESIAN_POINT('',(288.1125,67.29375));
#6853 = VECTOR('',#6854,1.);
#6854 = DIRECTION('',(0.,1.));
#6855 = ( GEOMETRIC_REPRESENTATION_CONTEXT(2) 
PARAMETRIC_REPRESENTATION_CONTEXT() REPRESENTATION_CONTEXT('2D SPACE',''
  ) );
#6856 = ORIENTED_EDGE('',*,*,#6857,.T.);
#6857 = EDGE_CURVE('',#6835,#1427,#6858,.T.);
#6858 = SURFACE_CURVE('',#6859,(#6863,#6870),.PCURVE_S1.);
#6859 = LINE('',#6860,#6861);
#6860 = CARTESIAN_POINT('',(299.1125,145.38354524804,28.703961875681));
#6861 = VECTOR('',#6862,1.);
#6862 = DIRECTION('',(0.,0.104528463268,-0.994521895368));
#6863 = PCURVE('',#1442,#6864);
#6864 = DEFINITIONAL_REPRESENTATION('',(#6865),#6869);
#6865 = LINE('',#6866,#6867);
#6866 = CARTESIAN_POINT('',(2.164934898019E-15,-2.));
#6867 = VECTOR('',#6868,1.);
#6868 = DIRECTION('',(-1.,0.));
#6869 = ( GEOMETRIC_REPRESENTATION_CONTEXT(2) 
PARAMETRIC_REPRESENTATION_CONTEXT() REPRESENTATION_CONTEXT('2D SPACE',''
  ) );
#6870 = PCURVE('',#1470,#6871);
#6871 = DEFINITIONAL_REPRESENTATION('',(#6872),#6876);
#6872 = LINE('',#6873,#6874);
#6873 = CARTESIAN_POINT('',(0.,288.1125));
#6874 = VECTOR('',#6875,1.);
#6875 = DIRECTION('',(-1.,0.));
#6876 = ( GEOMETRIC_REPRESENTATION_CONTEXT(2) 
PARAMETRIC_REPRESENTATION_CONTEXT() REPRESENTATION_CONTEXT('2D SPACE',''
  ) );
#6877 = ORIENTED_EDGE('',*,*,#1426,.T.);
#6878 = ORIENTED_EDGE('',*,*,#6683,.T.);
#6879 = ADVANCED_FACE('',(#6880),#1555,.F.);
#6880 = FACE_BOUND('',#6881,.F.);
#6881 = EDGE_LOOP('',(#6882,#6907,#6935,#6956,#6957,#6958));
#6882 = ORIENTED_EDGE('',*,*,#6883,.T.);
#6883 = EDGE_CURVE('',#6884,#6886,#6888,.T.);
#6884 = VERTEX_POINT('',#6885);
#6885 = CARTESIAN_POINT('',(347.6125,87.618942183616,25.397805213969));
#6886 = VERTEX_POINT('',#6887);
#6887 = CARTESIAN_POINT('',(346.1125,87.618942183616,25.397805213969));
#6888 = SURFACE_CURVE('',#6889,(#6893,#6900),.PCURVE_S1.);
#6889 = LINE('',#6890,#6891);
#6890 = CARTESIAN_POINT('',(178.30625,87.618942183616,25.397805213969));
#6891 = VECTOR('',#6892,1.);
#6892 = DIRECTION('',(-1.,0.,0.));
#6893 = PCURVE('',#1555,#6894);
#6894 = DEFINITIONAL_REPRESENTATION('',(#6895),#6899);
#6895 = LINE('',#6896,#6897);
#6896 = CARTESIAN_POINT('',(2.75,-167.30625));
#6897 = VECTOR('',#6898,1.);
#6898 = DIRECTION('',(0.,-1.));
#6899 = ( GEOMETRIC_REPRESENTATION_CONTEXT(2) 
PARAMETRIC_REPRESENTATION_CONTEXT() REPRESENTATION_CONTEXT('2D SPACE',''
  ) );
#6900 = PCURVE('',#3506,#6901);
#6901 = DEFINITIONAL_REPRESENTATION('',(#6902),#6906);
#6902 = LINE('',#6903,#6904);
#6903 = CARTESIAN_POINT('',(167.30625,78.79375));
#6904 = VECTOR('',#6905,1.);
#6905 = DIRECTION('',(-1.,0.));
#6906 = ( GEOMETRIC_REPRESENTATION_CONTEXT(2) 
PARAMETRIC_REPRESENTATION_CONTEXT() REPRESENTATION_CONTEXT('2D SPACE',''
  ) );
#6907 = ORIENTED_EDGE('',*,*,#6908,.T.);
#6908 = EDGE_CURVE('',#6886,#6909,#6911,.T.);
#6909 = VERTEX_POINT('',#6910);
#6910 = CARTESIAN_POINT('',(346.1125,87.556225105655,25.99451835119));
#6911 = SURFACE_CURVE('',#6912,(#6916,#6923),.PCURVE_S1.);
#6912 = LINE('',#6913,#6914);
#6913 = CARTESIAN_POINT('',(346.1125,87.906395457602,22.662870001706));
#6914 = VECTOR('',#6915,1.);
#6915 = DIRECTION('',(0.,-0.104528463268,0.994521895368));
#6916 = PCURVE('',#1555,#6917);
#6917 = DEFINITIONAL_REPRESENTATION('',(#6918),#6922);
#6918 = LINE('',#6919,#6920);
#6919 = CARTESIAN_POINT('',(0.,0.5));
#6920 = VECTOR('',#6921,1.);
#6921 = DIRECTION('',(1.,0.));
#6922 = ( GEOMETRIC_REPRESENTATION_CONTEXT(2) 
PARAMETRIC_REPRESENTATION_CONTEXT() REPRESENTATION_CONTEXT('2D SPACE',''
  ) );
#6923 = PCURVE('',#6924,#6929);
#6924 = CYLINDRICAL_SURFACE('',#6925,0.5);
#6925 = AXIS2_PLACEMENT_3D('',#6926,#6927,#6928);
#6926 = CARTESIAN_POINT('',(346.1125,87.409134509918,22.610605770072));
#6927 = DIRECTION('',(0.,-0.104528463268,0.994521895368));
#6928 = DIRECTION('',(-1.,-0.,0.));
#6929 = DEFINITIONAL_REPRESENTATION('',(#6930),#6934);
#6930 = LINE('',#6931,#6932);
#6931 = CARTESIAN_POINT('',(-1.570796326795,0.));
#6932 = VECTOR('',#6933,1.);
#6933 = DIRECTION('',(-0.,1.));
#6934 = ( GEOMETRIC_REPRESENTATION_CONTEXT(2) 
PARAMETRIC_REPRESENTATION_CONTEXT() REPRESENTATION_CONTEXT('2D SPACE',''
  ) );
#6935 = ORIENTED_EDGE('',*,*,#6936,.T.);
#6936 = EDGE_CURVE('',#6909,#6736,#6937,.T.);
#6937 = SURFACE_CURVE('',#6938,(#6942,#6949),.PCURVE_S1.);
#6938 = LINE('',#6939,#6940);
#6939 = CARTESIAN_POINT('',(345.6125,87.556225105655,25.99451835119));
#6940 = VECTOR('',#6941,1.);
#6941 = DIRECTION('',(1.,0.,0.));
#6942 = PCURVE('',#1555,#6943);
#6943 = DEFINITIONAL_REPRESENTATION('',(#6944),#6948);
#6944 = LINE('',#6945,#6946);
#6945 = CARTESIAN_POINT('',(3.35,0.));
#6946 = VECTOR('',#6947,1.);
#6947 = DIRECTION('',(0.,1.));
#6948 = ( GEOMETRIC_REPRESENTATION_CONTEXT(2) 
PARAMETRIC_REPRESENTATION_CONTEXT() REPRESENTATION_CONTEXT('2D SPACE',''
  ) );
#6949 = PCURVE('',#6439,#6950);
#6950 = DEFINITIONAL_REPRESENTATION('',(#6951),#6955);
#6951 = LINE('',#6952,#6953);
#6952 = CARTESIAN_POINT('',(0.,21.));
#6953 = VECTOR('',#6954,1.);
#6954 = DIRECTION('',(1.,0.));
#6955 = ( GEOMETRIC_REPRESENTATION_CONTEXT(2) 
PARAMETRIC_REPRESENTATION_CONTEXT() REPRESENTATION_CONTEXT('2D SPACE',''
  ) );
#6956 = ORIENTED_EDGE('',*,*,#6735,.F.);
#6957 = ORIENTED_EDGE('',*,*,#1539,.T.);
#6958 = ORIENTED_EDGE('',*,*,#6959,.T.);
#6959 = EDGE_CURVE('',#1512,#6884,#6960,.T.);
#6960 = SURFACE_CURVE('',#6961,(#6965,#6972),.PCURVE_S1.);
#6961 = LINE('',#6962,#6963);
#6962 = CARTESIAN_POINT('',(347.6125,87.906395457602,22.662870001706));
#6963 = VECTOR('',#6964,1.);
#6964 = DIRECTION('',(0.,-0.104528463268,0.994521895368));
#6965 = PCURVE('',#1555,#6966);
#6966 = DEFINITIONAL_REPRESENTATION('',(#6967),#6971);
#6967 = LINE('',#6968,#6969);
#6968 = CARTESIAN_POINT('',(0.,2.));
#6969 = VECTOR('',#6970,1.);
#6970 = DIRECTION('',(1.,0.));
#6971 = ( GEOMETRIC_REPRESENTATION_CONTEXT(2) 
PARAMETRIC_REPRESENTATION_CONTEXT() REPRESENTATION_CONTEXT('2D SPACE',''
  ) );
#6972 = PCURVE('',#1527,#6973);
#6973 = DEFINITIONAL_REPRESENTATION('',(#6974),#6978);
#6974 = LINE('',#6975,#6976);
#6975 = CARTESIAN_POINT('',(0.,-78.79375));
#6976 = VECTOR('',#6977,1.);
#6977 = DIRECTION('',(1.,0.));
#6978 = ( GEOMETRIC_REPRESENTATION_CONTEXT(2) 
PARAMETRIC_REPRESENTATION_CONTEXT() REPRESENTATION_CONTEXT('2D SPACE',''
  ) );
#6979 = ADVANCED_FACE('',(#6980),#1470,.F.);
#6980 = FACE_BOUND('',#6981,.F.);
#6981 = EDGE_LOOP('',(#6982,#7005,#7006,#7007));
#6982 = ORIENTED_EDGE('',*,*,#6983,.F.);
#6983 = EDGE_CURVE('',#1455,#6984,#6986,.T.);
#6984 = VERTEX_POINT('',#6985);
#6985 = CARTESIAN_POINT('',(345.6125,145.09609197405,31.438897087944));
#6986 = SURFACE_CURVE('',#6987,(#6991,#6998),.PCURVE_S1.);
#6987 = LINE('',#6988,#6989);
#6988 = CARTESIAN_POINT('',(345.6125,145.38354524804,28.703961875681));
#6989 = VECTOR('',#6990,1.);
#6990 = DIRECTION('',(0.,-0.104528463268,0.994521895368));
#6991 = PCURVE('',#1470,#6992);
#6992 = DEFINITIONAL_REPRESENTATION('',(#6993),#6997);
#6993 = LINE('',#6994,#6995);
#6994 = CARTESIAN_POINT('',(0.,334.6125));
#6995 = VECTOR('',#6996,1.);
#6996 = DIRECTION('',(1.,0.));
#6997 = ( GEOMETRIC_REPRESENTATION_CONTEXT(2) 
PARAMETRIC_REPRESENTATION_CONTEXT() REPRESENTATION_CONTEXT('2D SPACE',''
  ) );
#6998 = PCURVE('',#1499,#6999);
#6999 = DEFINITIONAL_REPRESENTATION('',(#7000),#7004);
#7000 = LINE('',#7001,#7002);
#7001 = CARTESIAN_POINT('',(1.570796326795,0.));
#7002 = VECTOR('',#7003,1.);
#7003 = DIRECTION('',(0.,1.));
#7004 = ( GEOMETRIC_REPRESENTATION_CONTEXT(2) 
PARAMETRIC_REPRESENTATION_CONTEXT() REPRESENTATION_CONTEXT('2D SPACE',''
  ) );
#7005 = ORIENTED_EDGE('',*,*,#1454,.T.);
#7006 = ORIENTED_EDGE('',*,*,#6857,.F.);
#7007 = ORIENTED_EDGE('',*,*,#7008,.T.);
#7008 = EDGE_CURVE('',#6835,#6984,#7009,.T.);
#7009 = SURFACE_CURVE('',#7010,(#7014,#7021),.PCURVE_S1.);
#7010 = LINE('',#7011,#7012);
#7011 = CARTESIAN_POINT('',(11.,145.09609197405,31.438897087944));
#7012 = VECTOR('',#7013,1.);
#7013 = DIRECTION('',(1.,0.,0.));
#7014 = PCURVE('',#1470,#7015);
#7015 = DEFINITIONAL_REPRESENTATION('',(#7016),#7020);
#7016 = LINE('',#7017,#7018);
#7017 = CARTESIAN_POINT('',(2.75,0.));
#7018 = VECTOR('',#7019,1.);
#7019 = DIRECTION('',(0.,1.));
#7020 = ( GEOMETRIC_REPRESENTATION_CONTEXT(2) 
PARAMETRIC_REPRESENTATION_CONTEXT() REPRESENTATION_CONTEXT('2D SPACE',''
  ) );
#7021 = PCURVE('',#3506,#7022);
#7022 = DEFINITIONAL_REPRESENTATION('',(#7023),#7027);
#7023 = LINE('',#7024,#7025);
#7024 = CARTESIAN_POINT('',(0.,136.5875));
#7025 = VECTOR('',#7026,1.);
#7026 = DIRECTION('',(1.,0.));
#7027 = ( GEOMETRIC_REPRESENTATION_CONTEXT(2) 
PARAMETRIC_REPRESENTATION_CONTEXT() REPRESENTATION_CONTEXT('2D SPACE',''
  ) );
#7028 = ADVANCED_FACE('',(#7029),#1527,.F.);
#7029 = FACE_BOUND('',#7030,.F.);
#7030 = EDGE_LOOP('',(#7031,#7054,#7055,#7056));
#7031 = ORIENTED_EDGE('',*,*,#7032,.F.);
#7032 = EDGE_CURVE('',#6884,#7033,#7035,.T.);
#7033 = VERTEX_POINT('',#7034);
#7034 = CARTESIAN_POINT('',(347.6125,143.10704818331,31.229840161409));
#7035 = SURFACE_CURVE('',#7036,(#7040,#7047),.PCURVE_S1.);
#7036 = LINE('',#7037,#7038);
#7037 = CARTESIAN_POINT('',(347.6125,9.256832590442,17.161615611373));
#7038 = VECTOR('',#7039,1.);
#7039 = DIRECTION('',(0.,0.994521895368,0.104528463268));
#7040 = PCURVE('',#1527,#7041);
#7041 = DEFINITIONAL_REPRESENTATION('',(#7042),#7046);
#7042 = LINE('',#7043,#7044);
#7043 = CARTESIAN_POINT('',(2.75,-2.22044604925E-16));
#7044 = VECTOR('',#7045,1.);
#7045 = DIRECTION('',(0.,-1.));
#7046 = ( GEOMETRIC_REPRESENTATION_CONTEXT(2) 
PARAMETRIC_REPRESENTATION_CONTEXT() REPRESENTATION_CONTEXT('2D SPACE',''
  ) );
#7047 = PCURVE('',#3506,#7048);
#7048 = DEFINITIONAL_REPRESENTATION('',(#7049),#7053);
#7049 = LINE('',#7050,#7051);
#7050 = CARTESIAN_POINT('',(336.6125,0.));
#7051 = VECTOR('',#7052,1.);
#7052 = DIRECTION('',(0.,1.));
#7053 = ( GEOMETRIC_REPRESENTATION_CONTEXT(2) 
PARAMETRIC_REPRESENTATION_CONTEXT() REPRESENTATION_CONTEXT('2D SPACE',''
  ) );
#7054 = ORIENTED_EDGE('',*,*,#6959,.F.);
#7055 = ORIENTED_EDGE('',*,*,#1511,.T.);
#7056 = ORIENTED_EDGE('',*,*,#7057,.T.);
#7057 = EDGE_CURVE('',#1483,#7033,#7058,.T.);
#7058 = SURFACE_CURVE('',#7059,(#7063,#7070),.PCURVE_S1.);
#7059 = LINE('',#7060,#7061);
#7060 = CARTESIAN_POINT('',(347.6125,143.3945014573,28.494904949146));
#7061 = VECTOR('',#7062,1.);
#7062 = DIRECTION('',(0.,-0.104528463268,0.994521895368));
#7063 = PCURVE('',#1527,#7064);
#7064 = DEFINITIONAL_REPRESENTATION('',(#7065),#7069);
#7065 = LINE('',#7066,#7067);
#7066 = CARTESIAN_POINT('',(-1.7763568394E-15,-134.5875));
#7067 = VECTOR('',#7068,1.);
#7068 = DIRECTION('',(1.,0.));
#7069 = ( GEOMETRIC_REPRESENTATION_CONTEXT(2) 
PARAMETRIC_REPRESENTATION_CONTEXT() REPRESENTATION_CONTEXT('2D SPACE',''
  ) );
#7070 = PCURVE('',#1499,#7071);
#7071 = DEFINITIONAL_REPRESENTATION('',(#7072),#7076);
#7072 = LINE('',#7073,#7074);
#7073 = CARTESIAN_POINT('',(0.,0.));
#7074 = VECTOR('',#7075,1.);
#7075 = DIRECTION('',(0.,1.));
#7076 = ( GEOMETRIC_REPRESENTATION_CONTEXT(2) 
PARAMETRIC_REPRESENTATION_CONTEXT() REPRESENTATION_CONTEXT('2D SPACE',''
  ) );
#7077 = ADVANCED_FACE('',(#7078),#1499,.F.);
#7078 = FACE_BOUND('',#7079,.F.);
#7079 = EDGE_LOOP('',(#7080,#7081,#7082,#7083));
#7080 = ORIENTED_EDGE('',*,*,#7057,.F.);
#7081 = ORIENTED_EDGE('',*,*,#1482,.T.);
#7082 = ORIENTED_EDGE('',*,*,#6983,.T.);
#7083 = ORIENTED_EDGE('',*,*,#7084,.F.);
#7084 = EDGE_CURVE('',#7033,#6984,#7085,.T.);
#7085 = SURFACE_CURVE('',#7086,(#7091,#7098),.PCURVE_S1.);
#7086 = CIRCLE('',#7087,2.);
#7087 = AXIS2_PLACEMENT_3D('',#7088,#7089,#7090);
#7088 = CARTESIAN_POINT('',(345.6125,143.10704818331,31.229840161409));
#7089 = DIRECTION('',(0.,-0.104528463268,0.994521895368));
#7090 = DIRECTION('',(0.,-0.994521895368,-0.104528463268));
#7091 = PCURVE('',#1499,#7092);
#7092 = DEFINITIONAL_REPRESENTATION('',(#7093),#7097);
#7093 = LINE('',#7094,#7095);
#7094 = CARTESIAN_POINT('',(-1.570796326795,2.75));
#7095 = VECTOR('',#7096,1.);
#7096 = DIRECTION('',(1.,0.));
#7097 = ( GEOMETRIC_REPRESENTATION_CONTEXT(2) 
PARAMETRIC_REPRESENTATION_CONTEXT() REPRESENTATION_CONTEXT('2D SPACE',''
  ) );
#7098 = PCURVE('',#3506,#7099);
#7099 = DEFINITIONAL_REPRESENTATION('',(#7100),#7104);
#7100 = CIRCLE('',#7101,2.);
#7101 = AXIS2_PLACEMENT_2D('',#7102,#7103);
#7102 = CARTESIAN_POINT('',(334.6125,134.5875));
#7103 = DIRECTION('',(0.,-1.));
#7104 = ( GEOMETRIC_REPRESENTATION_CONTEXT(2) 
PARAMETRIC_REPRESENTATION_CONTEXT() REPRESENTATION_CONTEXT('2D SPACE',''
  ) );
#7105 = ADVANCED_FACE('',(#7106),#2297,.F.);
#7106 = FACE_BOUND('',#7107,.T.);
#7107 = EDGE_LOOP('',(#7108,#7109,#7132,#7159));
#7108 = ORIENTED_EDGE('',*,*,#2276,.T.);
#7109 = ORIENTED_EDGE('',*,*,#7110,.T.);
#7110 = EDGE_CURVE('',#2277,#7111,#7113,.T.);
#7111 = VERTEX_POINT('',#7112);
#7112 = CARTESIAN_POINT('',(246.00625,150.22624489296,35.245999795863));
#7113 = SEAM_CURVE('',#7114,(#7118,#7125),.PCURVE_S1.);
#7114 = LINE('',#7115,#7116);
#7115 = CARTESIAN_POINT('',(246.00625,150.85341567256,29.278868423653));
#7116 = VECTOR('',#7117,1.);
#7117 = DIRECTION('',(0.,-0.104528463268,0.994521895368));
#7118 = PCURVE('',#2297,#7119);
#7119 = DEFINITIONAL_REPRESENTATION('',(#7120),#7124);
#7120 = LINE('',#7121,#7122);
#7121 = CARTESIAN_POINT('',(-6.28318530718,0.));
#7122 = VECTOR('',#7123,1.);
#7123 = DIRECTION('',(-0.,-1.));
#7124 = ( GEOMETRIC_REPRESENTATION_CONTEXT(2) 
PARAMETRIC_REPRESENTATION_CONTEXT() REPRESENTATION_CONTEXT('2D SPACE',''
  ) );
#7125 = PCURVE('',#2297,#7126);
#7126 = DEFINITIONAL_REPRESENTATION('',(#7127),#7131);
#7127 = LINE('',#7128,#7129);
#7128 = CARTESIAN_POINT('',(-0.,0.));
#7129 = VECTOR('',#7130,1.);
#7130 = DIRECTION('',(-0.,-1.));
#7131 = ( GEOMETRIC_REPRESENTATION_CONTEXT(2) 
PARAMETRIC_REPRESENTATION_CONTEXT() REPRESENTATION_CONTEXT('2D SPACE',''
  ) );
#7132 = ORIENTED_EDGE('',*,*,#7133,.T.);
#7133 = EDGE_CURVE('',#7111,#7111,#7134,.T.);
#7134 = SURFACE_CURVE('',#7135,(#7140,#7147),.PCURVE_S1.);
#7135 = CIRCLE('',#7136,2.);
#7136 = AXIS2_PLACEMENT_3D('',#7137,#7138,#7139);
#7137 = CARTESIAN_POINT('',(244.00625,150.22624489296,35.245999795863));
#7138 = DIRECTION('',(0.,-0.104528463268,0.994521895368));
#7139 = DIRECTION('',(1.,0.,0.));
#7140 = PCURVE('',#2297,#7141);
#7141 = DEFINITIONAL_REPRESENTATION('',(#7142),#7146);
#7142 = LINE('',#7143,#7144);
#7143 = CARTESIAN_POINT('',(-0.,-6.));
#7144 = VECTOR('',#7145,1.);
#7145 = DIRECTION('',(-1.,0.));
#7146 = ( GEOMETRIC_REPRESENTATION_CONTEXT(2) 
PARAMETRIC_REPRESENTATION_CONTEXT() REPRESENTATION_CONTEXT('2D SPACE',''
  ) );
#7147 = PCURVE('',#7148,#7153);
#7148 = PLANE('',#7149);
#7149 = AXIS2_PLACEMENT_3D('',#7150,#7151,#7152);
#7150 = CARTESIAN_POINT('',(244.00625,150.22624489296,35.245999795863));
#7151 = DIRECTION('',(0.,-0.104528463268,0.994521895368));
#7152 = DIRECTION('',(1.,0.,0.));
#7153 = DEFINITIONAL_REPRESENTATION('',(#7154),#7158);
#7154 = CIRCLE('',#7155,2.);
#7155 = AXIS2_PLACEMENT_2D('',#7156,#7157);
#7156 = CARTESIAN_POINT('',(0.,0.));
#7157 = DIRECTION('',(1.,0.));
#7158 = ( GEOMETRIC_REPRESENTATION_CONTEXT(2) 
PARAMETRIC_REPRESENTATION_CONTEXT() REPRESENTATION_CONTEXT('2D SPACE',''
  ) );
#7159 = ORIENTED_EDGE('',*,*,#7110,.F.);
#7160 = ADVANCED_FACE('',(#7161),#2332,.F.);
#7161 = FACE_BOUND('',#7162,.T.);
#7162 = EDGE_LOOP('',(#7163,#7164,#7187,#7214));
#7163 = ORIENTED_EDGE('',*,*,#2311,.T.);
#7164 = ORIENTED_EDGE('',*,*,#7165,.T.);
#7165 = EDGE_CURVE('',#2312,#7166,#7168,.T.);
#7166 = VERTEX_POINT('',#7167);
#7167 = CARTESIAN_POINT('',(355.1125,150.22624489296,35.245999795863));
#7168 = SEAM_CURVE('',#7169,(#7173,#7180),.PCURVE_S1.);
#7169 = LINE('',#7170,#7171);
#7170 = CARTESIAN_POINT('',(355.1125,150.85341567256,29.278868423653));
#7171 = VECTOR('',#7172,1.);
#7172 = DIRECTION('',(0.,-0.104528463268,0.994521895368));
#7173 = PCURVE('',#2332,#7174);
#7174 = DEFINITIONAL_REPRESENTATION('',(#7175),#7179);
#7175 = LINE('',#7176,#7177);
#7176 = CARTESIAN_POINT('',(-6.28318530718,0.));
#7177 = VECTOR('',#7178,1.);
#7178 = DIRECTION('',(-0.,-1.));
#7179 = ( GEOMETRIC_REPRESENTATION_CONTEXT(2) 
PARAMETRIC_REPRESENTATION_CONTEXT() REPRESENTATION_CONTEXT('2D SPACE',''
  ) );
#7180 = PCURVE('',#2332,#7181);
#7181 = DEFINITIONAL_REPRESENTATION('',(#7182),#7186);
#7182 = LINE('',#7183,#7184);
#7183 = CARTESIAN_POINT('',(-0.,0.));
#7184 = VECTOR('',#7185,1.);
#7185 = DIRECTION('',(-0.,-1.));
#7186 = ( GEOMETRIC_REPRESENTATION_CONTEXT(2) 
PARAMETRIC_REPRESENTATION_CONTEXT() REPRESENTATION_CONTEXT('2D SPACE',''
  ) );
#7187 = ORIENTED_EDGE('',*,*,#7188,.T.);
#7188 = EDGE_CURVE('',#7166,#7166,#7189,.T.);
#7189 = SURFACE_CURVE('',#7190,(#7195,#7202),.PCURVE_S1.);
#7190 = CIRCLE('',#7191,2.);
#7191 = AXIS2_PLACEMENT_3D('',#7192,#7193,#7194);
#7192 = CARTESIAN_POINT('',(353.1125,150.22624489296,35.245999795863));
#7193 = DIRECTION('',(0.,-0.104528463268,0.994521895368));
#7194 = DIRECTION('',(1.,0.,0.));
#7195 = PCURVE('',#2332,#7196);
#7196 = DEFINITIONAL_REPRESENTATION('',(#7197),#7201);
#7197 = LINE('',#7198,#7199);
#7198 = CARTESIAN_POINT('',(-0.,-6.));
#7199 = VECTOR('',#7200,1.);
#7200 = DIRECTION('',(-1.,0.));
#7201 = ( GEOMETRIC_REPRESENTATION_CONTEXT(2) 
PARAMETRIC_REPRESENTATION_CONTEXT() REPRESENTATION_CONTEXT('2D SPACE',''
  ) );
#7202 = PCURVE('',#7203,#7208);
#7203 = PLANE('',#7204);
#7204 = AXIS2_PLACEMENT_3D('',#7205,#7206,#7207);
#7205 = CARTESIAN_POINT('',(353.1125,150.22624489296,35.245999795863));
#7206 = DIRECTION('',(0.,-0.104528463268,0.994521895368));
#7207 = DIRECTION('',(1.,0.,0.));
#7208 = DEFINITIONAL_REPRESENTATION('',(#7209),#7213);
#7209 = CIRCLE('',#7210,2.);
#7210 = AXIS2_PLACEMENT_2D('',#7211,#7212);
#7211 = CARTESIAN_POINT('',(0.,0.));
#7212 = DIRECTION('',(1.,0.));
#7213 = ( GEOMETRIC_REPRESENTATION_CONTEXT(2) 
PARAMETRIC_REPRESENTATION_CONTEXT() REPRESENTATION_CONTEXT('2D SPACE',''
  ) );
#7214 = ORIENTED_EDGE('',*,*,#7165,.F.);
#7215 = ADVANCED_FACE('',(#7216),#2413,.F.);
#7216 = FACE_BOUND('',#7217,.F.);
#7217 = EDGE_LOOP('',(#7218,#7239,#7240,#7241));
#7218 = ORIENTED_EDGE('',*,*,#7219,.F.);
#7219 = EDGE_CURVE('',#2458,#2508,#7220,.T.);
#7220 = SURFACE_CURVE('',#7221,(#7225,#7232),.PCURVE_S1.);
#7221 = LINE('',#7222,#7223);
#7222 = CARTESIAN_POINT('',(352.6125,-2.121927804333,20.188794475976));
#7223 = VECTOR('',#7224,1.);
#7224 = DIRECTION('',(-1.479706333907E-16,0.62932039105,0.777145961457)
  );
#7225 = PCURVE('',#2413,#7226);
#7226 = DEFINITIONAL_REPRESENTATION('',(#7227),#7231);
#7227 = LINE('',#7228,#7229);
#7228 = CARTESIAN_POINT('',(-0.,-0.565685424949));
#7229 = VECTOR('',#7230,1.);
#7230 = DIRECTION('',(1.479706333907E-16,1.));
#7231 = ( GEOMETRIC_REPRESENTATION_CONTEXT(2) 
PARAMETRIC_REPRESENTATION_CONTEXT() REPRESENTATION_CONTEXT('2D SPACE',''
  ) );
#7232 = PCURVE('',#2551,#7233);
#7233 = DEFINITIONAL_REPRESENTATION('',(#7234),#7238);
#7234 = LINE('',#7235,#7236);
#7235 = CARTESIAN_POINT('',(1.570796326795,-0.));
#7236 = VECTOR('',#7237,1.);
#7237 = DIRECTION('',(0.,-1.));
#7238 = ( GEOMETRIC_REPRESENTATION_CONTEXT(2) 
PARAMETRIC_REPRESENTATION_CONTEXT() REPRESENTATION_CONTEXT('2D SPACE',''
  ) );
#7239 = ORIENTED_EDGE('',*,*,#2457,.T.);
#7240 = ORIENTED_EDGE('',*,*,#2397,.T.);
#7241 = ORIENTED_EDGE('',*,*,#2507,.F.);
#7242 = ADVANCED_FACE('',(#7243),#2640,.T.);
#7243 = FACE_BOUND('',#7244,.F.);
#7244 = EDGE_LOOP('',(#7245,#7246,#7247,#7268));
#7245 = ORIENTED_EDGE('',*,*,#2913,.F.);
#7246 = ORIENTED_EDGE('',*,*,#2939,.T.);
#7247 = ORIENTED_EDGE('',*,*,#7248,.T.);
#7248 = EDGE_CURVE('',#2940,#2592,#7249,.T.);
#7249 = SURFACE_CURVE('',#7250,(#7254,#7261),.PCURVE_S1.);
#7250 = LINE('',#7251,#7252);
#7251 = CARTESIAN_POINT('',(352.6125,155.15719313392,37.121699517275));
#7252 = VECTOR('',#7253,1.);
#7253 = DIRECTION('',(0.,-0.777145961457,0.62932039105));
#7254 = PCURVE('',#2640,#7255);
#7255 = DEFINITIONAL_REPRESENTATION('',(#7256),#7260);
#7256 = LINE('',#7257,#7258);
#7257 = CARTESIAN_POINT('',(-346.6125,0.));
#7258 = VECTOR('',#7259,1.);
#7259 = DIRECTION('',(-7.703719777549E-34,1.));
#7260 = ( GEOMETRIC_REPRESENTATION_CONTEXT(2) 
PARAMETRIC_REPRESENTATION_CONTEXT() REPRESENTATION_CONTEXT('2D SPACE',''
  ) );
#7261 = PCURVE('',#2612,#7262);
#7262 = DEFINITIONAL_REPRESENTATION('',(#7263),#7267);
#7263 = LINE('',#7264,#7265);
#7264 = CARTESIAN_POINT('',(0.,-0.4));
#7265 = VECTOR('',#7266,1.);
#7266 = DIRECTION('',(0.,-1.));
#7267 = ( GEOMETRIC_REPRESENTATION_CONTEXT(2) 
PARAMETRIC_REPRESENTATION_CONTEXT() REPRESENTATION_CONTEXT('2D SPACE',''
  ) );
#7268 = ORIENTED_EDGE('',*,*,#2624,.F.);
#7269 = ADVANCED_FACE('',(#7270),#2551,.T.);
#7270 = FACE_BOUND('',#7271,.F.);
#7271 = EDGE_LOOP('',(#7272,#7293,#7294,#7295));
#7272 = ORIENTED_EDGE('',*,*,#7273,.F.);
#7273 = EDGE_CURVE('',#2988,#2531,#7274,.T.);
#7274 = SURFACE_CURVE('',#7275,(#7279,#7286),.PCURVE_S1.);
#7275 = LINE('',#7276,#7277);
#7276 = CARTESIAN_POINT('',(358.2125,3.803392182569,21.213774013729));
#7277 = VECTOR('',#7278,1.);
#7278 = DIRECTION('',(-0.707106781187,-7.391278520357E-02,0.703233176253
    ));
#7279 = PCURVE('',#2551,#7280);
#7280 = DEFINITIONAL_REPRESENTATION('',(#7281),#7285);
#7281 = LINE('',#7282,#7283);
#7282 = CARTESIAN_POINT('',(0.,-0.4));
#7283 = VECTOR('',#7284,1.);
#7284 = DIRECTION('',(0.,-1.));
#7285 = ( GEOMETRIC_REPRESENTATION_CONTEXT(2) 
PARAMETRIC_REPRESENTATION_CONTEXT() REPRESENTATION_CONTEXT('2D SPACE',''
  ) );
#7286 = PCURVE('',#2579,#7287);
#7287 = DEFINITIONAL_REPRESENTATION('',(#7288),#7292);
#7288 = LINE('',#7289,#7290);
#7289 = CARTESIAN_POINT('',(-146.5875,0.));
#7290 = VECTOR('',#7291,1.);
#7291 = DIRECTION('',(-0.,1.));
#7292 = ( GEOMETRIC_REPRESENTATION_CONTEXT(2) 
PARAMETRIC_REPRESENTATION_CONTEXT() REPRESENTATION_CONTEXT('2D SPACE',''
  ) );
#7293 = ORIENTED_EDGE('',*,*,#3012,.T.);
#7294 = ORIENTED_EDGE('',*,*,#7219,.T.);
#7295 = ORIENTED_EDGE('',*,*,#2530,.F.);
#7296 = ADVANCED_FACE('',(#7297),#2612,.T.);
#7297 = FACE_BOUND('',#7298,.F.);
#7298 = EDGE_LOOP('',(#7299,#7300,#7301,#7322));
#7299 = ORIENTED_EDGE('',*,*,#7248,.F.);
#7300 = ORIENTED_EDGE('',*,*,#3062,.T.);
#7301 = ORIENTED_EDGE('',*,*,#7302,.T.);
#7302 = EDGE_CURVE('',#3038,#2564,#7303,.T.);
#7303 = SURFACE_CURVE('',#7304,(#7308,#7315),.PCURVE_S1.);
#7304 = LINE('',#7305,#7306);
#7305 = CARTESIAN_POINT('',(358.6125,149.62968190517,36.138531364829));
#7306 = VECTOR('',#7307,1.);
#7307 = DIRECTION('',(-0.707106781187,-7.391278520357E-02,0.703233176253
    ));
#7308 = PCURVE('',#2612,#7309);
#7309 = DEFINITIONAL_REPRESENTATION('',(#7310),#7314);
#7310 = LINE('',#7311,#7312);
#7311 = CARTESIAN_POINT('',(1.570796326795,-0.));
#7312 = VECTOR('',#7313,1.);
#7313 = DIRECTION('',(0.,-1.));
#7314 = ( GEOMETRIC_REPRESENTATION_CONTEXT(2) 
PARAMETRIC_REPRESENTATION_CONTEXT() REPRESENTATION_CONTEXT('2D SPACE',''
  ) );
#7315 = PCURVE('',#2579,#7316);
#7316 = DEFINITIONAL_REPRESENTATION('',(#7317),#7321);
#7317 = LINE('',#7318,#7319);
#7318 = CARTESIAN_POINT('',(2.227384943154E-14,-0.565685424949));
#7319 = VECTOR('',#7320,1.);
#7320 = DIRECTION('',(-4.163336342344E-17,1.));
#7321 = ( GEOMETRIC_REPRESENTATION_CONTEXT(2) 
PARAMETRIC_REPRESENTATION_CONTEXT() REPRESENTATION_CONTEXT('2D SPACE',''
  ) );
#7322 = ORIENTED_EDGE('',*,*,#2591,.F.);
#7323 = ADVANCED_FACE('',(#7324),#2579,.T.);
#7324 = FACE_BOUND('',#7325,.F.);
#7325 = EDGE_LOOP('',(#7326,#7327,#7328,#7329));
#7326 = ORIENTED_EDGE('',*,*,#7302,.F.);
#7327 = ORIENTED_EDGE('',*,*,#3090,.T.);
#7328 = ORIENTED_EDGE('',*,*,#7273,.T.);
#7329 = ORIENTED_EDGE('',*,*,#2563,.F.);
#7330 = ADVANCED_FACE('',(#7331),#2699,.F.);
#7331 = FACE_BOUND('',#7332,.T.);
#7332 = EDGE_LOOP('',(#7333,#7356,#7357,#7380));
#7333 = ORIENTED_EDGE('',*,*,#7334,.F.);
#7334 = EDGE_CURVE('',#2681,#7335,#7337,.T.);
#7335 = VERTEX_POINT('',#7336);
#7336 = CARTESIAN_POINT('',(14.5,13.790422521559,21.861249888258));
#7337 = SURFACE_CURVE('',#7338,(#7342,#7349),.PCURVE_S1.);
#7338 = LINE('',#7339,#7340);
#7339 = CARTESIAN_POINT('',(14.5,13.790422521559,21.861249888258));
#7340 = VECTOR('',#7341,1.);
#7341 = DIRECTION('',(0.707106781187,7.391278520357E-02,-0.703233176253)
  );
#7342 = PCURVE('',#2699,#7343);
#7343 = DEFINITIONAL_REPRESENTATION('',(#7344),#7348);
#7344 = LINE('',#7345,#7346);
#7345 = CARTESIAN_POINT('',(0.,-0.));
#7346 = VECTOR('',#7347,1.);
#7347 = DIRECTION('',(0.,-1.));
#7348 = ( GEOMETRIC_REPRESENTATION_CONTEXT(2) 
PARAMETRIC_REPRESENTATION_CONTEXT() REPRESENTATION_CONTEXT('2D SPACE',''
  ) );
#7349 = PCURVE('',#2727,#7350);
#7350 = DEFINITIONAL_REPRESENTATION('',(#7351),#7355);
#7351 = LINE('',#7352,#7353);
#7352 = CARTESIAN_POINT('',(126.5875,0.565685424949));
#7353 = VECTOR('',#7354,1.);
#7354 = DIRECTION('',(0.,1.));
#7355 = ( GEOMETRIC_REPRESENTATION_CONTEXT(2) 
PARAMETRIC_REPRESENTATION_CONTEXT() REPRESENTATION_CONTEXT('2D SPACE',''
  ) );
#7356 = ORIENTED_EDGE('',*,*,#2680,.T.);
#7357 = ORIENTED_EDGE('',*,*,#7358,.T.);
#7358 = EDGE_CURVE('',#2683,#7359,#7361,.T.);
#7359 = VERTEX_POINT('',#7360);
#7360 = CARTESIAN_POINT('',(16.,12.298639678507,21.704457193357));
#7361 = SURFACE_CURVE('',#7362,(#7366,#7373),.PCURVE_S1.);
#7362 = LINE('',#7363,#7364);
#7363 = CARTESIAN_POINT('',(16.,12.298639678507,21.704457193357));
#7364 = VECTOR('',#7365,1.);
#7365 = DIRECTION('',(4.329780281177E-17,0.777145961457,-0.62932039105)
  );
#7366 = PCURVE('',#2699,#7367);
#7367 = DEFINITIONAL_REPRESENTATION('',(#7368),#7372);
#7368 = LINE('',#7369,#7370);
#7369 = CARTESIAN_POINT('',(1.570796326795,-0.));
#7370 = VECTOR('',#7371,1.);
#7371 = DIRECTION('',(0.,-1.));
#7372 = ( GEOMETRIC_REPRESENTATION_CONTEXT(2) 
PARAMETRIC_REPRESENTATION_CONTEXT() REPRESENTATION_CONTEXT('2D SPACE',''
  ) );
#7373 = PCURVE('',#2896,#7374);
#7374 = DEFINITIONAL_REPRESENTATION('',(#7375),#7379);
#7375 = LINE('',#7376,#7377);
#7376 = CARTESIAN_POINT('',(-8.088905766426E-33,0.565685424949));
#7377 = VECTOR('',#7378,1.);
#7378 = DIRECTION('',(4.329780281177E-17,1.));
#7379 = ( GEOMETRIC_REPRESENTATION_CONTEXT(2) 
PARAMETRIC_REPRESENTATION_CONTEXT() REPRESENTATION_CONTEXT('2D SPACE',''
  ) );
#7380 = ORIENTED_EDGE('',*,*,#7381,.F.);
#7381 = EDGE_CURVE('',#7335,#7359,#7382,.T.);
#7382 = SURFACE_CURVE('',#7383,(#7388,#7395),.PCURVE_S1.);
#7383 = CIRCLE('',#7384,1.5);
#7384 = AXIS2_PLACEMENT_3D('',#7385,#7386,#7387);
#7385 = CARTESIAN_POINT('',(16.,13.790422521559,21.861249888258));
#7386 = DIRECTION('',(0.,-0.104528463268,0.994521895368));
#7387 = DIRECTION('',(-1.,0.,0.));
#7388 = PCURVE('',#2699,#7389);
#7389 = DEFINITIONAL_REPRESENTATION('',(#7390),#7394);
#7390 = LINE('',#7391,#7392);
#7391 = CARTESIAN_POINT('',(0.,-0.));
#7392 = VECTOR('',#7393,1.);
#7393 = DIRECTION('',(1.,-0.));
#7394 = ( GEOMETRIC_REPRESENTATION_CONTEXT(2) 
PARAMETRIC_REPRESENTATION_CONTEXT() REPRESENTATION_CONTEXT('2D SPACE',''
  ) );
#7395 = PCURVE('',#7396,#7401);
#7396 = CYLINDRICAL_SURFACE('',#7397,1.5);
#7397 = AXIS2_PLACEMENT_3D('',#7398,#7399,#7400);
#7398 = CARTESIAN_POINT('',(16.,14.516895341269,14.949322715449));
#7399 = DIRECTION('',(0.,-0.104528463268,0.994521895368));
#7400 = DIRECTION('',(-1.,-0.,0.));
#7401 = DEFINITIONAL_REPRESENTATION('',(#7402),#7406);
#7402 = LINE('',#7403,#7404);
#7403 = CARTESIAN_POINT('',(0.,6.95));
#7404 = VECTOR('',#7405,1.);
#7405 = DIRECTION('',(1.,0.));
#7406 = ( GEOMETRIC_REPRESENTATION_CONTEXT(2) 
PARAMETRIC_REPRESENTATION_CONTEXT() REPRESENTATION_CONTEXT('2D SPACE',''
  ) );
#7407 = ADVANCED_FACE('',(#7408),#2727,.T.);
#7408 = FACE_BOUND('',#7409,.T.);
#7409 = EDGE_LOOP('',(#7410,#7433,#7434,#7435));
#7410 = ORIENTED_EDGE('',*,*,#7411,.F.);
#7411 = EDGE_CURVE('',#2712,#7412,#7414,.T.);
#7412 = VERTEX_POINT('',#7413);
#7413 = CARTESIAN_POINT('',(14.5,139.68446295149,35.093246732152));
#7414 = SURFACE_CURVE('',#7415,(#7419,#7426),.PCURVE_S1.);
#7415 = LINE('',#7416,#7417);
#7416 = CARTESIAN_POINT('',(14.5,139.68446295149,35.093246732152));
#7417 = VECTOR('',#7418,1.);
#7418 = DIRECTION('',(0.707106781187,7.391278520357E-02,-0.703233176253)
  );
#7419 = PCURVE('',#2727,#7420);
#7420 = DEFINITIONAL_REPRESENTATION('',(#7421),#7425);
#7421 = LINE('',#7422,#7423);
#7422 = CARTESIAN_POINT('',(-2.301631107926E-14,0.565685424949));
#7423 = VECTOR('',#7424,1.);
#7424 = DIRECTION('',(4.163336342344E-17,1.));
#7425 = ( GEOMETRIC_REPRESENTATION_CONTEXT(2) 
PARAMETRIC_REPRESENTATION_CONTEXT() REPRESENTATION_CONTEXT('2D SPACE',''
  ) );
#7426 = PCURVE('',#2756,#7427);
#7427 = DEFINITIONAL_REPRESENTATION('',(#7428),#7432);
#7428 = LINE('',#7429,#7430);
#7429 = CARTESIAN_POINT('',(1.570796326795,-0.));
#7430 = VECTOR('',#7431,1.);
#7431 = DIRECTION('',(0.,-1.));
#7432 = ( GEOMETRIC_REPRESENTATION_CONTEXT(2) 
PARAMETRIC_REPRESENTATION_CONTEXT() REPRESENTATION_CONTEXT('2D SPACE',''
  ) );
#7433 = ORIENTED_EDGE('',*,*,#2711,.T.);
#7434 = ORIENTED_EDGE('',*,*,#7334,.T.);
#7435 = ORIENTED_EDGE('',*,*,#7436,.F.);
#7436 = EDGE_CURVE('',#7412,#7335,#7437,.T.);
#7437 = SURFACE_CURVE('',#7438,(#7442,#7449),.PCURVE_S1.);
#7438 = LINE('',#7439,#7440);
#7439 = CARTESIAN_POINT('',(14.5,139.68446295149,35.093246732152));
#7440 = VECTOR('',#7441,1.);
#7441 = DIRECTION('',(-0.,-0.994521895368,-0.104528463268));
#7442 = PCURVE('',#2727,#7443);
#7443 = DEFINITIONAL_REPRESENTATION('',(#7444),#7448);
#7444 = LINE('',#7445,#7446);
#7445 = CARTESIAN_POINT('',(-2.301631107926E-14,0.565685424949));
#7446 = VECTOR('',#7447,1.);
#7447 = DIRECTION('',(1.,0.));
#7448 = ( GEOMETRIC_REPRESENTATION_CONTEXT(2) 
PARAMETRIC_REPRESENTATION_CONTEXT() REPRESENTATION_CONTEXT('2D SPACE',''
  ) );
#7449 = PCURVE('',#7450,#7455);
#7450 = PLANE('',#7451);
#7451 = AXIS2_PLACEMENT_3D('',#7452,#7453,#7454);
#7452 = CARTESIAN_POINT('',(14.5,13.025112498217,14.792530020547));
#7453 = DIRECTION('',(1.,0.,0.));
#7454 = DIRECTION('',(0.,-0.104528463268,0.994521895368));
#7455 = DEFINITIONAL_REPRESENTATION('',(#7456),#7460);
#7456 = LINE('',#7457,#7458);
#7457 = CARTESIAN_POINT('',(6.95,-128.0875));
#7458 = VECTOR('',#7459,1.);
#7459 = DIRECTION('',(0.,1.));
#7460 = ( GEOMETRIC_REPRESENTATION_CONTEXT(2) 
PARAMETRIC_REPRESENTATION_CONTEXT() REPRESENTATION_CONTEXT('2D SPACE',''
  ) );
#7461 = ADVANCED_FACE('',(#7462),#2896,.T.);
#7462 = FACE_BOUND('',#7463,.T.);
#7463 = EDGE_LOOP('',(#7464,#7465,#7466,#7489));
#7464 = ORIENTED_EDGE('',*,*,#7358,.F.);
#7465 = ORIENTED_EDGE('',*,*,#2882,.T.);
#7466 = ORIENTED_EDGE('',*,*,#7467,.T.);
#7467 = EDGE_CURVE('',#2854,#7468,#7470,.T.);
#7468 = VERTEX_POINT('',#7469);
#7469 = CARTESIAN_POINT('',(342.6125,12.298639678507,21.704457193357));
#7470 = SURFACE_CURVE('',#7471,(#7475,#7482),.PCURVE_S1.);
#7471 = LINE('',#7472,#7473);
#7472 = CARTESIAN_POINT('',(342.6125,11.859019535052,22.060454566197));
#7473 = VECTOR('',#7474,1.);
#7474 = DIRECTION('',(0.,0.777145961457,-0.62932039105));
#7475 = PCURVE('',#2896,#7476);
#7476 = DEFINITIONAL_REPRESENTATION('',(#7477),#7481);
#7477 = LINE('',#7478,#7479);
#7478 = CARTESIAN_POINT('',(326.6125,-1.380488543846E-15));
#7479 = VECTOR('',#7480,1.);
#7480 = DIRECTION('',(0.,1.));
#7481 = ( GEOMETRIC_REPRESENTATION_CONTEXT(2) 
PARAMETRIC_REPRESENTATION_CONTEXT() REPRESENTATION_CONTEXT('2D SPACE',''
  ) );
#7482 = PCURVE('',#2870,#7483);
#7483 = DEFINITIONAL_REPRESENTATION('',(#7484),#7488);
#7484 = LINE('',#7485,#7486);
#7485 = CARTESIAN_POINT('',(-0.,0.4));
#7486 = VECTOR('',#7487,1.);
#7487 = DIRECTION('',(0.,-1.));
#7488 = ( GEOMETRIC_REPRESENTATION_CONTEXT(2) 
PARAMETRIC_REPRESENTATION_CONTEXT() REPRESENTATION_CONTEXT('2D SPACE',''
  ) );
#7489 = ORIENTED_EDGE('',*,*,#7490,.F.);
#7490 = EDGE_CURVE('',#7359,#7468,#7491,.T.);
#7491 = SURFACE_CURVE('',#7492,(#7496,#7503),.PCURVE_S1.);
#7492 = LINE('',#7493,#7494);
#7493 = CARTESIAN_POINT('',(16.,12.298639678507,21.704457193357));
#7494 = VECTOR('',#7495,1.);
#7495 = DIRECTION('',(1.,0.,0.));
#7496 = PCURVE('',#2896,#7497);
#7497 = DEFINITIONAL_REPRESENTATION('',(#7498),#7502);
#7498 = LINE('',#7499,#7500);
#7499 = CARTESIAN_POINT('',(-8.088905766426E-33,0.565685424949));
#7500 = VECTOR('',#7501,1.);
#7501 = DIRECTION('',(1.,-3.851859888774E-34));
#7502 = ( GEOMETRIC_REPRESENTATION_CONTEXT(2) 
PARAMETRIC_REPRESENTATION_CONTEXT() REPRESENTATION_CONTEXT('2D SPACE',''
  ) );
#7503 = PCURVE('',#7504,#7509);
#7504 = PLANE('',#7505);
#7505 = AXIS2_PLACEMENT_3D('',#7506,#7507,#7508);
#7506 = CARTESIAN_POINT('',(14.5,13.025112498217,14.792530020547));
#7507 = DIRECTION('',(0.,0.994521895368,0.104528463268));
#7508 = DIRECTION('',(0.,-0.104528463268,0.994521895368));
#7509 = DEFINITIONAL_REPRESENTATION('',(#7510),#7514);
#7510 = LINE('',#7511,#7512);
#7511 = CARTESIAN_POINT('',(6.95,1.5));
#7512 = VECTOR('',#7513,1.);
#7513 = DIRECTION('',(0.,1.));
#7514 = ( GEOMETRIC_REPRESENTATION_CONTEXT(2) 
PARAMETRIC_REPRESENTATION_CONTEXT() REPRESENTATION_CONTEXT('2D SPACE',''
  ) );
#7515 = ADVANCED_FACE('',(#7516),#2756,.F.);
#7516 = FACE_BOUND('',#7517,.T.);
#7517 = EDGE_LOOP('',(#7518,#7541,#7542,#7543));
#7518 = ORIENTED_EDGE('',*,*,#7519,.F.);
#7519 = EDGE_CURVE('',#2740,#7520,#7522,.T.);
#7520 = VERTEX_POINT('',#7521);
#7521 = CARTESIAN_POINT('',(16.,141.17624579454,35.250039427054));
#7522 = SURFACE_CURVE('',#7523,(#7527,#7534),.PCURVE_S1.);
#7523 = LINE('',#7524,#7525);
#7524 = CARTESIAN_POINT('',(16.,141.53224316738,35.689659570508));
#7525 = VECTOR('',#7526,1.);
#7526 = DIRECTION('',(-0.,-0.62932039105,-0.777145961457));
#7527 = PCURVE('',#2756,#7528);
#7528 = DEFINITIONAL_REPRESENTATION('',(#7529),#7533);
#7529 = LINE('',#7530,#7531);
#7530 = CARTESIAN_POINT('',(-0.,0.4));
#7531 = VECTOR('',#7532,1.);
#7532 = DIRECTION('',(0.,-1.));
#7533 = ( GEOMETRIC_REPRESENTATION_CONTEXT(2) 
PARAMETRIC_REPRESENTATION_CONTEXT() REPRESENTATION_CONTEXT('2D SPACE',''
  ) );
#7534 = PCURVE('',#2784,#7535);
#7535 = DEFINITIONAL_REPRESENTATION('',(#7536),#7540);
#7536 = LINE('',#7537,#7538);
#7537 = CARTESIAN_POINT('',(-326.6125,0.));
#7538 = VECTOR('',#7539,1.);
#7539 = DIRECTION('',(-7.703719777549E-34,1.));
#7540 = ( GEOMETRIC_REPRESENTATION_CONTEXT(2) 
PARAMETRIC_REPRESENTATION_CONTEXT() REPRESENTATION_CONTEXT('2D SPACE',''
  ) );
#7541 = ORIENTED_EDGE('',*,*,#2739,.T.);
#7542 = ORIENTED_EDGE('',*,*,#7411,.T.);
#7543 = ORIENTED_EDGE('',*,*,#7544,.F.);
#7544 = EDGE_CURVE('',#7520,#7412,#7545,.T.);
#7545 = SURFACE_CURVE('',#7546,(#7551,#7558),.PCURVE_S1.);
#7546 = CIRCLE('',#7547,1.5);
#7547 = AXIS2_PLACEMENT_3D('',#7548,#7549,#7550);
#7548 = CARTESIAN_POINT('',(16.,139.68446295149,35.093246732152));
#7549 = DIRECTION('',(0.,-0.104528463268,0.994521895368));
#7550 = DIRECTION('',(0.,0.994521895368,0.104528463268));
#7551 = PCURVE('',#2756,#7552);
#7552 = DEFINITIONAL_REPRESENTATION('',(#7553),#7557);
#7553 = LINE('',#7554,#7555);
#7554 = CARTESIAN_POINT('',(0.,-0.));
#7555 = VECTOR('',#7556,1.);
#7556 = DIRECTION('',(1.,-0.));
#7557 = ( GEOMETRIC_REPRESENTATION_CONTEXT(2) 
PARAMETRIC_REPRESENTATION_CONTEXT() REPRESENTATION_CONTEXT('2D SPACE',''
  ) );
#7558 = PCURVE('',#7559,#7564);
#7559 = CYLINDRICAL_SURFACE('',#7560,1.5);
#7560 = AXIS2_PLACEMENT_3D('',#7561,#7562,#7563);
#7561 = CARTESIAN_POINT('',(16.,140.4109357712,28.181319559343));
#7562 = DIRECTION('',(0.,-0.104528463268,0.994521895368));
#7563 = DIRECTION('',(-1.,-0.,0.));
#7564 = DEFINITIONAL_REPRESENTATION('',(#7565),#7569);
#7565 = LINE('',#7566,#7567);
#7566 = CARTESIAN_POINT('',(-1.570796326795,6.95));
#7567 = VECTOR('',#7568,1.);
#7568 = DIRECTION('',(1.,-0.));
#7569 = ( GEOMETRIC_REPRESENTATION_CONTEXT(2) 
PARAMETRIC_REPRESENTATION_CONTEXT() REPRESENTATION_CONTEXT('2D SPACE',''
  ) );
#7570 = ADVANCED_FACE('',(#7571),#2870,.F.);
#7571 = FACE_BOUND('',#7572,.T.);
#7572 = EDGE_LOOP('',(#7573,#7574,#7575,#7598));
#7573 = ORIENTED_EDGE('',*,*,#7467,.F.);
#7574 = ORIENTED_EDGE('',*,*,#2853,.T.);
#7575 = ORIENTED_EDGE('',*,*,#7576,.T.);
#7576 = EDGE_CURVE('',#2826,#7577,#7579,.T.);
#7577 = VERTEX_POINT('',#7578);
#7578 = CARTESIAN_POINT('',(344.1125,13.790422521559,21.861249888258));
#7579 = SURFACE_CURVE('',#7580,(#7584,#7591),.PCURVE_S1.);
#7580 = LINE('',#7581,#7582);
#7581 = CARTESIAN_POINT('',(344.1125,13.790422521559,21.861249888258));
#7582 = VECTOR('',#7583,1.);
#7583 = DIRECTION('',(-0.707106781187,7.391278520357E-02,-0.703233176253
    ));
#7584 = PCURVE('',#2870,#7585);
#7585 = DEFINITIONAL_REPRESENTATION('',(#7586),#7590);
#7586 = LINE('',#7587,#7588);
#7587 = CARTESIAN_POINT('',(1.570796326795,-0.));
#7588 = VECTOR('',#7589,1.);
#7589 = DIRECTION('',(0.,-1.));
#7590 = ( GEOMETRIC_REPRESENTATION_CONTEXT(2) 
PARAMETRIC_REPRESENTATION_CONTEXT() REPRESENTATION_CONTEXT('2D SPACE',''
  ) );
#7591 = PCURVE('',#2841,#7592);
#7592 = DEFINITIONAL_REPRESENTATION('',(#7593),#7597);
#7593 = LINE('',#7594,#7595);
#7594 = CARTESIAN_POINT('',(-6.938893903907E-16,0.565685424949));
#7595 = VECTOR('',#7596,1.);
#7596 = DIRECTION('',(-4.163336342344E-17,1.));
#7597 = ( GEOMETRIC_REPRESENTATION_CONTEXT(2) 
PARAMETRIC_REPRESENTATION_CONTEXT() REPRESENTATION_CONTEXT('2D SPACE',''
  ) );
#7598 = ORIENTED_EDGE('',*,*,#7599,.F.);
#7599 = EDGE_CURVE('',#7468,#7577,#7600,.T.);
#7600 = SURFACE_CURVE('',#7601,(#7606,#7613),.PCURVE_S1.);
#7601 = CIRCLE('',#7602,1.5);
#7602 = AXIS2_PLACEMENT_3D('',#7603,#7604,#7605);
#7603 = CARTESIAN_POINT('',(342.6125,13.790422521559,21.861249888258));
#7604 = DIRECTION('',(0.,-0.104528463268,0.994521895368));
#7605 = DIRECTION('',(0.,-0.994521895368,-0.104528463268));
#7606 = PCURVE('',#2870,#7607);
#7607 = DEFINITIONAL_REPRESENTATION('',(#7608),#7612);
#7608 = LINE('',#7609,#7610);
#7609 = CARTESIAN_POINT('',(0.,-0.));
#7610 = VECTOR('',#7611,1.);
#7611 = DIRECTION('',(1.,-0.));
#7612 = ( GEOMETRIC_REPRESENTATION_CONTEXT(2) 
PARAMETRIC_REPRESENTATION_CONTEXT() REPRESENTATION_CONTEXT('2D SPACE',''
  ) );
#7613 = PCURVE('',#7614,#7619);
#7614 = CYLINDRICAL_SURFACE('',#7615,1.5);
#7615 = AXIS2_PLACEMENT_3D('',#7616,#7617,#7618);
#7616 = CARTESIAN_POINT('',(342.6125,14.516895341269,14.949322715449));
#7617 = DIRECTION('',(0.,-0.104528463268,0.994521895368));
#7618 = DIRECTION('',(1.,0.,0.));
#7619 = DEFINITIONAL_REPRESENTATION('',(#7620),#7624);
#7620 = LINE('',#7621,#7622);
#7621 = CARTESIAN_POINT('',(-1.570796326795,6.95));
#7622 = VECTOR('',#7623,1.);
#7623 = DIRECTION('',(1.,-0.));
#7624 = ( GEOMETRIC_REPRESENTATION_CONTEXT(2) 
PARAMETRIC_REPRESENTATION_CONTEXT() REPRESENTATION_CONTEXT('2D SPACE',''
  ) );
#7625 = ADVANCED_FACE('',(#7626),#2784,.F.);
#7626 = FACE_BOUND('',#7627,.T.);
#7627 = EDGE_LOOP('',(#7628,#7651,#7652,#7653));
#7628 = ORIENTED_EDGE('',*,*,#7629,.F.);
#7629 = EDGE_CURVE('',#2769,#7630,#7632,.T.);
#7630 = VERTEX_POINT('',#7631);
#7631 = CARTESIAN_POINT('',(342.6125,141.17624579454,35.250039427054));
#7632 = SURFACE_CURVE('',#7633,(#7637,#7644),.PCURVE_S1.);
#7633 = LINE('',#7634,#7635);
#7634 = CARTESIAN_POINT('',(342.6125,141.17624579454,35.250039427054));
#7635 = VECTOR('',#7636,1.);
#7636 = DIRECTION('',(-4.329780281177E-17,-0.62932039105,-0.777145961457
    ));
#7637 = PCURVE('',#2784,#7638);
#7638 = DEFINITIONAL_REPRESENTATION('',(#7639),#7643);
#7639 = LINE('',#7640,#7641);
#7640 = CARTESIAN_POINT('',(1.232595164408E-32,0.565685424949));
#7641 = VECTOR('',#7642,1.);
#7642 = DIRECTION('',(-4.329780281177E-17,1.));
#7643 = ( GEOMETRIC_REPRESENTATION_CONTEXT(2) 
PARAMETRIC_REPRESENTATION_CONTEXT() REPRESENTATION_CONTEXT('2D SPACE',''
  ) );
#7644 = PCURVE('',#2813,#7645);
#7645 = DEFINITIONAL_REPRESENTATION('',(#7646),#7650);
#7646 = LINE('',#7647,#7648);
#7647 = CARTESIAN_POINT('',(1.570796326795,-0.));
#7648 = VECTOR('',#7649,1.);
#7649 = DIRECTION('',(0.,-1.));
#7650 = ( GEOMETRIC_REPRESENTATION_CONTEXT(2) 
PARAMETRIC_REPRESENTATION_CONTEXT() REPRESENTATION_CONTEXT('2D SPACE',''
  ) );
#7651 = ORIENTED_EDGE('',*,*,#2768,.T.);
#7652 = ORIENTED_EDGE('',*,*,#7519,.T.);
#7653 = ORIENTED_EDGE('',*,*,#7654,.F.);
#7654 = EDGE_CURVE('',#7630,#7520,#7655,.T.);
#7655 = SURFACE_CURVE('',#7656,(#7660,#7667),.PCURVE_S1.);
#7656 = LINE('',#7657,#7658);
#7657 = CARTESIAN_POINT('',(342.6125,141.17624579454,35.250039427054));
#7658 = VECTOR('',#7659,1.);
#7659 = DIRECTION('',(-1.,0.,0.));
#7660 = PCURVE('',#2784,#7661);
#7661 = DEFINITIONAL_REPRESENTATION('',(#7662),#7666);
#7662 = LINE('',#7663,#7664);
#7663 = CARTESIAN_POINT('',(1.232595164408E-32,0.565685424949));
#7664 = VECTOR('',#7665,1.);
#7665 = DIRECTION('',(-1.,-3.851859888774E-34));
#7666 = ( GEOMETRIC_REPRESENTATION_CONTEXT(2) 
PARAMETRIC_REPRESENTATION_CONTEXT() REPRESENTATION_CONTEXT('2D SPACE',''
  ) );
#7667 = PCURVE('',#7668,#7673);
#7668 = PLANE('',#7669);
#7669 = AXIS2_PLACEMENT_3D('',#7670,#7671,#7672);
#7670 = CARTESIAN_POINT('',(14.5,141.90271861425,28.338112254244));
#7671 = DIRECTION('',(0.,0.994521895368,0.104528463268));
#7672 = DIRECTION('',(0.,-0.104528463268,0.994521895368));
#7673 = DEFINITIONAL_REPRESENTATION('',(#7674),#7678);
#7674 = LINE('',#7675,#7676);
#7675 = CARTESIAN_POINT('',(6.95,328.1125));
#7676 = VECTOR('',#7677,1.);
#7677 = DIRECTION('',(0.,-1.));
#7678 = ( GEOMETRIC_REPRESENTATION_CONTEXT(2) 
PARAMETRIC_REPRESENTATION_CONTEXT() REPRESENTATION_CONTEXT('2D SPACE',''
  ) );
#7679 = ADVANCED_FACE('',(#7680),#2841,.F.);
#7680 = FACE_BOUND('',#7681,.T.);
#7681 = EDGE_LOOP('',(#7682,#7683,#7684,#7707));
#7682 = ORIENTED_EDGE('',*,*,#7576,.F.);
#7683 = ORIENTED_EDGE('',*,*,#2825,.T.);
#7684 = ORIENTED_EDGE('',*,*,#7685,.T.);
#7685 = EDGE_CURVE('',#2797,#7686,#7688,.T.);
#7686 = VERTEX_POINT('',#7687);
#7687 = CARTESIAN_POINT('',(344.1125,139.68446295149,35.093246732152));
#7688 = SURFACE_CURVE('',#7689,(#7693,#7700),.PCURVE_S1.);
#7689 = LINE('',#7690,#7691);
#7690 = CARTESIAN_POINT('',(344.5125,139.64265156618,35.4910554903));
#7691 = VECTOR('',#7692,1.);
#7692 = DIRECTION('',(-0.707106781187,7.391278520357E-02,-0.703233176253
    ));
#7693 = PCURVE('',#2841,#7694);
#7694 = DEFINITIONAL_REPRESENTATION('',(#7695),#7699);
#7695 = LINE('',#7696,#7697);
#7696 = CARTESIAN_POINT('',(-126.5875,-3.552713678801E-15));
#7697 = VECTOR('',#7698,1.);
#7698 = DIRECTION('',(-0.,1.));
#7699 = ( GEOMETRIC_REPRESENTATION_CONTEXT(2) 
PARAMETRIC_REPRESENTATION_CONTEXT() REPRESENTATION_CONTEXT('2D SPACE',''
  ) );
#7700 = PCURVE('',#2813,#7701);
#7701 = DEFINITIONAL_REPRESENTATION('',(#7702),#7706);
#7702 = LINE('',#7703,#7704);
#7703 = CARTESIAN_POINT('',(-0.,0.4));
#7704 = VECTOR('',#7705,1.);
#7705 = DIRECTION('',(0.,-1.));
#7706 = ( GEOMETRIC_REPRESENTATION_CONTEXT(2) 
PARAMETRIC_REPRESENTATION_CONTEXT() REPRESENTATION_CONTEXT('2D SPACE',''
  ) );
#7707 = ORIENTED_EDGE('',*,*,#7708,.F.);
#7708 = EDGE_CURVE('',#7577,#7686,#7709,.T.);
#7709 = SURFACE_CURVE('',#7710,(#7714,#7721),.PCURVE_S1.);
#7710 = LINE('',#7711,#7712);
#7711 = CARTESIAN_POINT('',(344.1125,13.790422521559,21.861249888258));
#7712 = VECTOR('',#7713,1.);
#7713 = DIRECTION('',(0.,0.994521895368,0.104528463268));
#7714 = PCURVE('',#2841,#7715);
#7715 = DEFINITIONAL_REPRESENTATION('',(#7716),#7720);
#7716 = LINE('',#7717,#7718);
#7717 = CARTESIAN_POINT('',(-6.938893903907E-16,0.565685424949));
#7718 = VECTOR('',#7719,1.);
#7719 = DIRECTION('',(-1.,0.));
#7720 = ( GEOMETRIC_REPRESENTATION_CONTEXT(2) 
PARAMETRIC_REPRESENTATION_CONTEXT() REPRESENTATION_CONTEXT('2D SPACE',''
  ) );
#7721 = PCURVE('',#7722,#7727);
#7722 = PLANE('',#7723);
#7723 = AXIS2_PLACEMENT_3D('',#7724,#7725,#7726);
#7724 = CARTESIAN_POINT('',(344.1125,13.025112498217,14.792530020547));
#7725 = DIRECTION('',(1.,0.,0.));
#7726 = DIRECTION('',(0.,-0.104528463268,0.994521895368));
#7727 = DEFINITIONAL_REPRESENTATION('',(#7728),#7732);
#7728 = LINE('',#7729,#7730);
#7729 = CARTESIAN_POINT('',(6.95,-1.5));
#7730 = VECTOR('',#7731,1.);
#7731 = DIRECTION('',(0.,-1.));
#7732 = ( GEOMETRIC_REPRESENTATION_CONTEXT(2) 
PARAMETRIC_REPRESENTATION_CONTEXT() REPRESENTATION_CONTEXT('2D SPACE',''
  ) );
#7733 = ADVANCED_FACE('',(#7734),#2813,.F.);
#7734 = FACE_BOUND('',#7735,.T.);
#7735 = EDGE_LOOP('',(#7736,#7737,#7738,#7739));
#7736 = ORIENTED_EDGE('',*,*,#7685,.F.);
#7737 = ORIENTED_EDGE('',*,*,#2796,.T.);
#7738 = ORIENTED_EDGE('',*,*,#7629,.T.);
#7739 = ORIENTED_EDGE('',*,*,#7740,.F.);
#7740 = EDGE_CURVE('',#7686,#7630,#7741,.T.);
#7741 = SURFACE_CURVE('',#7742,(#7747,#7754),.PCURVE_S1.);
#7742 = CIRCLE('',#7743,1.5);
#7743 = AXIS2_PLACEMENT_3D('',#7744,#7745,#7746);
#7744 = CARTESIAN_POINT('',(342.6125,139.68446295149,35.093246732152));
#7745 = DIRECTION('',(0.,-0.104528463268,0.994521895368));
#7746 = DIRECTION('',(1.,0.,0.));
#7747 = PCURVE('',#2813,#7748);
#7748 = DEFINITIONAL_REPRESENTATION('',(#7749),#7753);
#7749 = LINE('',#7750,#7751);
#7750 = CARTESIAN_POINT('',(0.,-0.));
#7751 = VECTOR('',#7752,1.);
#7752 = DIRECTION('',(1.,-0.));
#7753 = ( GEOMETRIC_REPRESENTATION_CONTEXT(2) 
PARAMETRIC_REPRESENTATION_CONTEXT() REPRESENTATION_CONTEXT('2D SPACE',''
  ) );
#7754 = PCURVE('',#7755,#7760);
#7755 = CYLINDRICAL_SURFACE('',#7756,1.5);
#7756 = AXIS2_PLACEMENT_3D('',#7757,#7758,#7759);
#7757 = CARTESIAN_POINT('',(342.6125,140.4109357712,28.181319559343));
#7758 = DIRECTION('',(0.,-0.104528463268,0.994521895368));
#7759 = DIRECTION('',(1.,0.,0.));
#7760 = DEFINITIONAL_REPRESENTATION('',(#7761),#7765);
#7761 = LINE('',#7762,#7763);
#7762 = CARTESIAN_POINT('',(0.,6.95));
#7763 = VECTOR('',#7764,1.);
#7764 = DIRECTION('',(1.,0.));
#7765 = ( GEOMETRIC_REPRESENTATION_CONTEXT(2) 
PARAMETRIC_REPRESENTATION_CONTEXT() REPRESENTATION_CONTEXT('2D SPACE',''
  ) );
#7766 = ADVANCED_FACE('',(#7767),#3153,.F.);
#7767 = FACE_BOUND('',#7768,.F.);
#7768 = EDGE_LOOP('',(#7769));
#7769 = ORIENTED_EDGE('',*,*,#3138,.T.);
#7770 = ADVANCED_FACE('',(#7771),#3208,.F.);
#7771 = FACE_BOUND('',#7772,.F.);
#7772 = EDGE_LOOP('',(#7773));
#7773 = ORIENTED_EDGE('',*,*,#3193,.T.);
#7774 = ADVANCED_FACE('',(#7775),#3263,.F.);
#7775 = FACE_BOUND('',#7776,.F.);
#7776 = EDGE_LOOP('',(#7777));
#7777 = ORIENTED_EDGE('',*,*,#3248,.T.);
#7778 = ADVANCED_FACE('',(#7779),#3318,.F.);
#7779 = FACE_BOUND('',#7780,.F.);
#7780 = EDGE_LOOP('',(#7781));
#7781 = ORIENTED_EDGE('',*,*,#3303,.T.);
#7782 = ADVANCED_FACE('',(#7783),#3373,.F.);
#7783 = FACE_BOUND('',#7784,.F.);
#7784 = EDGE_LOOP('',(#7785));
#7785 = ORIENTED_EDGE('',*,*,#3358,.T.);
#7786 = ADVANCED_FACE('',(#7787),#3428,.F.);
#7787 = FACE_BOUND('',#7788,.F.);
#7788 = EDGE_LOOP('',(#7789));
#7789 = ORIENTED_EDGE('',*,*,#3413,.T.);
#7790 = ADVANCED_FACE('',(#7791,#8417),#3506,.F.);
#7791 = FACE_BOUND('',#7792,.F.);
#7792 = EDGE_LOOP('',(#7793,#7794,#7795,#7796,#7797,#7821,#7849,#7871,
    #7872,#7873,#7874,#7898,#7926,#7948,#7949,#7950,#7951,#7975,#8003,
    #8025,#8026,#8027,#8028,#8029,#8030,#8054,#8082,#8104,#8105,#8106,
    #8107,#8108,#8109,#8133,#8161,#8183,#8184,#8185,#8186,#8210,#8238,
    #8260,#8261,#8262,#8263,#8287,#8315,#8337,#8338,#8339,#8340,#8341,
    #8342,#8366,#8394,#8416));
#7793 = ORIENTED_EDGE('',*,*,#3521,.F.);
#7794 = ORIENTED_EDGE('',*,*,#3491,.T.);
#7795 = ORIENTED_EDGE('',*,*,#3595,.T.);
#7796 = ORIENTED_EDGE('',*,*,#3777,.T.);
#7797 = ORIENTED_EDGE('',*,*,#7798,.F.);
#7798 = EDGE_CURVE('',#7799,#3778,#7801,.T.);
#7799 = VERTEX_POINT('',#7800);
#7800 = CARTESIAN_POINT('',(60.,11.245876381178,17.370672537909));
#7801 = SURFACE_CURVE('',#7802,(#7807,#7814),.PCURVE_S1.);
#7802 = CIRCLE('',#7803,0.5);
#7803 = AXIS2_PLACEMENT_3D('',#7804,#7805,#7806);
#7804 = CARTESIAN_POINT('',(60.,10.748615433494,17.318408306275));
#7805 = DIRECTION('',(0.,-0.104528463268,0.994521895368));
#7806 = DIRECTION('',(-1.,-0.,0.));
#7807 = PCURVE('',#3506,#7808);
#7808 = DEFINITIONAL_REPRESENTATION('',(#7809),#7813);
#7809 = CIRCLE('',#7810,0.5);
#7810 = AXIS2_PLACEMENT_2D('',#7811,#7812);
#7811 = CARTESIAN_POINT('',(49.,1.5));
#7812 = DIRECTION('',(-1.,0.));
#7813 = ( GEOMETRIC_REPRESENTATION_CONTEXT(2) 
PARAMETRIC_REPRESENTATION_CONTEXT() REPRESENTATION_CONTEXT('2D SPACE',''
  ) );
#7814 = PCURVE('',#3814,#7815);
#7815 = DEFINITIONAL_REPRESENTATION('',(#7816),#7820);
#7816 = LINE('',#7817,#7818);
#7817 = CARTESIAN_POINT('',(-6.28318530718,2.75));
#7818 = VECTOR('',#7819,1.);
#7819 = DIRECTION('',(1.,-0.));
#7820 = ( GEOMETRIC_REPRESENTATION_CONTEXT(2) 
PARAMETRIC_REPRESENTATION_CONTEXT() REPRESENTATION_CONTEXT('2D SPACE',''
  ) );
#7821 = ORIENTED_EDGE('',*,*,#7822,.F.);
#7822 = EDGE_CURVE('',#7823,#7799,#7825,.T.);
#7823 = VERTEX_POINT('',#7824);
#7824 = CARTESIAN_POINT('',(80.,11.245876381178,17.370672537909));
#7825 = SURFACE_CURVE('',#7826,(#7830,#7837),.PCURVE_S1.);
#7826 = LINE('',#7827,#7828);
#7827 = CARTESIAN_POINT('',(35.25,11.245876381178,17.370672537909));
#7828 = VECTOR('',#7829,1.);
#7829 = DIRECTION('',(-1.,0.,0.));
#7830 = PCURVE('',#3506,#7831);
#7831 = DEFINITIONAL_REPRESENTATION('',(#7832),#7836);
#7832 = LINE('',#7833,#7834);
#7833 = CARTESIAN_POINT('',(24.25,2.));
#7834 = VECTOR('',#7835,1.);
#7835 = DIRECTION('',(-1.,0.));
#7836 = ( GEOMETRIC_REPRESENTATION_CONTEXT(2) 
PARAMETRIC_REPRESENTATION_CONTEXT() REPRESENTATION_CONTEXT('2D SPACE',''
  ) );
#7837 = PCURVE('',#7838,#7843);
#7838 = PLANE('',#7839);
#7839 = AXIS2_PLACEMENT_3D('',#7840,#7841,#7842);
#7840 = CARTESIAN_POINT('',(59.5,11.533329655164,14.635737325646));
#7841 = DIRECTION('',(0.,0.994521895368,0.104528463268));
#7842 = DIRECTION('',(0.,-0.104528463268,0.994521895368));
#7843 = DEFINITIONAL_REPRESENTATION('',(#7844),#7848);
#7844 = LINE('',#7845,#7846);
#7845 = CARTESIAN_POINT('',(2.75,-24.25));
#7846 = VECTOR('',#7847,1.);
#7847 = DIRECTION('',(0.,-1.));
#7848 = ( GEOMETRIC_REPRESENTATION_CONTEXT(2) 
PARAMETRIC_REPRESENTATION_CONTEXT() REPRESENTATION_CONTEXT('2D SPACE',''
  ) );
#7849 = ORIENTED_EDGE('',*,*,#7850,.F.);
#7850 = EDGE_CURVE('',#4284,#7823,#7851,.T.);
#7851 = SURFACE_CURVE('',#7852,(#7857,#7864),.PCURVE_S1.);
#7852 = CIRCLE('',#7853,0.5);
#7853 = AXIS2_PLACEMENT_3D('',#7854,#7855,#7856);
#7854 = CARTESIAN_POINT('',(80.,10.748615433494,17.318408306275));
#7855 = DIRECTION('',(0.,-0.104528463268,0.994521895368));
#7856 = DIRECTION('',(1.,0.,0.));
#7857 = PCURVE('',#3506,#7858);
#7858 = DEFINITIONAL_REPRESENTATION('',(#7859),#7863);
#7859 = CIRCLE('',#7860,0.5);
#7860 = AXIS2_PLACEMENT_2D('',#7861,#7862);
#7861 = CARTESIAN_POINT('',(69.,1.5));
#7862 = DIRECTION('',(1.,0.));
#7863 = ( GEOMETRIC_REPRESENTATION_CONTEXT(2) 
PARAMETRIC_REPRESENTATION_CONTEXT() REPRESENTATION_CONTEXT('2D SPACE',''
  ) );
#7864 = PCURVE('',#4320,#7865);
#7865 = DEFINITIONAL_REPRESENTATION('',(#7866),#7870);
#7866 = LINE('',#7867,#7868);
#7867 = CARTESIAN_POINT('',(0.,2.75));
#7868 = VECTOR('',#7869,1.);
#7869 = DIRECTION('',(1.,0.));
#7870 = ( GEOMETRIC_REPRESENTATION_CONTEXT(2) 
PARAMETRIC_REPRESENTATION_CONTEXT() REPRESENTATION_CONTEXT('2D SPACE',''
  ) );
#7871 = ORIENTED_EDGE('',*,*,#4283,.F.);
#7872 = ORIENTED_EDGE('',*,*,#4409,.T.);
#7873 = ORIENTED_EDGE('',*,*,#4540,.T.);
#7874 = ORIENTED_EDGE('',*,*,#7875,.F.);
#7875 = EDGE_CURVE('',#7876,#4541,#7878,.T.);
#7876 = VERTEX_POINT('',#7877);
#7877 = CARTESIAN_POINT('',(169.30625,11.245876381178,17.370672537909));
#7878 = SURFACE_CURVE('',#7879,(#7884,#7891),.PCURVE_S1.);
#7879 = CIRCLE('',#7880,0.5);
#7880 = AXIS2_PLACEMENT_3D('',#7881,#7882,#7883);
#7881 = CARTESIAN_POINT('',(169.30625,10.748615433494,17.318408306275));
#7882 = DIRECTION('',(0.,-0.104528463268,0.994521895368));
#7883 = DIRECTION('',(-1.,-0.,0.));
#7884 = PCURVE('',#3506,#7885);
#7885 = DEFINITIONAL_REPRESENTATION('',(#7886),#7890);
#7886 = CIRCLE('',#7887,0.5);
#7887 = AXIS2_PLACEMENT_2D('',#7888,#7889);
#7888 = CARTESIAN_POINT('',(158.30625,1.5));
#7889 = DIRECTION('',(-1.,0.));
#7890 = ( GEOMETRIC_REPRESENTATION_CONTEXT(2) 
PARAMETRIC_REPRESENTATION_CONTEXT() REPRESENTATION_CONTEXT('2D SPACE',''
  ) );
#7891 = PCURVE('',#4577,#7892);
#7892 = DEFINITIONAL_REPRESENTATION('',(#7893),#7897);
#7893 = LINE('',#7894,#7895);
#7894 = CARTESIAN_POINT('',(-6.28318530718,2.75));
#7895 = VECTOR('',#7896,1.);
#7896 = DIRECTION('',(1.,-0.));
#7897 = ( GEOMETRIC_REPRESENTATION_CONTEXT(2) 
PARAMETRIC_REPRESENTATION_CONTEXT() REPRESENTATION_CONTEXT('2D SPACE',''
  ) );
#7898 = ORIENTED_EDGE('',*,*,#7899,.F.);
#7899 = EDGE_CURVE('',#7900,#7876,#7902,.T.);
#7900 = VERTEX_POINT('',#7901);
#7901 = CARTESIAN_POINT('',(189.30625,11.245876381178,17.370672537909));
#7902 = SURFACE_CURVE('',#7903,(#7907,#7914),.PCURVE_S1.);
#7903 = LINE('',#7904,#7905);
#7904 = CARTESIAN_POINT('',(89.903125,11.245876381178,17.370672537909));
#7905 = VECTOR('',#7906,1.);
#7906 = DIRECTION('',(-1.,0.,0.));
#7907 = PCURVE('',#3506,#7908);
#7908 = DEFINITIONAL_REPRESENTATION('',(#7909),#7913);
#7909 = LINE('',#7910,#7911);
#7910 = CARTESIAN_POINT('',(78.903125,2.));
#7911 = VECTOR('',#7912,1.);
#7912 = DIRECTION('',(-1.,0.));
#7913 = ( GEOMETRIC_REPRESENTATION_CONTEXT(2) 
PARAMETRIC_REPRESENTATION_CONTEXT() REPRESENTATION_CONTEXT('2D SPACE',''
  ) );
#7914 = PCURVE('',#7915,#7920);
#7915 = PLANE('',#7916);
#7916 = AXIS2_PLACEMENT_3D('',#7917,#7918,#7919);
#7917 = CARTESIAN_POINT('',(168.80625,11.533329655164,14.635737325646));
#7918 = DIRECTION('',(0.,0.994521895368,0.104528463268));
#7919 = DIRECTION('',(0.,-0.104528463268,0.994521895368));
#7920 = DEFINITIONAL_REPRESENTATION('',(#7921),#7925);
#7921 = LINE('',#7922,#7923);
#7922 = CARTESIAN_POINT('',(2.75,-78.903125));
#7923 = VECTOR('',#7924,1.);
#7924 = DIRECTION('',(0.,-1.));
#7925 = ( GEOMETRIC_REPRESENTATION_CONTEXT(2) 
PARAMETRIC_REPRESENTATION_CONTEXT() REPRESENTATION_CONTEXT('2D SPACE',''
  ) );
#7926 = ORIENTED_EDGE('',*,*,#7927,.F.);
#7927 = EDGE_CURVE('',#5051,#7900,#7928,.T.);
#7928 = SURFACE_CURVE('',#7929,(#7934,#7941),.PCURVE_S1.);
#7929 = CIRCLE('',#7930,0.5);
#7930 = AXIS2_PLACEMENT_3D('',#7931,#7932,#7933);
#7931 = CARTESIAN_POINT('',(189.30625,10.748615433494,17.318408306275));
#7932 = DIRECTION('',(0.,-0.104528463268,0.994521895368));
#7933 = DIRECTION('',(1.,0.,0.));
#7934 = PCURVE('',#3506,#7935);
#7935 = DEFINITIONAL_REPRESENTATION('',(#7936),#7940);
#7936 = CIRCLE('',#7937,0.5);
#7937 = AXIS2_PLACEMENT_2D('',#7938,#7939);
#7938 = CARTESIAN_POINT('',(178.30625,1.5));
#7939 = DIRECTION('',(1.,0.));
#7940 = ( GEOMETRIC_REPRESENTATION_CONTEXT(2) 
PARAMETRIC_REPRESENTATION_CONTEXT() REPRESENTATION_CONTEXT('2D SPACE',''
  ) );
#7941 = PCURVE('',#5087,#7942);
#7942 = DEFINITIONAL_REPRESENTATION('',(#7943),#7947);
#7943 = LINE('',#7944,#7945);
#7944 = CARTESIAN_POINT('',(0.,2.75));
#7945 = VECTOR('',#7946,1.);
#7946 = DIRECTION('',(1.,0.));
#7947 = ( GEOMETRIC_REPRESENTATION_CONTEXT(2) 
PARAMETRIC_REPRESENTATION_CONTEXT() REPRESENTATION_CONTEXT('2D SPACE',''
  ) );
#7948 = ORIENTED_EDGE('',*,*,#5050,.F.);
#7949 = ORIENTED_EDGE('',*,*,#5177,.T.);
#7950 = ORIENTED_EDGE('',*,*,#5354,.T.);
#7951 = ORIENTED_EDGE('',*,*,#7952,.F.);
#7952 = EDGE_CURVE('',#7953,#5355,#7955,.T.);
#7953 = VERTEX_POINT('',#7954);
#7954 = CARTESIAN_POINT('',(278.6125,11.245876381178,17.370672537909));
#7955 = SURFACE_CURVE('',#7956,(#7961,#7968),.PCURVE_S1.);
#7956 = CIRCLE('',#7957,0.5);
#7957 = AXIS2_PLACEMENT_3D('',#7958,#7959,#7960);
#7958 = CARTESIAN_POINT('',(278.6125,10.748615433494,17.318408306275));
#7959 = DIRECTION('',(0.,-0.104528463268,0.994521895368));
#7960 = DIRECTION('',(-1.,-0.,0.));
#7961 = PCURVE('',#3506,#7962);
#7962 = DEFINITIONAL_REPRESENTATION('',(#7963),#7967);
#7963 = CIRCLE('',#7964,0.5);
#7964 = AXIS2_PLACEMENT_2D('',#7965,#7966);
#7965 = CARTESIAN_POINT('',(267.6125,1.5));
#7966 = DIRECTION('',(-1.,0.));
#7967 = ( GEOMETRIC_REPRESENTATION_CONTEXT(2) 
PARAMETRIC_REPRESENTATION_CONTEXT() REPRESENTATION_CONTEXT('2D SPACE',''
  ) );
#7968 = PCURVE('',#5391,#7969);
#7969 = DEFINITIONAL_REPRESENTATION('',(#7970),#7974);
#7970 = LINE('',#7971,#7972);
#7971 = CARTESIAN_POINT('',(-6.28318530718,2.75));
#7972 = VECTOR('',#7973,1.);
#7973 = DIRECTION('',(1.,-0.));
#7974 = ( GEOMETRIC_REPRESENTATION_CONTEXT(2) 
PARAMETRIC_REPRESENTATION_CONTEXT() REPRESENTATION_CONTEXT('2D SPACE',''
  ) );
#7975 = ORIENTED_EDGE('',*,*,#7976,.F.);
#7976 = EDGE_CURVE('',#7977,#7953,#7979,.T.);
#7977 = VERTEX_POINT('',#7978);
#7978 = CARTESIAN_POINT('',(298.6125,11.245876381178,17.370672537909));
#7979 = SURFACE_CURVE('',#7980,(#7984,#7991),.PCURVE_S1.);
#7980 = LINE('',#7981,#7982);
#7981 = CARTESIAN_POINT('',(144.55625,11.245876381178,17.370672537909));
#7982 = VECTOR('',#7983,1.);
#7983 = DIRECTION('',(-1.,0.,0.));
#7984 = PCURVE('',#3506,#7985);
#7985 = DEFINITIONAL_REPRESENTATION('',(#7986),#7990);
#7986 = LINE('',#7987,#7988);
#7987 = CARTESIAN_POINT('',(133.55625,2.));
#7988 = VECTOR('',#7989,1.);
#7989 = DIRECTION('',(-1.,0.));
#7990 = ( GEOMETRIC_REPRESENTATION_CONTEXT(2) 
PARAMETRIC_REPRESENTATION_CONTEXT() REPRESENTATION_CONTEXT('2D SPACE',''
  ) );
#7991 = PCURVE('',#7992,#7997);
#7992 = PLANE('',#7993);
#7993 = AXIS2_PLACEMENT_3D('',#7994,#7995,#7996);
#7994 = CARTESIAN_POINT('',(278.1125,11.533329655164,14.635737325646));
#7995 = DIRECTION('',(0.,0.994521895368,0.104528463268));
#7996 = DIRECTION('',(0.,-0.104528463268,0.994521895368));
#7997 = DEFINITIONAL_REPRESENTATION('',(#7998),#8002);
#7998 = LINE('',#7999,#8000);
#7999 = CARTESIAN_POINT('',(2.75,-133.55625));
#8000 = VECTOR('',#8001,1.);
#8001 = DIRECTION('',(0.,-1.));
#8002 = ( GEOMETRIC_REPRESENTATION_CONTEXT(2) 
PARAMETRIC_REPRESENTATION_CONTEXT() REPRESENTATION_CONTEXT('2D SPACE',''
  ) );
#8003 = ORIENTED_EDGE('',*,*,#8004,.F.);
#8004 = EDGE_CURVE('',#5865,#7977,#8005,.T.);
#8005 = SURFACE_CURVE('',#8006,(#8011,#8018),.PCURVE_S1.);
#8006 = CIRCLE('',#8007,0.5);
#8007 = AXIS2_PLACEMENT_3D('',#8008,#8009,#8010);
#8008 = CARTESIAN_POINT('',(298.6125,10.748615433494,17.318408306275));
#8009 = DIRECTION('',(0.,-0.104528463268,0.994521895368));
#8010 = DIRECTION('',(1.,0.,0.));
#8011 = PCURVE('',#3506,#8012);
#8012 = DEFINITIONAL_REPRESENTATION('',(#8013),#8017);
#8013 = CIRCLE('',#8014,0.5);
#8014 = AXIS2_PLACEMENT_2D('',#8015,#8016);
#8015 = CARTESIAN_POINT('',(287.6125,1.5));
#8016 = DIRECTION('',(1.,0.));
#8017 = ( GEOMETRIC_REPRESENTATION_CONTEXT(2) 
PARAMETRIC_REPRESENTATION_CONTEXT() REPRESENTATION_CONTEXT('2D SPACE',''
  ) );
#8018 = PCURVE('',#5901,#8019);
#8019 = DEFINITIONAL_REPRESENTATION('',(#8020),#8024);
#8020 = LINE('',#8021,#8022);
#8021 = CARTESIAN_POINT('',(0.,2.75));
#8022 = VECTOR('',#8023,1.);
#8023 = DIRECTION('',(1.,0.));
#8024 = ( GEOMETRIC_REPRESENTATION_CONTEXT(2) 
PARAMETRIC_REPRESENTATION_CONTEXT() REPRESENTATION_CONTEXT('2D SPACE',''
  ) );
#8025 = ORIENTED_EDGE('',*,*,#5864,.F.);
#8026 = ORIENTED_EDGE('',*,*,#5991,.T.);
#8027 = ORIENTED_EDGE('',*,*,#6140,.F.);
#8028 = ORIENTED_EDGE('',*,*,#6218,.T.);
#8029 = ORIENTED_EDGE('',*,*,#6372,.T.);
#8030 = ORIENTED_EDGE('',*,*,#8031,.F.);
#8031 = EDGE_CURVE('',#8032,#6373,#8034,.T.);
#8032 = VERTEX_POINT('',#8033);
#8033 = CARTESIAN_POINT('',(345.6125,67.231243328566,23.254971716982));
#8034 = SURFACE_CURVE('',#8035,(#8040,#8047),.PCURVE_S1.);
#8035 = CIRCLE('',#8036,0.5);
#8036 = AXIS2_PLACEMENT_3D('',#8037,#8038,#8039);
#8037 = CARTESIAN_POINT('',(346.1125,67.231243328566,23.254971716982));
#8038 = DIRECTION('',(0.,-0.104528463268,0.994521895368));
#8039 = DIRECTION('',(-1.,-0.,0.));
#8040 = PCURVE('',#3506,#8041);
#8041 = DEFINITIONAL_REPRESENTATION('',(#8042),#8046);
#8042 = CIRCLE('',#8043,0.5);
#8043 = AXIS2_PLACEMENT_2D('',#8044,#8045);
#8044 = CARTESIAN_POINT('',(335.1125,58.29375));
#8045 = DIRECTION('',(-1.,0.));
#8046 = ( GEOMETRIC_REPRESENTATION_CONTEXT(2) 
PARAMETRIC_REPRESENTATION_CONTEXT() REPRESENTATION_CONTEXT('2D SPACE',''
  ) );
#8047 = PCURVE('',#6411,#8048);
#8048 = DEFINITIONAL_REPRESENTATION('',(#8049),#8053);
#8049 = LINE('',#8050,#8051);
#8050 = CARTESIAN_POINT('',(0.,2.75));
#8051 = VECTOR('',#8052,1.);
#8052 = DIRECTION('',(1.,0.));
#8053 = ( GEOMETRIC_REPRESENTATION_CONTEXT(2) 
PARAMETRIC_REPRESENTATION_CONTEXT() REPRESENTATION_CONTEXT('2D SPACE',''
  ) );
#8054 = ORIENTED_EDGE('',*,*,#8055,.T.);
#8055 = EDGE_CURVE('',#8032,#8056,#8058,.T.);
#8056 = VERTEX_POINT('',#8057);
#8057 = CARTESIAN_POINT('',(345.6125,87.121681235932,25.345540982335));
#8058 = SURFACE_CURVE('',#8059,(#8063,#8070),.PCURVE_S1.);
#8059 = LINE('',#8060,#8061);
#8060 = CARTESIAN_POINT('',(345.6125,37.995407485662,20.182161548361));
#8061 = VECTOR('',#8062,1.);
#8062 = DIRECTION('',(0.,0.994521895368,0.104528463268));
#8063 = PCURVE('',#3506,#8064);
#8064 = DEFINITIONAL_REPRESENTATION('',(#8065),#8069);
#8065 = LINE('',#8066,#8067);
#8066 = CARTESIAN_POINT('',(334.6125,28.896875));
#8067 = VECTOR('',#8068,1.);
#8068 = DIRECTION('',(0.,1.));
#8069 = ( GEOMETRIC_REPRESENTATION_CONTEXT(2) 
PARAMETRIC_REPRESENTATION_CONTEXT() REPRESENTATION_CONTEXT('2D SPACE',''
  ) );
#8070 = PCURVE('',#8071,#8076);
#8071 = PLANE('',#8072);
#8072 = AXIS2_PLACEMENT_3D('',#8073,#8074,#8075);
#8073 = CARTESIAN_POINT('',(345.6125,67.021435654868,20.467772273086));
#8074 = DIRECTION('',(1.,0.,0.));
#8075 = DIRECTION('',(0.,-0.104528463268,0.994521895368));
#8076 = DEFINITIONAL_REPRESENTATION('',(#8077),#8081);
#8077 = LINE('',#8078,#8079);
#8078 = CARTESIAN_POINT('',(2.75,28.896875));
#8079 = VECTOR('',#8080,1.);
#8080 = DIRECTION('',(0.,-1.));
#8081 = ( GEOMETRIC_REPRESENTATION_CONTEXT(2) 
PARAMETRIC_REPRESENTATION_CONTEXT() REPRESENTATION_CONTEXT('2D SPACE',''
  ) );
#8082 = ORIENTED_EDGE('',*,*,#8083,.F.);
#8083 = EDGE_CURVE('',#6886,#8056,#8084,.T.);
#8084 = SURFACE_CURVE('',#8085,(#8090,#8097),.PCURVE_S1.);
#8085 = CIRCLE('',#8086,0.5);
#8086 = AXIS2_PLACEMENT_3D('',#8087,#8088,#8089);
#8087 = CARTESIAN_POINT('',(346.1125,87.121681235932,25.345540982335));
#8088 = DIRECTION('',(0.,-0.104528463268,0.994521895368));
#8089 = DIRECTION('',(-1.,-0.,0.));
#8090 = PCURVE('',#3506,#8091);
#8091 = DEFINITIONAL_REPRESENTATION('',(#8092),#8096);
#8092 = CIRCLE('',#8093,0.5);
#8093 = AXIS2_PLACEMENT_2D('',#8094,#8095);
#8094 = CARTESIAN_POINT('',(335.1125,78.29375));
#8095 = DIRECTION('',(-1.,0.));
#8096 = ( GEOMETRIC_REPRESENTATION_CONTEXT(2) 
PARAMETRIC_REPRESENTATION_CONTEXT() REPRESENTATION_CONTEXT('2D SPACE',''
  ) );
#8097 = PCURVE('',#6924,#8098);
#8098 = DEFINITIONAL_REPRESENTATION('',(#8099),#8103);
#8099 = LINE('',#8100,#8101);
#8100 = CARTESIAN_POINT('',(-6.28318530718,2.75));
#8101 = VECTOR('',#8102,1.);
#8102 = DIRECTION('',(1.,-0.));
#8103 = ( GEOMETRIC_REPRESENTATION_CONTEXT(2) 
PARAMETRIC_REPRESENTATION_CONTEXT() REPRESENTATION_CONTEXT('2D SPACE',''
  ) );
#8104 = ORIENTED_EDGE('',*,*,#6883,.F.);
#8105 = ORIENTED_EDGE('',*,*,#7032,.T.);
#8106 = ORIENTED_EDGE('',*,*,#7084,.T.);
#8107 = ORIENTED_EDGE('',*,*,#7008,.F.);
#8108 = ORIENTED_EDGE('',*,*,#6834,.F.);
#8109 = ORIENTED_EDGE('',*,*,#8110,.F.);
#8110 = EDGE_CURVE('',#8111,#6807,#8113,.T.);
#8111 = VERTEX_POINT('',#8112);
#8112 = CARTESIAN_POINT('',(298.6125,143.10704818331,31.229840161409));
#8113 = SURFACE_CURVE('',#8114,(#8119,#8126),.PCURVE_S1.);
#8114 = CIRCLE('',#8115,0.5);
#8115 = AXIS2_PLACEMENT_3D('',#8116,#8117,#8118);
#8116 = CARTESIAN_POINT('',(298.6125,143.604309131,31.282104393043));
#8117 = DIRECTION('',(0.,-0.104528463268,0.994521895368));
#8118 = DIRECTION('',(1.,0.,0.));
#8119 = PCURVE('',#3506,#8120);
#8120 = DEFINITIONAL_REPRESENTATION('',(#8121),#8125);
#8121 = CIRCLE('',#8122,0.5);
#8122 = AXIS2_PLACEMENT_2D('',#8123,#8124);
#8123 = CARTESIAN_POINT('',(287.6125,135.0875));
#8124 = DIRECTION('',(1.,0.));
#8125 = ( GEOMETRIC_REPRESENTATION_CONTEXT(2) 
PARAMETRIC_REPRESENTATION_CONTEXT() REPRESENTATION_CONTEXT('2D SPACE',''
  ) );
#8126 = PCURVE('',#6822,#8127);
#8127 = DEFINITIONAL_REPRESENTATION('',(#8128),#8132);
#8128 = LINE('',#8129,#8130);
#8129 = CARTESIAN_POINT('',(-6.28318530718,2.75));
#8130 = VECTOR('',#8131,1.);
#8131 = DIRECTION('',(1.,-0.));
#8132 = ( GEOMETRIC_REPRESENTATION_CONTEXT(2) 
PARAMETRIC_REPRESENTATION_CONTEXT() REPRESENTATION_CONTEXT('2D SPACE',''
  ) );
#8133 = ORIENTED_EDGE('',*,*,#8134,.T.);
#8134 = EDGE_CURVE('',#8111,#8135,#8137,.T.);
#8135 = VERTEX_POINT('',#8136);
#8136 = CARTESIAN_POINT('',(278.6125,143.10704818331,31.229840161409));
#8137 = SURFACE_CURVE('',#8138,(#8142,#8149),.PCURVE_S1.);
#8138 = LINE('',#8139,#8140);
#8139 = CARTESIAN_POINT('',(144.55625,143.10704818331,31.229840161409));
#8140 = VECTOR('',#8141,1.);
#8141 = DIRECTION('',(-1.,0.,0.));
#8142 = PCURVE('',#3506,#8143);
#8143 = DEFINITIONAL_REPRESENTATION('',(#8144),#8148);
#8144 = LINE('',#8145,#8146);
#8145 = CARTESIAN_POINT('',(133.55625,134.5875));
#8146 = VECTOR('',#8147,1.);
#8147 = DIRECTION('',(-1.,0.));
#8148 = ( GEOMETRIC_REPRESENTATION_CONTEXT(2) 
PARAMETRIC_REPRESENTATION_CONTEXT() REPRESENTATION_CONTEXT('2D SPACE',''
  ) );
#8149 = PCURVE('',#8150,#8155);
#8150 = PLANE('',#8151);
#8151 = AXIS2_PLACEMENT_3D('',#8152,#8153,#8154);
#8152 = CARTESIAN_POINT('',(278.1125,143.3945014573,28.494904949146));
#8153 = DIRECTION('',(0.,0.994521895368,0.104528463268));
#8154 = DIRECTION('',(0.,-0.104528463268,0.994521895368));
#8155 = DEFINITIONAL_REPRESENTATION('',(#8156),#8160);
#8156 = LINE('',#8157,#8158);
#8157 = CARTESIAN_POINT('',(2.75,-133.55625));
#8158 = VECTOR('',#8159,1.);
#8159 = DIRECTION('',(0.,-1.));
#8160 = ( GEOMETRIC_REPRESENTATION_CONTEXT(2) 
PARAMETRIC_REPRESENTATION_CONTEXT() REPRESENTATION_CONTEXT('2D SPACE',''
  ) );
#8161 = ORIENTED_EDGE('',*,*,#8162,.F.);
#8162 = EDGE_CURVE('',#6298,#8135,#8163,.T.);
#8163 = SURFACE_CURVE('',#8164,(#8169,#8176),.PCURVE_S1.);
#8164 = CIRCLE('',#8165,0.5);
#8165 = AXIS2_PLACEMENT_3D('',#8166,#8167,#8168);
#8166 = CARTESIAN_POINT('',(278.6125,143.604309131,31.282104393043));
#8167 = DIRECTION('',(0.,-0.104528463268,0.994521895368));
#8168 = DIRECTION('',(-1.,-0.,0.));
#8169 = PCURVE('',#3506,#8170);
#8170 = DEFINITIONAL_REPRESENTATION('',(#8171),#8175);
#8171 = CIRCLE('',#8172,0.5);
#8172 = AXIS2_PLACEMENT_2D('',#8173,#8174);
#8173 = CARTESIAN_POINT('',(267.6125,135.0875));
#8174 = DIRECTION('',(-1.,0.));
#8175 = ( GEOMETRIC_REPRESENTATION_CONTEXT(2) 
PARAMETRIC_REPRESENTATION_CONTEXT() REPRESENTATION_CONTEXT('2D SPACE',''
  ) );
#8176 = PCURVE('',#6313,#8177);
#8177 = DEFINITIONAL_REPRESENTATION('',(#8178),#8182);
#8178 = LINE('',#8179,#8180);
#8179 = CARTESIAN_POINT('',(0.,2.75));
#8180 = VECTOR('',#8181,1.);
#8181 = DIRECTION('',(1.,0.));
#8182 = ( GEOMETRIC_REPRESENTATION_CONTEXT(2) 
PARAMETRIC_REPRESENTATION_CONTEXT() REPRESENTATION_CONTEXT('2D SPACE',''
  ) );
#8183 = ORIENTED_EDGE('',*,*,#6325,.T.);
#8184 = ORIENTED_EDGE('',*,*,#6194,.F.);
#8185 = ORIENTED_EDGE('',*,*,#6066,.F.);
#8186 = ORIENTED_EDGE('',*,*,#8187,.F.);
#8187 = EDGE_CURVE('',#8188,#6039,#8190,.T.);
#8188 = VERTEX_POINT('',#8189);
#8189 = CARTESIAN_POINT('',(189.30625,143.10704818331,31.229840161409));
#8190 = SURFACE_CURVE('',#8191,(#8196,#8203),.PCURVE_S1.);
#8191 = CIRCLE('',#8192,0.5);
#8192 = AXIS2_PLACEMENT_3D('',#8193,#8194,#8195);
#8193 = CARTESIAN_POINT('',(189.30625,143.604309131,31.282104393043));
#8194 = DIRECTION('',(0.,-0.104528463268,0.994521895368));
#8195 = DIRECTION('',(1.,0.,0.));
#8196 = PCURVE('',#3506,#8197);
#8197 = DEFINITIONAL_REPRESENTATION('',(#8198),#8202);
#8198 = CIRCLE('',#8199,0.5);
#8199 = AXIS2_PLACEMENT_2D('',#8200,#8201);
#8200 = CARTESIAN_POINT('',(178.30625,135.0875));
#8201 = DIRECTION('',(1.,0.));
#8202 = ( GEOMETRIC_REPRESENTATION_CONTEXT(2) 
PARAMETRIC_REPRESENTATION_CONTEXT() REPRESENTATION_CONTEXT('2D SPACE',''
  ) );
#8203 = PCURVE('',#6054,#8204);
#8204 = DEFINITIONAL_REPRESENTATION('',(#8205),#8209);
#8205 = LINE('',#8206,#8207);
#8206 = CARTESIAN_POINT('',(-6.28318530718,2.75));
#8207 = VECTOR('',#8208,1.);
#8208 = DIRECTION('',(1.,-0.));
#8209 = ( GEOMETRIC_REPRESENTATION_CONTEXT(2) 
PARAMETRIC_REPRESENTATION_CONTEXT() REPRESENTATION_CONTEXT('2D SPACE',''
  ) );
#8210 = ORIENTED_EDGE('',*,*,#8211,.T.);
#8211 = EDGE_CURVE('',#8188,#8212,#8214,.T.);
#8212 = VERTEX_POINT('',#8213);
#8213 = CARTESIAN_POINT('',(169.30625,143.10704818331,31.229840161409));
#8214 = SURFACE_CURVE('',#8215,(#8219,#8226),.PCURVE_S1.);
#8215 = LINE('',#8216,#8217);
#8216 = CARTESIAN_POINT('',(89.903125,143.10704818331,31.229840161409));
#8217 = VECTOR('',#8218,1.);
#8218 = DIRECTION('',(-1.,0.,0.));
#8219 = PCURVE('',#3506,#8220);
#8220 = DEFINITIONAL_REPRESENTATION('',(#8221),#8225);
#8221 = LINE('',#8222,#8223);
#8222 = CARTESIAN_POINT('',(78.903125,134.5875));
#8223 = VECTOR('',#8224,1.);
#8224 = DIRECTION('',(-1.,0.));
#8225 = ( GEOMETRIC_REPRESENTATION_CONTEXT(2) 
PARAMETRIC_REPRESENTATION_CONTEXT() REPRESENTATION_CONTEXT('2D SPACE',''
  ) );
#8226 = PCURVE('',#8227,#8232);
#8227 = PLANE('',#8228);
#8228 = AXIS2_PLACEMENT_3D('',#8229,#8230,#8231);
#8229 = CARTESIAN_POINT('',(168.80625,143.3945014573,28.494904949146));
#8230 = DIRECTION('',(0.,0.994521895368,0.104528463268));
#8231 = DIRECTION('',(0.,-0.104528463268,0.994521895368));
#8232 = DEFINITIONAL_REPRESENTATION('',(#8233),#8237);
#8233 = LINE('',#8234,#8235);
#8234 = CARTESIAN_POINT('',(2.75,-78.903125));
#8235 = VECTOR('',#8236,1.);
#8236 = DIRECTION('',(0.,-1.));
#8237 = ( GEOMETRIC_REPRESENTATION_CONTEXT(2) 
PARAMETRIC_REPRESENTATION_CONTEXT() REPRESENTATION_CONTEXT('2D SPACE',''
  ) );
#8238 = ORIENTED_EDGE('',*,*,#8239,.F.);
#8239 = EDGE_CURVE('',#5536,#8212,#8240,.T.);
#8240 = SURFACE_CURVE('',#8241,(#8246,#8253),.PCURVE_S1.);
#8241 = CIRCLE('',#8242,0.5);
#8242 = AXIS2_PLACEMENT_3D('',#8243,#8244,#8245);
#8243 = CARTESIAN_POINT('',(169.30625,143.604309131,31.282104393043));
#8244 = DIRECTION('',(0.,-0.104528463268,0.994521895368));
#8245 = DIRECTION('',(-1.,-0.,0.));
#8246 = PCURVE('',#3506,#8247);
#8247 = DEFINITIONAL_REPRESENTATION('',(#8248),#8252);
#8248 = CIRCLE('',#8249,0.5);
#8249 = AXIS2_PLACEMENT_2D('',#8250,#8251);
#8250 = CARTESIAN_POINT('',(158.30625,135.0875));
#8251 = DIRECTION('',(-1.,0.));
#8252 = ( GEOMETRIC_REPRESENTATION_CONTEXT(2) 
PARAMETRIC_REPRESENTATION_CONTEXT() REPRESENTATION_CONTEXT('2D SPACE',''
  ) );
#8253 = PCURVE('',#5551,#8254);
#8254 = DEFINITIONAL_REPRESENTATION('',(#8255),#8259);
#8255 = LINE('',#8256,#8257);
#8256 = CARTESIAN_POINT('',(0.,2.75));
#8257 = VECTOR('',#8258,1.);
#8258 = DIRECTION('',(1.,0.));
#8259 = ( GEOMETRIC_REPRESENTATION_CONTEXT(2) 
PARAMETRIC_REPRESENTATION_CONTEXT() REPRESENTATION_CONTEXT('2D SPACE',''
  ) );
#8260 = ORIENTED_EDGE('',*,*,#5563,.T.);
#8261 = ORIENTED_EDGE('',*,*,#5431,.F.);
#8262 = ORIENTED_EDGE('',*,*,#5252,.F.);
#8263 = ORIENTED_EDGE('',*,*,#8264,.F.);
#8264 = EDGE_CURVE('',#8265,#5225,#8267,.T.);
#8265 = VERTEX_POINT('',#8266);
#8266 = CARTESIAN_POINT('',(80.,143.10704818331,31.229840161409));
#8267 = SURFACE_CURVE('',#8268,(#8273,#8280),.PCURVE_S1.);
#8268 = CIRCLE('',#8269,0.5);
#8269 = AXIS2_PLACEMENT_3D('',#8270,#8271,#8272);
#8270 = CARTESIAN_POINT('',(80.,143.604309131,31.282104393043));
#8271 = DIRECTION('',(0.,-0.104528463268,0.994521895368));
#8272 = DIRECTION('',(1.,0.,0.));
#8273 = PCURVE('',#3506,#8274);
#8274 = DEFINITIONAL_REPRESENTATION('',(#8275),#8279);
#8275 = CIRCLE('',#8276,0.5);
#8276 = AXIS2_PLACEMENT_2D('',#8277,#8278);
#8277 = CARTESIAN_POINT('',(69.,135.0875));
#8278 = DIRECTION('',(1.,0.));
#8279 = ( GEOMETRIC_REPRESENTATION_CONTEXT(2) 
PARAMETRIC_REPRESENTATION_CONTEXT() REPRESENTATION_CONTEXT('2D SPACE',''
  ) );
#8280 = PCURVE('',#5240,#8281);
#8281 = DEFINITIONAL_REPRESENTATION('',(#8282),#8286);
#8282 = LINE('',#8283,#8284);
#8283 = CARTESIAN_POINT('',(-6.28318530718,2.75));
#8284 = VECTOR('',#8285,1.);
#8285 = DIRECTION('',(1.,-0.));
#8286 = ( GEOMETRIC_REPRESENTATION_CONTEXT(2) 
PARAMETRIC_REPRESENTATION_CONTEXT() REPRESENTATION_CONTEXT('2D SPACE',''
  ) );
#8287 = ORIENTED_EDGE('',*,*,#8288,.T.);
#8288 = EDGE_CURVE('',#8265,#8289,#8291,.T.);
#8289 = VERTEX_POINT('',#8290);
#8290 = CARTESIAN_POINT('',(60.,143.10704818331,31.229840161409));
#8291 = SURFACE_CURVE('',#8292,(#8296,#8303),.PCURVE_S1.);
#8292 = LINE('',#8293,#8294);
#8293 = CARTESIAN_POINT('',(35.25,143.10704818331,31.229840161409));
#8294 = VECTOR('',#8295,1.);
#8295 = DIRECTION('',(-1.,0.,0.));
#8296 = PCURVE('',#3506,#8297);
#8297 = DEFINITIONAL_REPRESENTATION('',(#8298),#8302);
#8298 = LINE('',#8299,#8300);
#8299 = CARTESIAN_POINT('',(24.25,134.5875));
#8300 = VECTOR('',#8301,1.);
#8301 = DIRECTION('',(-1.,0.));
#8302 = ( GEOMETRIC_REPRESENTATION_CONTEXT(2) 
PARAMETRIC_REPRESENTATION_CONTEXT() REPRESENTATION_CONTEXT('2D SPACE',''
  ) );
#8303 = PCURVE('',#8304,#8309);
#8304 = PLANE('',#8305);
#8305 = AXIS2_PLACEMENT_3D('',#8306,#8307,#8308);
#8306 = CARTESIAN_POINT('',(59.5,143.3945014573,28.494904949146));
#8307 = DIRECTION('',(0.,0.994521895368,0.104528463268));
#8308 = DIRECTION('',(0.,-0.104528463268,0.994521895368));
#8309 = DEFINITIONAL_REPRESENTATION('',(#8310),#8314);
#8310 = LINE('',#8311,#8312);
#8311 = CARTESIAN_POINT('',(2.75,-24.25));
#8312 = VECTOR('',#8313,1.);
#8313 = DIRECTION('',(0.,-1.));
#8314 = ( GEOMETRIC_REPRESENTATION_CONTEXT(2) 
PARAMETRIC_REPRESENTATION_CONTEXT() REPRESENTATION_CONTEXT('2D SPACE',''
  ) );
#8315 = ORIENTED_EDGE('',*,*,#8316,.F.);
#8316 = EDGE_CURVE('',#4722,#8289,#8317,.T.);
#8317 = SURFACE_CURVE('',#8318,(#8323,#8330),.PCURVE_S1.);
#8318 = CIRCLE('',#8319,0.5);
#8319 = AXIS2_PLACEMENT_3D('',#8320,#8321,#8322);
#8320 = CARTESIAN_POINT('',(60.,143.604309131,31.282104393043));
#8321 = DIRECTION('',(0.,-0.104528463268,0.994521895368));
#8322 = DIRECTION('',(-1.,-0.,0.));
#8323 = PCURVE('',#3506,#8324);
#8324 = DEFINITIONAL_REPRESENTATION('',(#8325),#8329);
#8325 = CIRCLE('',#8326,0.5);
#8326 = AXIS2_PLACEMENT_2D('',#8327,#8328);
#8327 = CARTESIAN_POINT('',(49.,135.0875));
#8328 = DIRECTION('',(-1.,0.));
#8329 = ( GEOMETRIC_REPRESENTATION_CONTEXT(2) 
PARAMETRIC_REPRESENTATION_CONTEXT() REPRESENTATION_CONTEXT('2D SPACE',''
  ) );
#8330 = PCURVE('',#4737,#8331);
#8331 = DEFINITIONAL_REPRESENTATION('',(#8332),#8336);
#8332 = LINE('',#8333,#8334);
#8333 = CARTESIAN_POINT('',(0.,2.75));
#8334 = VECTOR('',#8335,1.);
#8335 = DIRECTION('',(1.,0.));
#8336 = ( GEOMETRIC_REPRESENTATION_CONTEXT(2) 
PARAMETRIC_REPRESENTATION_CONTEXT() REPRESENTATION_CONTEXT('2D SPACE',''
  ) );
#8337 = ORIENTED_EDGE('',*,*,#4749,.T.);
#8338 = ORIENTED_EDGE('',*,*,#4617,.F.);
#8339 = ORIENTED_EDGE('',*,*,#4458,.F.);
#8340 = ORIENTED_EDGE('',*,*,#4335,.F.);
#8341 = ORIENTED_EDGE('',*,*,#4188,.F.);
#8342 = ORIENTED_EDGE('',*,*,#8343,.F.);
#8343 = EDGE_CURVE('',#8344,#4161,#8346,.T.);
#8344 = VERTEX_POINT('',#8345);
#8345 = CARTESIAN_POINT('',(13.,87.121681235932,25.345540982335));
#8346 = SURFACE_CURVE('',#8347,(#8352,#8359),.PCURVE_S1.);
#8347 = CIRCLE('',#8348,0.5);
#8348 = AXIS2_PLACEMENT_3D('',#8349,#8350,#8351);
#8349 = CARTESIAN_POINT('',(12.5,87.121681235932,25.345540982335));
#8350 = DIRECTION('',(0.,-0.104528463268,0.994521895368));
#8351 = DIRECTION('',(1.,0.,0.));
#8352 = PCURVE('',#3506,#8353);
#8353 = DEFINITIONAL_REPRESENTATION('',(#8354),#8358);
#8354 = CIRCLE('',#8355,0.5);
#8355 = AXIS2_PLACEMENT_2D('',#8356,#8357);
#8356 = CARTESIAN_POINT('',(1.5,78.29375));
#8357 = DIRECTION('',(1.,0.));
#8358 = ( GEOMETRIC_REPRESENTATION_CONTEXT(2) 
PARAMETRIC_REPRESENTATION_CONTEXT() REPRESENTATION_CONTEXT('2D SPACE',''
  ) );
#8359 = PCURVE('',#4176,#8360);
#8360 = DEFINITIONAL_REPRESENTATION('',(#8361),#8365);
#8361 = LINE('',#8362,#8363);
#8362 = CARTESIAN_POINT('',(0.,2.75));
#8363 = VECTOR('',#8364,1.);
#8364 = DIRECTION('',(1.,0.));
#8365 = ( GEOMETRIC_REPRESENTATION_CONTEXT(2) 
PARAMETRIC_REPRESENTATION_CONTEXT() REPRESENTATION_CONTEXT('2D SPACE',''
  ) );
#8366 = ORIENTED_EDGE('',*,*,#8367,.F.);
#8367 = EDGE_CURVE('',#8368,#8344,#8370,.T.);
#8368 = VERTEX_POINT('',#8369);
#8369 = CARTESIAN_POINT('',(13.,67.231243328566,23.254971716982));
#8370 = SURFACE_CURVE('',#8371,(#8375,#8382),.PCURVE_S1.);
#8371 = LINE('',#8372,#8373);
#8372 = CARTESIAN_POINT('',(13.,37.995407485662,20.182161548361));
#8373 = VECTOR('',#8374,1.);
#8374 = DIRECTION('',(0.,0.994521895368,0.104528463268));
#8375 = PCURVE('',#3506,#8376);
#8376 = DEFINITIONAL_REPRESENTATION('',(#8377),#8381);
#8377 = LINE('',#8378,#8379);
#8378 = CARTESIAN_POINT('',(2.,28.896875));
#8379 = VECTOR('',#8380,1.);
#8380 = DIRECTION('',(0.,1.));
#8381 = ( GEOMETRIC_REPRESENTATION_CONTEXT(2) 
PARAMETRIC_REPRESENTATION_CONTEXT() REPRESENTATION_CONTEXT('2D SPACE',''
  ) );
#8382 = PCURVE('',#8383,#8388);
#8383 = PLANE('',#8384);
#8384 = AXIS2_PLACEMENT_3D('',#8385,#8386,#8387);
#8385 = CARTESIAN_POINT('',(13.,67.021435654868,20.467772273086));
#8386 = DIRECTION('',(1.,0.,0.));
#8387 = DIRECTION('',(0.,-0.104528463268,0.994521895368));
#8388 = DEFINITIONAL_REPRESENTATION('',(#8389),#8393);
#8389 = LINE('',#8390,#8391);
#8390 = CARTESIAN_POINT('',(2.75,28.896875));
#8391 = VECTOR('',#8392,1.);
#8392 = DIRECTION('',(0.,-1.));
#8393 = ( GEOMETRIC_REPRESENTATION_CONTEXT(2) 
PARAMETRIC_REPRESENTATION_CONTEXT() REPRESENTATION_CONTEXT('2D SPACE',''
  ) );
#8394 = ORIENTED_EDGE('',*,*,#8395,.F.);
#8395 = EDGE_CURVE('',#3672,#8368,#8396,.T.);
#8396 = SURFACE_CURVE('',#8397,(#8402,#8409),.PCURVE_S1.);
#8397 = CIRCLE('',#8398,0.5);
#8398 = AXIS2_PLACEMENT_3D('',#8399,#8400,#8401);
#8399 = CARTESIAN_POINT('',(12.5,67.231243328566,23.254971716982));
#8400 = DIRECTION('',(0.,-0.104528463268,0.994521895368));
#8401 = DIRECTION('',(1.,0.,0.));
#8402 = PCURVE('',#3506,#8403);
#8403 = DEFINITIONAL_REPRESENTATION('',(#8404),#8408);
#8404 = CIRCLE('',#8405,0.5);
#8405 = AXIS2_PLACEMENT_2D('',#8406,#8407);
#8406 = CARTESIAN_POINT('',(1.5,58.29375));
#8407 = DIRECTION('',(1.,0.));
#8408 = ( GEOMETRIC_REPRESENTATION_CONTEXT(2) 
PARAMETRIC_REPRESENTATION_CONTEXT() REPRESENTATION_CONTEXT('2D SPACE',''
  ) );
#8409 = PCURVE('',#3687,#8410);
#8410 = DEFINITIONAL_REPRESENTATION('',(#8411),#8415);
#8411 = LINE('',#8412,#8413);
#8412 = CARTESIAN_POINT('',(-6.28318530718,2.75));
#8413 = VECTOR('',#8414,1.);
#8414 = DIRECTION('',(1.,-0.));
#8415 = ( GEOMETRIC_REPRESENTATION_CONTEXT(2) 
PARAMETRIC_REPRESENTATION_CONTEXT() REPRESENTATION_CONTEXT('2D SPACE',''
  ) );
#8416 = ORIENTED_EDGE('',*,*,#3699,.T.);
#8417 = FACE_BOUND('',#8418,.F.);
#8418 = EDGE_LOOP('',(#8419,#8445,#8468,#8492,#8515,#8539,#8562,#8586));
#8419 = ORIENTED_EDGE('',*,*,#8420,.F.);
#8420 = EDGE_CURVE('',#8421,#8423,#8425,.T.);
#8421 = VERTEX_POINT('',#8422);
#8422 = CARTESIAN_POINT('',(14.5,14.229442067283,17.684257927712));
#8423 = VERTEX_POINT('',#8424);
#8424 = CARTESIAN_POINT('',(16.,12.737659224231,17.52746523281));
#8425 = SURFACE_CURVE('',#8426,(#8431,#8438),.PCURVE_S1.);
#8426 = CIRCLE('',#8427,1.5);
#8427 = AXIS2_PLACEMENT_3D('',#8428,#8429,#8430);
#8428 = CARTESIAN_POINT('',(16.,14.229442067283,17.684257927712));
#8429 = DIRECTION('',(0.,-0.104528463268,0.994521895368));
#8430 = DIRECTION('',(-1.,-0.,0.));
#8431 = PCURVE('',#3506,#8432);
#8432 = DEFINITIONAL_REPRESENTATION('',(#8433),#8437);
#8433 = CIRCLE('',#8434,1.5);
#8434 = AXIS2_PLACEMENT_2D('',#8435,#8436);
#8435 = CARTESIAN_POINT('',(5.,5.));
#8436 = DIRECTION('',(-1.,0.));
#8437 = ( GEOMETRIC_REPRESENTATION_CONTEXT(2) 
PARAMETRIC_REPRESENTATION_CONTEXT() REPRESENTATION_CONTEXT('2D SPACE',''
  ) );
#8438 = PCURVE('',#7396,#8439);
#8439 = DEFINITIONAL_REPRESENTATION('',(#8440),#8444);
#8440 = LINE('',#8441,#8442);
#8441 = CARTESIAN_POINT('',(0.,2.75));
#8442 = VECTOR('',#8443,1.);
#8443 = DIRECTION('',(1.,0.));
#8444 = ( GEOMETRIC_REPRESENTATION_CONTEXT(2) 
PARAMETRIC_REPRESENTATION_CONTEXT() REPRESENTATION_CONTEXT('2D SPACE',''
  ) );
#8445 = ORIENTED_EDGE('',*,*,#8446,.F.);
#8446 = EDGE_CURVE('',#8447,#8421,#8449,.T.);
#8447 = VERTEX_POINT('',#8448);
#8448 = CARTESIAN_POINT('',(14.5,140.12348249721,30.916254771606));
#8449 = SURFACE_CURVE('',#8450,(#8454,#8461),.PCURVE_S1.);
#8450 = LINE('',#8451,#8452);
#8451 = CARTESIAN_POINT('',(14.5,10.997245907336,17.344540422092));
#8452 = VECTOR('',#8453,1.);
#8453 = DIRECTION('',(0.,-0.994521895368,-0.104528463268));
#8454 = PCURVE('',#3506,#8455);
#8455 = DEFINITIONAL_REPRESENTATION('',(#8456),#8460);
#8456 = LINE('',#8457,#8458);
#8457 = CARTESIAN_POINT('',(3.5,1.75));
#8458 = VECTOR('',#8459,1.);
#8459 = DIRECTION('',(0.,-1.));
#8460 = ( GEOMETRIC_REPRESENTATION_CONTEXT(2) 
PARAMETRIC_REPRESENTATION_CONTEXT() REPRESENTATION_CONTEXT('2D SPACE',''
  ) );
#8461 = PCURVE('',#7450,#8462);
#8462 = DEFINITIONAL_REPRESENTATION('',(#8463),#8467);
#8463 = LINE('',#8464,#8465);
#8464 = CARTESIAN_POINT('',(2.75,1.75));
#8465 = VECTOR('',#8466,1.);
#8466 = DIRECTION('',(0.,1.));
#8467 = ( GEOMETRIC_REPRESENTATION_CONTEXT(2) 
PARAMETRIC_REPRESENTATION_CONTEXT() REPRESENTATION_CONTEXT('2D SPACE',''
  ) );
#8468 = ORIENTED_EDGE('',*,*,#8469,.F.);
#8469 = EDGE_CURVE('',#8470,#8447,#8472,.T.);
#8470 = VERTEX_POINT('',#8471);
#8471 = CARTESIAN_POINT('',(16.,141.61526534026,31.073047466507));
#8472 = SURFACE_CURVE('',#8473,(#8478,#8485),.PCURVE_S1.);
#8473 = CIRCLE('',#8474,1.5);
#8474 = AXIS2_PLACEMENT_3D('',#8475,#8476,#8477);
#8475 = CARTESIAN_POINT('',(16.,140.12348249721,30.916254771606));
#8476 = DIRECTION('',(0.,-0.104528463268,0.994521895368));
#8477 = DIRECTION('',(-1.,-0.,0.));
#8478 = PCURVE('',#3506,#8479);
#8479 = DEFINITIONAL_REPRESENTATION('',(#8480),#8484);
#8480 = CIRCLE('',#8481,1.5);
#8481 = AXIS2_PLACEMENT_2D('',#8482,#8483);
#8482 = CARTESIAN_POINT('',(5.,131.5875));
#8483 = DIRECTION('',(-1.,0.));
#8484 = ( GEOMETRIC_REPRESENTATION_CONTEXT(2) 
PARAMETRIC_REPRESENTATION_CONTEXT() REPRESENTATION_CONTEXT('2D SPACE',''
  ) );
#8485 = PCURVE('',#7559,#8486);
#8486 = DEFINITIONAL_REPRESENTATION('',(#8487),#8491);
#8487 = LINE('',#8488,#8489);
#8488 = CARTESIAN_POINT('',(-6.28318530718,2.75));
#8489 = VECTOR('',#8490,1.);
#8490 = DIRECTION('',(1.,-0.));
#8491 = ( GEOMETRIC_REPRESENTATION_CONTEXT(2) 
PARAMETRIC_REPRESENTATION_CONTEXT() REPRESENTATION_CONTEXT('2D SPACE',''
  ) );
#8492 = ORIENTED_EDGE('',*,*,#8493,.T.);
#8493 = EDGE_CURVE('',#8470,#8494,#8496,.T.);
#8494 = VERTEX_POINT('',#8495);
#8495 = CARTESIAN_POINT('',(342.6125,141.61526534026,31.073047466507));
#8496 = SURFACE_CURVE('',#8497,(#8501,#8508),.PCURVE_S1.);
#8497 = LINE('',#8498,#8499);
#8498 = CARTESIAN_POINT('',(12.75,141.61526534026,31.073047466507));
#8499 = VECTOR('',#8500,1.);
#8500 = DIRECTION('',(1.,0.,0.));
#8501 = PCURVE('',#3506,#8502);
#8502 = DEFINITIONAL_REPRESENTATION('',(#8503),#8507);
#8503 = LINE('',#8504,#8505);
#8504 = CARTESIAN_POINT('',(1.75,133.0875));
#8505 = VECTOR('',#8506,1.);
#8506 = DIRECTION('',(1.,0.));
#8507 = ( GEOMETRIC_REPRESENTATION_CONTEXT(2) 
PARAMETRIC_REPRESENTATION_CONTEXT() REPRESENTATION_CONTEXT('2D SPACE',''
  ) );
#8508 = PCURVE('',#7668,#8509);
#8509 = DEFINITIONAL_REPRESENTATION('',(#8510),#8514);
#8510 = LINE('',#8511,#8512);
#8511 = CARTESIAN_POINT('',(2.75,-1.75));
#8512 = VECTOR('',#8513,1.);
#8513 = DIRECTION('',(0.,1.));
#8514 = ( GEOMETRIC_REPRESENTATION_CONTEXT(2) 
PARAMETRIC_REPRESENTATION_CONTEXT() REPRESENTATION_CONTEXT('2D SPACE',''
  ) );
#8515 = ORIENTED_EDGE('',*,*,#8516,.F.);
#8516 = EDGE_CURVE('',#8517,#8494,#8519,.T.);
#8517 = VERTEX_POINT('',#8518);
#8518 = CARTESIAN_POINT('',(344.1125,140.12348249721,30.916254771606));
#8519 = SURFACE_CURVE('',#8520,(#8525,#8532),.PCURVE_S1.);
#8520 = CIRCLE('',#8521,1.5);
#8521 = AXIS2_PLACEMENT_3D('',#8522,#8523,#8524);
#8522 = CARTESIAN_POINT('',(342.6125,140.12348249721,30.916254771606));
#8523 = DIRECTION('',(0.,-0.104528463268,0.994521895368));
#8524 = DIRECTION('',(1.,0.,0.));
#8525 = PCURVE('',#3506,#8526);
#8526 = DEFINITIONAL_REPRESENTATION('',(#8527),#8531);
#8527 = CIRCLE('',#8528,1.5);
#8528 = AXIS2_PLACEMENT_2D('',#8529,#8530);
#8529 = CARTESIAN_POINT('',(331.6125,131.5875));
#8530 = DIRECTION('',(1.,0.));
#8531 = ( GEOMETRIC_REPRESENTATION_CONTEXT(2) 
PARAMETRIC_REPRESENTATION_CONTEXT() REPRESENTATION_CONTEXT('2D SPACE',''
  ) );
#8532 = PCURVE('',#7755,#8533);
#8533 = DEFINITIONAL_REPRESENTATION('',(#8534),#8538);
#8534 = LINE('',#8535,#8536);
#8535 = CARTESIAN_POINT('',(0.,2.75));
#8536 = VECTOR('',#8537,1.);
#8537 = DIRECTION('',(1.,0.));
#8538 = ( GEOMETRIC_REPRESENTATION_CONTEXT(2) 
PARAMETRIC_REPRESENTATION_CONTEXT() REPRESENTATION_CONTEXT('2D SPACE',''
  ) );
#8539 = ORIENTED_EDGE('',*,*,#8540,.T.);
#8540 = EDGE_CURVE('',#8517,#8541,#8543,.T.);
#8541 = VERTEX_POINT('',#8542);
#8542 = CARTESIAN_POINT('',(344.1125,14.229442067283,17.684257927712));
#8543 = SURFACE_CURVE('',#8544,(#8548,#8555),.PCURVE_S1.);
#8544 = LINE('',#8545,#8546);
#8545 = CARTESIAN_POINT('',(344.1125,10.997245907336,17.344540422092));
#8546 = VECTOR('',#8547,1.);
#8547 = DIRECTION('',(0.,-0.994521895368,-0.104528463268));
#8548 = PCURVE('',#3506,#8549);
#8549 = DEFINITIONAL_REPRESENTATION('',(#8550),#8554);
#8550 = LINE('',#8551,#8552);
#8551 = CARTESIAN_POINT('',(333.1125,1.75));
#8552 = VECTOR('',#8553,1.);
#8553 = DIRECTION('',(0.,-1.));
#8554 = ( GEOMETRIC_REPRESENTATION_CONTEXT(2) 
PARAMETRIC_REPRESENTATION_CONTEXT() REPRESENTATION_CONTEXT('2D SPACE',''
  ) );
#8555 = PCURVE('',#7722,#8556);
#8556 = DEFINITIONAL_REPRESENTATION('',(#8557),#8561);
#8557 = LINE('',#8558,#8559);
#8558 = CARTESIAN_POINT('',(2.75,1.75));
#8559 = VECTOR('',#8560,1.);
#8560 = DIRECTION('',(0.,1.));
#8561 = ( GEOMETRIC_REPRESENTATION_CONTEXT(2) 
PARAMETRIC_REPRESENTATION_CONTEXT() REPRESENTATION_CONTEXT('2D SPACE',''
  ) );
#8562 = ORIENTED_EDGE('',*,*,#8563,.F.);
#8563 = EDGE_CURVE('',#8564,#8541,#8566,.T.);
#8564 = VERTEX_POINT('',#8565);
#8565 = CARTESIAN_POINT('',(342.6125,12.737659224231,17.52746523281));
#8566 = SURFACE_CURVE('',#8567,(#8572,#8579),.PCURVE_S1.);
#8567 = CIRCLE('',#8568,1.5);
#8568 = AXIS2_PLACEMENT_3D('',#8569,#8570,#8571);
#8569 = CARTESIAN_POINT('',(342.6125,14.229442067283,17.684257927712));
#8570 = DIRECTION('',(0.,-0.104528463268,0.994521895368));
#8571 = DIRECTION('',(1.,0.,0.));
#8572 = PCURVE('',#3506,#8573);
#8573 = DEFINITIONAL_REPRESENTATION('',(#8574),#8578);
#8574 = CIRCLE('',#8575,1.5);
#8575 = AXIS2_PLACEMENT_2D('',#8576,#8577);
#8576 = CARTESIAN_POINT('',(331.6125,5.));
#8577 = DIRECTION('',(1.,0.));
#8578 = ( GEOMETRIC_REPRESENTATION_CONTEXT(2) 
PARAMETRIC_REPRESENTATION_CONTEXT() REPRESENTATION_CONTEXT('2D SPACE',''
  ) );
#8579 = PCURVE('',#7614,#8580);
#8580 = DEFINITIONAL_REPRESENTATION('',(#8581),#8585);
#8581 = LINE('',#8582,#8583);
#8582 = CARTESIAN_POINT('',(-6.28318530718,2.75));
#8583 = VECTOR('',#8584,1.);
#8584 = DIRECTION('',(1.,-0.));
#8585 = ( GEOMETRIC_REPRESENTATION_CONTEXT(2) 
PARAMETRIC_REPRESENTATION_CONTEXT() REPRESENTATION_CONTEXT('2D SPACE',''
  ) );
#8586 = ORIENTED_EDGE('',*,*,#8587,.F.);
#8587 = EDGE_CURVE('',#8423,#8564,#8588,.T.);
#8588 = SURFACE_CURVE('',#8589,(#8593,#8600),.PCURVE_S1.);
#8589 = LINE('',#8590,#8591);
#8590 = CARTESIAN_POINT('',(12.75,12.737659224231,17.52746523281));
#8591 = VECTOR('',#8592,1.);
#8592 = DIRECTION('',(1.,0.,0.));
#8593 = PCURVE('',#3506,#8594);
#8594 = DEFINITIONAL_REPRESENTATION('',(#8595),#8599);
#8595 = LINE('',#8596,#8597);
#8596 = CARTESIAN_POINT('',(1.75,3.5));
#8597 = VECTOR('',#8598,1.);
#8598 = DIRECTION('',(1.,0.));
#8599 = ( GEOMETRIC_REPRESENTATION_CONTEXT(2) 
PARAMETRIC_REPRESENTATION_CONTEXT() REPRESENTATION_CONTEXT('2D SPACE',''
  ) );
#8600 = PCURVE('',#7504,#8601);
#8601 = DEFINITIONAL_REPRESENTATION('',(#8602),#8606);
#8602 = LINE('',#8603,#8604);
#8603 = CARTESIAN_POINT('',(2.75,-1.75));
#8604 = VECTOR('',#8605,1.);
#8605 = DIRECTION('',(0.,1.));
#8606 = ( GEOMETRIC_REPRESENTATION_CONTEXT(2) 
PARAMETRIC_REPRESENTATION_CONTEXT() REPRESENTATION_CONTEXT('2D SPACE',''
  ) );
#8607 = ADVANCED_FACE('',(#8608),#3687,.F.);
#8608 = FACE_BOUND('',#8609,.T.);
#8609 = EDGE_LOOP('',(#8610,#8633,#8634,#8635));
#8610 = ORIENTED_EDGE('',*,*,#8611,.F.);
#8611 = EDGE_CURVE('',#8368,#8612,#8614,.T.);
#8612 = VERTEX_POINT('',#8613);
#8613 = CARTESIAN_POINT('',(13.,67.168526250605,23.851684854203));
#8614 = SURFACE_CURVE('',#8615,(#8619,#8626),.PCURVE_S1.);
#8615 = LINE('',#8616,#8617);
#8616 = CARTESIAN_POINT('',(13.,67.518696602552,20.520036504719));
#8617 = VECTOR('',#8618,1.);
#8618 = DIRECTION('',(0.,-0.104528463268,0.994521895368));
#8619 = PCURVE('',#3687,#8620);
#8620 = DEFINITIONAL_REPRESENTATION('',(#8621),#8625);
#8621 = LINE('',#8622,#8623);
#8622 = CARTESIAN_POINT('',(-0.,0.));
#8623 = VECTOR('',#8624,1.);
#8624 = DIRECTION('',(-0.,1.));
#8625 = ( GEOMETRIC_REPRESENTATION_CONTEXT(2) 
PARAMETRIC_REPRESENTATION_CONTEXT() REPRESENTATION_CONTEXT('2D SPACE',''
  ) );
#8626 = PCURVE('',#8383,#8627);
#8627 = DEFINITIONAL_REPRESENTATION('',(#8628),#8632);
#8628 = LINE('',#8629,#8630);
#8629 = CARTESIAN_POINT('',(6.800116025829E-16,-0.5));
#8630 = VECTOR('',#8631,1.);
#8631 = DIRECTION('',(1.,0.));
#8632 = ( GEOMETRIC_REPRESENTATION_CONTEXT(2) 
PARAMETRIC_REPRESENTATION_CONTEXT() REPRESENTATION_CONTEXT('2D SPACE',''
  ) );
#8633 = ORIENTED_EDGE('',*,*,#8395,.F.);
#8634 = ORIENTED_EDGE('',*,*,#3671,.T.);
#8635 = ORIENTED_EDGE('',*,*,#8636,.F.);
#8636 = EDGE_CURVE('',#8612,#3644,#8637,.T.);
#8637 = SURFACE_CURVE('',#8638,(#8643,#8650),.PCURVE_S1.);
#8638 = CIRCLE('',#8639,0.5);
#8639 = AXIS2_PLACEMENT_3D('',#8640,#8641,#8642);
#8640 = CARTESIAN_POINT('',(12.5,67.168526250605,23.851684854203));
#8641 = DIRECTION('',(0.,0.104528463268,-0.994521895368));
#8642 = DIRECTION('',(0.,-0.994521895368,-0.104528463268));
#8643 = PCURVE('',#3687,#8644);
#8644 = DEFINITIONAL_REPRESENTATION('',(#8645),#8649);
#8645 = LINE('',#8646,#8647);
#8646 = CARTESIAN_POINT('',(4.712388980385,3.35));
#8647 = VECTOR('',#8648,1.);
#8648 = DIRECTION('',(-1.,0.));
#8649 = ( GEOMETRIC_REPRESENTATION_CONTEXT(2) 
PARAMETRIC_REPRESENTATION_CONTEXT() REPRESENTATION_CONTEXT('2D SPACE',''
  ) );
#8650 = PCURVE('',#3659,#8651);
#8651 = DEFINITIONAL_REPRESENTATION('',(#8652),#8660);
#8652 = ( BOUNDED_CURVE() B_SPLINE_CURVE(2,(#8653,#8654,#8655,#8656,
#8657,#8658,#8659),.UNSPECIFIED.,.T.,.F.) B_SPLINE_CURVE_WITH_KNOTS((1,2
    ,2,2,2,1),(-2.094395102393,0.,2.094395102393,4.188790204786,
6.28318530718,8.377580409573),.UNSPECIFIED.) CURVE() 
GEOMETRIC_REPRESENTATION_ITEM() RATIONAL_B_SPLINE_CURVE((1.,0.5,1.,0.5,
1.,0.5,1.)) REPRESENTATION_ITEM('') );
#8653 = CARTESIAN_POINT('',(6.5,1.110223024625E-16));
#8654 = CARTESIAN_POINT('',(5.633974596216,1.110223024625E-16));
#8655 = CARTESIAN_POINT('',(6.066987298108,0.75));
#8656 = CARTESIAN_POINT('',(6.5,1.5));
#8657 = CARTESIAN_POINT('',(6.933012701892,0.75));
#8658 = CARTESIAN_POINT('',(7.366025403784,8.881784197001E-16));
#8659 = CARTESIAN_POINT('',(6.5,1.110223024625E-16));
#8660 = ( GEOMETRIC_REPRESENTATION_CONTEXT(2) 
PARAMETRIC_REPRESENTATION_CONTEXT() REPRESENTATION_CONTEXT('2D SPACE',''
  ) );
#8661 = ADVANCED_FACE('',(#8662),#3659,.F.);
#8662 = FACE_BOUND('',#8663,.F.);
#8663 = EDGE_LOOP('',(#8664,#8665,#8666,#8667,#8668,#8691,#8713,#8714));
#8664 = ORIENTED_EDGE('',*,*,#3929,.F.);
#8665 = ORIENTED_EDGE('',*,*,#3854,.T.);
#8666 = ORIENTED_EDGE('',*,*,#3643,.T.);
#8667 = ORIENTED_EDGE('',*,*,#8636,.F.);
#8668 = ORIENTED_EDGE('',*,*,#8669,.T.);
#8669 = EDGE_CURVE('',#8612,#8670,#8672,.T.);
#8670 = VERTEX_POINT('',#8671);
#8671 = CARTESIAN_POINT('',(13.,87.058964157971,25.942254119556));
#8672 = SURFACE_CURVE('',#8673,(#8677,#8684),.PCURVE_S1.);
#8673 = LINE('',#8674,#8675);
#8674 = CARTESIAN_POINT('',(13.,66.671265302921,23.799420622569));
#8675 = VECTOR('',#8676,1.);
#8676 = DIRECTION('',(0.,0.994521895368,0.104528463268));
#8677 = PCURVE('',#3659,#8678);
#8678 = DEFINITIONAL_REPRESENTATION('',(#8679),#8683);
#8679 = LINE('',#8680,#8681);
#8680 = CARTESIAN_POINT('',(7.,0.));
#8681 = VECTOR('',#8682,1.);
#8682 = DIRECTION('',(0.,1.));
#8683 = ( GEOMETRIC_REPRESENTATION_CONTEXT(2) 
PARAMETRIC_REPRESENTATION_CONTEXT() REPRESENTATION_CONTEXT('2D SPACE',''
  ) );
#8684 = PCURVE('',#8383,#8685);
#8685 = DEFINITIONAL_REPRESENTATION('',(#8686),#8690);
#8686 = LINE('',#8687,#8688);
#8687 = CARTESIAN_POINT('',(3.35,5.551115123126E-15));
#8688 = VECTOR('',#8689,1.);
#8689 = DIRECTION('',(0.,-1.));
#8690 = ( GEOMETRIC_REPRESENTATION_CONTEXT(2) 
PARAMETRIC_REPRESENTATION_CONTEXT() REPRESENTATION_CONTEXT('2D SPACE',''
  ) );
#8691 = ORIENTED_EDGE('',*,*,#8692,.T.);
#8692 = EDGE_CURVE('',#8670,#4138,#8693,.T.);
#8693 = SURFACE_CURVE('',#8694,(#8699,#8706),.PCURVE_S1.);
#8694 = CIRCLE('',#8695,0.5);
#8695 = AXIS2_PLACEMENT_3D('',#8696,#8697,#8698);
#8696 = CARTESIAN_POINT('',(12.5,87.058964157971,25.942254119556));
#8697 = DIRECTION('',(0.,-0.104528463268,0.994521895368));
#8698 = DIRECTION('',(0.,-0.994521895368,-0.104528463268));
#8699 = PCURVE('',#3659,#8700);
#8700 = DEFINITIONAL_REPRESENTATION('',(#8701),#8705);
#8701 = CIRCLE('',#8702,0.5);
#8702 = AXIS2_PLACEMENT_2D('',#8703,#8704);
#8703 = CARTESIAN_POINT('',(6.5,20.5));
#8704 = DIRECTION('',(0.,-1.));
#8705 = ( GEOMETRIC_REPRESENTATION_CONTEXT(2) 
PARAMETRIC_REPRESENTATION_CONTEXT() REPRESENTATION_CONTEXT('2D SPACE',''
  ) );
#8706 = PCURVE('',#4176,#8707);
#8707 = DEFINITIONAL_REPRESENTATION('',(#8708),#8712);
#8708 = LINE('',#8709,#8710);
#8709 = CARTESIAN_POINT('',(-1.570796326795,3.35));
#8710 = VECTOR('',#8711,1.);
#8711 = DIRECTION('',(1.,0.));
#8712 = ( GEOMETRIC_REPRESENTATION_CONTEXT(2) 
PARAMETRIC_REPRESENTATION_CONTEXT() REPRESENTATION_CONTEXT('2D SPACE',''
  ) );
#8713 = ORIENTED_EDGE('',*,*,#4137,.F.);
#8714 = ORIENTED_EDGE('',*,*,#4052,.F.);
#8715 = ADVANCED_FACE('',(#8716),#3742,.F.);
#8716 = FACE_BOUND('',#8717,.F.);
#8717 = EDGE_LOOP('',(#8718,#8719,#8720,#8721,#8722,#8723,#8747,#8770));
#8718 = ORIENTED_EDGE('',*,*,#3724,.F.);
#8719 = ORIENTED_EDGE('',*,*,#3904,.T.);
#8720 = ORIENTED_EDGE('',*,*,#3980,.T.);
#8721 = ORIENTED_EDGE('',*,*,#4106,.F.);
#8722 = ORIENTED_EDGE('',*,*,#4235,.T.);
#8723 = ORIENTED_EDGE('',*,*,#8724,.T.);
#8724 = EDGE_CURVE('',#4236,#8725,#8727,.T.);
#8725 = VERTEX_POINT('',#8726);
#8726 = CARTESIAN_POINT('',(80.,11.183159303218,17.96738567513));
#8727 = SURFACE_CURVE('',#8728,(#8733,#8740),.PCURVE_S1.);
#8728 = CIRCLE('',#8729,0.5);
#8729 = AXIS2_PLACEMENT_3D('',#8730,#8731,#8732);
#8730 = CARTESIAN_POINT('',(80.,10.685898355534,17.915121443496));
#8731 = DIRECTION('',(0.,-0.104528463268,0.994521895368));
#8732 = DIRECTION('',(0.,-0.994521895368,-0.104528463268));
#8733 = PCURVE('',#3742,#8734);
#8734 = DEFINITIONAL_REPRESENTATION('',(#8735),#8739);
#8735 = CIRCLE('',#8736,0.5);
#8736 = AXIS2_PLACEMENT_2D('',#8737,#8738);
#8737 = CARTESIAN_POINT('',(20.5,6.5));
#8738 = DIRECTION('',(0.,-1.));
#8739 = ( GEOMETRIC_REPRESENTATION_CONTEXT(2) 
PARAMETRIC_REPRESENTATION_CONTEXT() REPRESENTATION_CONTEXT('2D SPACE',''
  ) );
#8740 = PCURVE('',#4320,#8741);
#8741 = DEFINITIONAL_REPRESENTATION('',(#8742),#8746);
#8742 = LINE('',#8743,#8744);
#8743 = CARTESIAN_POINT('',(-1.570796326795,3.35));
#8744 = VECTOR('',#8745,1.);
#8745 = DIRECTION('',(1.,0.));
#8746 = ( GEOMETRIC_REPRESENTATION_CONTEXT(2) 
PARAMETRIC_REPRESENTATION_CONTEXT() REPRESENTATION_CONTEXT('2D SPACE',''
  ) );
#8747 = ORIENTED_EDGE('',*,*,#8748,.F.);
#8748 = EDGE_CURVE('',#8749,#8725,#8751,.T.);
#8749 = VERTEX_POINT('',#8750);
#8750 = CARTESIAN_POINT('',(60.,11.183159303218,17.96738567513));
#8751 = SURFACE_CURVE('',#8752,(#8756,#8763),.PCURVE_S1.);
#8752 = LINE('',#8753,#8754);
#8753 = CARTESIAN_POINT('',(59.5,11.183159303218,17.96738567513));
#8754 = VECTOR('',#8755,1.);
#8755 = DIRECTION('',(1.,0.,0.));
#8756 = PCURVE('',#3742,#8757);
#8757 = DEFINITIONAL_REPRESENTATION('',(#8758),#8762);
#8758 = LINE('',#8759,#8760);
#8759 = CARTESIAN_POINT('',(0.,7.));
#8760 = VECTOR('',#8761,1.);
#8761 = DIRECTION('',(1.,0.));
#8762 = ( GEOMETRIC_REPRESENTATION_CONTEXT(2) 
PARAMETRIC_REPRESENTATION_CONTEXT() REPRESENTATION_CONTEXT('2D SPACE',''
  ) );
#8763 = PCURVE('',#7838,#8764);
#8764 = DEFINITIONAL_REPRESENTATION('',(#8765),#8769);
#8765 = LINE('',#8766,#8767);
#8766 = CARTESIAN_POINT('',(3.35,0.));
#8767 = VECTOR('',#8768,1.);
#8768 = DIRECTION('',(0.,1.));
#8769 = ( GEOMETRIC_REPRESENTATION_CONTEXT(2) 
PARAMETRIC_REPRESENTATION_CONTEXT() REPRESENTATION_CONTEXT('2D SPACE',''
  ) );
#8770 = ORIENTED_EDGE('',*,*,#8771,.F.);
#8771 = EDGE_CURVE('',#3727,#8749,#8772,.T.);
#8772 = SURFACE_CURVE('',#8773,(#8778,#8789),.PCURVE_S1.);
#8773 = CIRCLE('',#8774,0.5);
#8774 = AXIS2_PLACEMENT_3D('',#8775,#8776,#8777);
#8775 = CARTESIAN_POINT('',(60.,10.685898355534,17.915121443496));
#8776 = DIRECTION('',(0.,0.104528463268,-0.994521895368));
#8777 = DIRECTION('',(0.,-0.994521895368,-0.104528463268));
#8778 = PCURVE('',#3742,#8779);
#8779 = DEFINITIONAL_REPRESENTATION('',(#8780),#8788);
#8780 = ( BOUNDED_CURVE() B_SPLINE_CURVE(2,(#8781,#8782,#8783,#8784,
#8785,#8786,#8787),.UNSPECIFIED.,.T.,.F.) B_SPLINE_CURVE_WITH_KNOTS((1,2
    ,2,2,2,1),(-2.094395102393,0.,2.094395102393,4.188790204786,
6.28318530718,8.377580409573),.UNSPECIFIED.) CURVE() 
GEOMETRIC_REPRESENTATION_ITEM() RATIONAL_B_SPLINE_CURVE((1.,0.5,1.,0.5,
1.,0.5,1.)) REPRESENTATION_ITEM('') );
#8781 = CARTESIAN_POINT('',(0.5,6.));
#8782 = CARTESIAN_POINT('',(-0.366025403784,6.));
#8783 = CARTESIAN_POINT('',(6.698729810778E-02,6.75));
#8784 = CARTESIAN_POINT('',(0.5,7.5));
#8785 = CARTESIAN_POINT('',(0.933012701892,6.75));
#8786 = CARTESIAN_POINT('',(1.366025403784,6.));
#8787 = CARTESIAN_POINT('',(0.5,6.));
#8788 = ( GEOMETRIC_REPRESENTATION_CONTEXT(2) 
PARAMETRIC_REPRESENTATION_CONTEXT() REPRESENTATION_CONTEXT('2D SPACE',''
  ) );
#8789 = PCURVE('',#3814,#8790);
#8790 = DEFINITIONAL_REPRESENTATION('',(#8791),#8795);
#8791 = LINE('',#8792,#8793);
#8792 = CARTESIAN_POINT('',(1.570796326795,3.35));
#8793 = VECTOR('',#8794,1.);
#8794 = DIRECTION('',(-1.,0.));
#8795 = ( GEOMETRIC_REPRESENTATION_CONTEXT(2) 
PARAMETRIC_REPRESENTATION_CONTEXT() REPRESENTATION_CONTEXT('2D SPACE',''
  ) );
#8796 = ADVANCED_FACE('',(#8797),#3814,.F.);
#8797 = FACE_BOUND('',#8798,.T.);
#8798 = EDGE_LOOP('',(#8799,#8800,#8801,#8822));
#8799 = ORIENTED_EDGE('',*,*,#3800,.F.);
#8800 = ORIENTED_EDGE('',*,*,#7798,.F.);
#8801 = ORIENTED_EDGE('',*,*,#8802,.T.);
#8802 = EDGE_CURVE('',#7799,#8749,#8803,.T.);
#8803 = SURFACE_CURVE('',#8804,(#8808,#8815),.PCURVE_S1.);
#8804 = LINE('',#8805,#8806);
#8805 = CARTESIAN_POINT('',(60.,11.533329655164,14.635737325646));
#8806 = VECTOR('',#8807,1.);
#8807 = DIRECTION('',(0.,-0.104528463268,0.994521895368));
#8808 = PCURVE('',#3814,#8809);
#8809 = DEFINITIONAL_REPRESENTATION('',(#8810),#8814);
#8810 = LINE('',#8811,#8812);
#8811 = CARTESIAN_POINT('',(-1.570796326795,0.));
#8812 = VECTOR('',#8813,1.);
#8813 = DIRECTION('',(-0.,1.));
#8814 = ( GEOMETRIC_REPRESENTATION_CONTEXT(2) 
PARAMETRIC_REPRESENTATION_CONTEXT() REPRESENTATION_CONTEXT('2D SPACE',''
  ) );
#8815 = PCURVE('',#7838,#8816);
#8816 = DEFINITIONAL_REPRESENTATION('',(#8817),#8821);
#8817 = LINE('',#8818,#8819);
#8818 = CARTESIAN_POINT('',(0.,0.5));
#8819 = VECTOR('',#8820,1.);
#8820 = DIRECTION('',(1.,0.));
#8821 = ( GEOMETRIC_REPRESENTATION_CONTEXT(2) 
PARAMETRIC_REPRESENTATION_CONTEXT() REPRESENTATION_CONTEXT('2D SPACE',''
  ) );
#8822 = ORIENTED_EDGE('',*,*,#8771,.F.);
#8823 = ADVANCED_FACE('',(#8824),#4176,.F.);
#8824 = FACE_BOUND('',#8825,.F.);
#8825 = EDGE_LOOP('',(#8826,#8847,#8848,#8849));
#8826 = ORIENTED_EDGE('',*,*,#8827,.F.);
#8827 = EDGE_CURVE('',#8344,#8670,#8828,.T.);
#8828 = SURFACE_CURVE('',#8829,(#8833,#8840),.PCURVE_S1.);
#8829 = LINE('',#8830,#8831);
#8830 = CARTESIAN_POINT('',(13.,87.409134509918,22.610605770072));
#8831 = VECTOR('',#8832,1.);
#8832 = DIRECTION('',(0.,-0.104528463268,0.994521895368));
#8833 = PCURVE('',#4176,#8834);
#8834 = DEFINITIONAL_REPRESENTATION('',(#8835),#8839);
#8835 = LINE('',#8836,#8837);
#8836 = CARTESIAN_POINT('',(0.,0.));
#8837 = VECTOR('',#8838,1.);
#8838 = DIRECTION('',(0.,1.));
#8839 = ( GEOMETRIC_REPRESENTATION_CONTEXT(2) 
PARAMETRIC_REPRESENTATION_CONTEXT() REPRESENTATION_CONTEXT('2D SPACE',''
  ) );
#8840 = PCURVE('',#8383,#8841);
#8841 = DEFINITIONAL_REPRESENTATION('',(#8842),#8846);
#8842 = LINE('',#8843,#8844);
#8843 = CARTESIAN_POINT('',(4.440892098501E-15,-20.5));
#8844 = VECTOR('',#8845,1.);
#8845 = DIRECTION('',(1.,0.));
#8846 = ( GEOMETRIC_REPRESENTATION_CONTEXT(2) 
PARAMETRIC_REPRESENTATION_CONTEXT() REPRESENTATION_CONTEXT('2D SPACE',''
  ) );
#8847 = ORIENTED_EDGE('',*,*,#8343,.T.);
#8848 = ORIENTED_EDGE('',*,*,#4160,.T.);
#8849 = ORIENTED_EDGE('',*,*,#8692,.F.);
#8850 = ADVANCED_FACE('',(#8851),#4320,.F.);
#8851 = FACE_BOUND('',#8852,.F.);
#8852 = EDGE_LOOP('',(#8853,#8854,#8855,#8876));
#8853 = ORIENTED_EDGE('',*,*,#4306,.F.);
#8854 = ORIENTED_EDGE('',*,*,#7850,.T.);
#8855 = ORIENTED_EDGE('',*,*,#8856,.T.);
#8856 = EDGE_CURVE('',#7823,#8725,#8857,.T.);
#8857 = SURFACE_CURVE('',#8858,(#8862,#8869),.PCURVE_S1.);
#8858 = LINE('',#8859,#8860);
#8859 = CARTESIAN_POINT('',(80.,11.533329655164,14.635737325646));
#8860 = VECTOR('',#8861,1.);
#8861 = DIRECTION('',(0.,-0.104528463268,0.994521895368));
#8862 = PCURVE('',#4320,#8863);
#8863 = DEFINITIONAL_REPRESENTATION('',(#8864),#8868);
#8864 = LINE('',#8865,#8866);
#8865 = CARTESIAN_POINT('',(1.570796326795,0.));
#8866 = VECTOR('',#8867,1.);
#8867 = DIRECTION('',(0.,1.));
#8868 = ( GEOMETRIC_REPRESENTATION_CONTEXT(2) 
PARAMETRIC_REPRESENTATION_CONTEXT() REPRESENTATION_CONTEXT('2D SPACE',''
  ) );
#8869 = PCURVE('',#7838,#8870);
#8870 = DEFINITIONAL_REPRESENTATION('',(#8871),#8875);
#8871 = LINE('',#8872,#8873);
#8872 = CARTESIAN_POINT('',(0.,20.5));
#8873 = VECTOR('',#8874,1.);
#8874 = DIRECTION('',(1.,0.));
#8875 = ( GEOMETRIC_REPRESENTATION_CONTEXT(2) 
PARAMETRIC_REPRESENTATION_CONTEXT() REPRESENTATION_CONTEXT('2D SPACE',''
  ) );
#8876 = ORIENTED_EDGE('',*,*,#8724,.F.);
#8877 = ADVANCED_FACE('',(#8878),#4505,.F.);
#8878 = FACE_BOUND('',#8879,.F.);
#8879 = EDGE_LOOP('',(#8880,#8881,#8882,#8883,#8884,#8885,#8909,#8932));
#8880 = ORIENTED_EDGE('',*,*,#4487,.F.);
#8881 = ORIENTED_EDGE('',*,*,#4666,.T.);
#8882 = ORIENTED_EDGE('',*,*,#4798,.T.);
#8883 = ORIENTED_EDGE('',*,*,#4924,.F.);
#8884 = ORIENTED_EDGE('',*,*,#5002,.T.);
#8885 = ORIENTED_EDGE('',*,*,#8886,.T.);
#8886 = EDGE_CURVE('',#5003,#8887,#8889,.T.);
#8887 = VERTEX_POINT('',#8888);
#8888 = CARTESIAN_POINT('',(189.30625,11.183159303218,17.96738567513));
#8889 = SURFACE_CURVE('',#8890,(#8895,#8902),.PCURVE_S1.);
#8890 = CIRCLE('',#8891,0.5);
#8891 = AXIS2_PLACEMENT_3D('',#8892,#8893,#8894);
#8892 = CARTESIAN_POINT('',(189.30625,10.685898355534,17.915121443496));
#8893 = DIRECTION('',(0.,-0.104528463268,0.994521895368));
#8894 = DIRECTION('',(0.,-0.994521895368,-0.104528463268));
#8895 = PCURVE('',#4505,#8896);
#8896 = DEFINITIONAL_REPRESENTATION('',(#8897),#8901);
#8897 = CIRCLE('',#8898,0.5);
#8898 = AXIS2_PLACEMENT_2D('',#8899,#8900);
#8899 = CARTESIAN_POINT('',(20.5,6.5));
#8900 = DIRECTION('',(0.,-1.));
#8901 = ( GEOMETRIC_REPRESENTATION_CONTEXT(2) 
PARAMETRIC_REPRESENTATION_CONTEXT() REPRESENTATION_CONTEXT('2D SPACE',''
  ) );
#8902 = PCURVE('',#5087,#8903);
#8903 = DEFINITIONAL_REPRESENTATION('',(#8904),#8908);
#8904 = LINE('',#8905,#8906);
#8905 = CARTESIAN_POINT('',(-1.570796326795,3.35));
#8906 = VECTOR('',#8907,1.);
#8907 = DIRECTION('',(1.,0.));
#8908 = ( GEOMETRIC_REPRESENTATION_CONTEXT(2) 
PARAMETRIC_REPRESENTATION_CONTEXT() REPRESENTATION_CONTEXT('2D SPACE',''
  ) );
#8909 = ORIENTED_EDGE('',*,*,#8910,.F.);
#8910 = EDGE_CURVE('',#8911,#8887,#8913,.T.);
#8911 = VERTEX_POINT('',#8912);
#8912 = CARTESIAN_POINT('',(169.30625,11.183159303218,17.96738567513));
#8913 = SURFACE_CURVE('',#8914,(#8918,#8925),.PCURVE_S1.);
#8914 = LINE('',#8915,#8916);
#8915 = CARTESIAN_POINT('',(168.80625,11.183159303218,17.96738567513));
#8916 = VECTOR('',#8917,1.);
#8917 = DIRECTION('',(1.,0.,0.));
#8918 = PCURVE('',#4505,#8919);
#8919 = DEFINITIONAL_REPRESENTATION('',(#8920),#8924);
#8920 = LINE('',#8921,#8922);
#8921 = CARTESIAN_POINT('',(0.,7.));
#8922 = VECTOR('',#8923,1.);
#8923 = DIRECTION('',(1.,0.));
#8924 = ( GEOMETRIC_REPRESENTATION_CONTEXT(2) 
PARAMETRIC_REPRESENTATION_CONTEXT() REPRESENTATION_CONTEXT('2D SPACE',''
  ) );
#8925 = PCURVE('',#7915,#8926);
#8926 = DEFINITIONAL_REPRESENTATION('',(#8927),#8931);
#8927 = LINE('',#8928,#8929);
#8928 = CARTESIAN_POINT('',(3.35,0.));
#8929 = VECTOR('',#8930,1.);
#8930 = DIRECTION('',(0.,1.));
#8931 = ( GEOMETRIC_REPRESENTATION_CONTEXT(2) 
PARAMETRIC_REPRESENTATION_CONTEXT() REPRESENTATION_CONTEXT('2D SPACE',''
  ) );
#8932 = ORIENTED_EDGE('',*,*,#8933,.F.);
#8933 = EDGE_CURVE('',#4490,#8911,#8934,.T.);
#8934 = SURFACE_CURVE('',#8935,(#8940,#8951),.PCURVE_S1.);
#8935 = CIRCLE('',#8936,0.5);
#8936 = AXIS2_PLACEMENT_3D('',#8937,#8938,#8939);
#8937 = CARTESIAN_POINT('',(169.30625,10.685898355534,17.915121443496));
#8938 = DIRECTION('',(0.,0.104528463268,-0.994521895368));
#8939 = DIRECTION('',(0.,-0.994521895368,-0.104528463268));
#8940 = PCURVE('',#4505,#8941);
#8941 = DEFINITIONAL_REPRESENTATION('',(#8942),#8950);
#8942 = ( BOUNDED_CURVE() B_SPLINE_CURVE(2,(#8943,#8944,#8945,#8946,
#8947,#8948,#8949),.UNSPECIFIED.,.T.,.F.) B_SPLINE_CURVE_WITH_KNOTS((1,2
    ,2,2,2,1),(-2.094395102393,0.,2.094395102393,4.188790204786,
6.28318530718,8.377580409573),.UNSPECIFIED.) CURVE() 
GEOMETRIC_REPRESENTATION_ITEM() RATIONAL_B_SPLINE_CURVE((1.,0.5,1.,0.5,
1.,0.5,1.)) REPRESENTATION_ITEM('') );
#8943 = CARTESIAN_POINT('',(0.5,6.));
#8944 = CARTESIAN_POINT('',(-0.366025403784,6.));
#8945 = CARTESIAN_POINT('',(6.698729810778E-02,6.75));
#8946 = CARTESIAN_POINT('',(0.5,7.5));
#8947 = CARTESIAN_POINT('',(0.933012701892,6.75));
#8948 = CARTESIAN_POINT('',(1.366025403784,6.));
#8949 = CARTESIAN_POINT('',(0.5,6.));
#8950 = ( GEOMETRIC_REPRESENTATION_CONTEXT(2) 
PARAMETRIC_REPRESENTATION_CONTEXT() REPRESENTATION_CONTEXT('2D SPACE',''
  ) );
#8951 = PCURVE('',#4577,#8952);
#8952 = DEFINITIONAL_REPRESENTATION('',(#8953),#8957);
#8953 = LINE('',#8954,#8955);
#8954 = CARTESIAN_POINT('',(1.570796326795,3.35));
#8955 = VECTOR('',#8956,1.);
#8956 = DIRECTION('',(-1.,0.));
#8957 = ( GEOMETRIC_REPRESENTATION_CONTEXT(2) 
PARAMETRIC_REPRESENTATION_CONTEXT() REPRESENTATION_CONTEXT('2D SPACE',''
  ) );
#8958 = ADVANCED_FACE('',(#8959),#4577,.F.);
#8959 = FACE_BOUND('',#8960,.T.);
#8960 = EDGE_LOOP('',(#8961,#8962,#8963,#8984));
#8961 = ORIENTED_EDGE('',*,*,#4563,.F.);
#8962 = ORIENTED_EDGE('',*,*,#7875,.F.);
#8963 = ORIENTED_EDGE('',*,*,#8964,.T.);
#8964 = EDGE_CURVE('',#7876,#8911,#8965,.T.);
#8965 = SURFACE_CURVE('',#8966,(#8970,#8977),.PCURVE_S1.);
#8966 = LINE('',#8967,#8968);
#8967 = CARTESIAN_POINT('',(169.30625,11.533329655164,14.635737325646));
#8968 = VECTOR('',#8969,1.);
#8969 = DIRECTION('',(0.,-0.104528463268,0.994521895368));
#8970 = PCURVE('',#4577,#8971);
#8971 = DEFINITIONAL_REPRESENTATION('',(#8972),#8976);
#8972 = LINE('',#8973,#8974);
#8973 = CARTESIAN_POINT('',(-1.570796326795,0.));
#8974 = VECTOR('',#8975,1.);
#8975 = DIRECTION('',(-0.,1.));
#8976 = ( GEOMETRIC_REPRESENTATION_CONTEXT(2) 
PARAMETRIC_REPRESENTATION_CONTEXT() REPRESENTATION_CONTEXT('2D SPACE',''
  ) );
#8977 = PCURVE('',#7915,#8978);
#8978 = DEFINITIONAL_REPRESENTATION('',(#8979),#8983);
#8979 = LINE('',#8980,#8981);
#8980 = CARTESIAN_POINT('',(0.,0.5));
#8981 = VECTOR('',#8982,1.);
#8982 = DIRECTION('',(1.,0.));
#8983 = ( GEOMETRIC_REPRESENTATION_CONTEXT(2) 
PARAMETRIC_REPRESENTATION_CONTEXT() REPRESENTATION_CONTEXT('2D SPACE',''
  ) );
#8984 = ORIENTED_EDGE('',*,*,#8933,.F.);
#8985 = ADVANCED_FACE('',(#8986),#4709,.F.);
#8986 = FACE_BOUND('',#8987,.F.);
#8987 = EDGE_LOOP('',(#8988,#8989,#9013,#9036,#9062,#9063,#9064,#9065));
#8988 = ORIENTED_EDGE('',*,*,#4691,.F.);
#8989 = ORIENTED_EDGE('',*,*,#8990,.T.);
#8990 = EDGE_CURVE('',#4692,#8991,#8993,.T.);
#8991 = VERTEX_POINT('',#8992);
#8992 = CARTESIAN_POINT('',(60.,143.04433110535,31.82655329863));
#8993 = SURFACE_CURVE('',#8994,(#8999,#9006),.PCURVE_S1.);
#8994 = CIRCLE('',#8995,0.5);
#8995 = AXIS2_PLACEMENT_3D('',#8996,#8997,#8998);
#8996 = CARTESIAN_POINT('',(60.,143.54159205304,31.878817530263));
#8997 = DIRECTION('',(0.,-0.104528463268,0.994521895368));
#8998 = DIRECTION('',(0.,-0.994521895368,-0.104528463268));
#8999 = PCURVE('',#4709,#9000);
#9000 = DEFINITIONAL_REPRESENTATION('',(#9001),#9005);
#9001 = CIRCLE('',#9002,0.5);
#9002 = AXIS2_PLACEMENT_2D('',#9003,#9004);
#9003 = CARTESIAN_POINT('',(0.5,0.5));
#9004 = DIRECTION('',(0.,-1.));
#9005 = ( GEOMETRIC_REPRESENTATION_CONTEXT(2) 
PARAMETRIC_REPRESENTATION_CONTEXT() REPRESENTATION_CONTEXT('2D SPACE',''
  ) );
#9006 = PCURVE('',#4737,#9007);
#9007 = DEFINITIONAL_REPRESENTATION('',(#9008),#9012);
#9008 = LINE('',#9009,#9010);
#9009 = CARTESIAN_POINT('',(-4.712388980385,3.35));
#9010 = VECTOR('',#9011,1.);
#9011 = DIRECTION('',(1.,0.));
#9012 = ( GEOMETRIC_REPRESENTATION_CONTEXT(2) 
PARAMETRIC_REPRESENTATION_CONTEXT() REPRESENTATION_CONTEXT('2D SPACE',''
  ) );
#9013 = ORIENTED_EDGE('',*,*,#9014,.T.);
#9014 = EDGE_CURVE('',#8991,#9015,#9017,.T.);
#9015 = VERTEX_POINT('',#9016);
#9016 = CARTESIAN_POINT('',(80.,143.04433110535,31.82655329863));
#9017 = SURFACE_CURVE('',#9018,(#9022,#9029),.PCURVE_S1.);
#9018 = LINE('',#9019,#9020);
#9019 = CARTESIAN_POINT('',(59.5,143.04433110535,31.82655329863));
#9020 = VECTOR('',#9021,1.);
#9021 = DIRECTION('',(1.,0.,0.));
#9022 = PCURVE('',#4709,#9023);
#9023 = DEFINITIONAL_REPRESENTATION('',(#9024),#9028);
#9024 = LINE('',#9025,#9026);
#9025 = CARTESIAN_POINT('',(0.,0.));
#9026 = VECTOR('',#9027,1.);
#9027 = DIRECTION('',(1.,0.));
#9028 = ( GEOMETRIC_REPRESENTATION_CONTEXT(2) 
PARAMETRIC_REPRESENTATION_CONTEXT() REPRESENTATION_CONTEXT('2D SPACE',''
  ) );
#9029 = PCURVE('',#8304,#9030);
#9030 = DEFINITIONAL_REPRESENTATION('',(#9031),#9035);
#9031 = LINE('',#9032,#9033);
#9032 = CARTESIAN_POINT('',(3.35,0.));
#9033 = VECTOR('',#9034,1.);
#9034 = DIRECTION('',(0.,1.));
#9035 = ( GEOMETRIC_REPRESENTATION_CONTEXT(2) 
PARAMETRIC_REPRESENTATION_CONTEXT() REPRESENTATION_CONTEXT('2D SPACE',''
  ) );
#9036 = ORIENTED_EDGE('',*,*,#9037,.F.);
#9037 = EDGE_CURVE('',#5202,#9015,#9038,.T.);
#9038 = SURFACE_CURVE('',#9039,(#9044,#9055),.PCURVE_S1.);
#9039 = CIRCLE('',#9040,0.5);
#9040 = AXIS2_PLACEMENT_3D('',#9041,#9042,#9043);
#9041 = CARTESIAN_POINT('',(80.,143.54159205304,31.878817530263));
#9042 = DIRECTION('',(0.,0.104528463268,-0.994521895368));
#9043 = DIRECTION('',(0.,-0.994521895368,-0.104528463268));
#9044 = PCURVE('',#4709,#9045);
#9045 = DEFINITIONAL_REPRESENTATION('',(#9046),#9054);
#9046 = ( BOUNDED_CURVE() B_SPLINE_CURVE(2,(#9047,#9048,#9049,#9050,
#9051,#9052,#9053),.UNSPECIFIED.,.T.,.F.) B_SPLINE_CURVE_WITH_KNOTS((1,2
    ,2,2,2,1),(-2.094395102393,0.,2.094395102393,4.188790204786,
6.28318530718,8.377580409573),.UNSPECIFIED.) CURVE() 
GEOMETRIC_REPRESENTATION_ITEM() RATIONAL_B_SPLINE_CURVE((1.,0.5,1.,0.5,
1.,0.5,1.)) REPRESENTATION_ITEM('') );
#9047 = CARTESIAN_POINT('',(20.5,1.110223024625E-16));
#9048 = CARTESIAN_POINT('',(19.633974596216,1.110223024625E-16));
#9049 = CARTESIAN_POINT('',(20.066987298108,0.75));
#9050 = CARTESIAN_POINT('',(20.5,1.5));
#9051 = CARTESIAN_POINT('',(20.933012701892,0.75));
#9052 = CARTESIAN_POINT('',(21.366025403784,8.881784197001E-16));
#9053 = CARTESIAN_POINT('',(20.5,1.110223024625E-16));
#9054 = ( GEOMETRIC_REPRESENTATION_CONTEXT(2) 
PARAMETRIC_REPRESENTATION_CONTEXT() REPRESENTATION_CONTEXT('2D SPACE',''
  ) );
#9055 = PCURVE('',#5240,#9056);
#9056 = DEFINITIONAL_REPRESENTATION('',(#9057),#9061);
#9057 = LINE('',#9058,#9059);
#9058 = CARTESIAN_POINT('',(4.712388980385,3.35));
#9059 = VECTOR('',#9060,1.);
#9060 = DIRECTION('',(-1.,0.));
#9061 = ( GEOMETRIC_REPRESENTATION_CONTEXT(2) 
PARAMETRIC_REPRESENTATION_CONTEXT() REPRESENTATION_CONTEXT('2D SPACE',''
  ) );
#9062 = ORIENTED_EDGE('',*,*,#5201,.T.);
#9063 = ORIENTED_EDGE('',*,*,#5127,.T.);
#9064 = ORIENTED_EDGE('',*,*,#4955,.F.);
#9065 = ORIENTED_EDGE('',*,*,#4870,.F.);
#9066 = ADVANCED_FACE('',(#9067),#4737,.F.);
#9067 = FACE_BOUND('',#9068,.F.);
#9068 = EDGE_LOOP('',(#9069,#9070,#9071,#9092));
#9069 = ORIENTED_EDGE('',*,*,#4721,.F.);
#9070 = ORIENTED_EDGE('',*,*,#8316,.T.);
#9071 = ORIENTED_EDGE('',*,*,#9072,.T.);
#9072 = EDGE_CURVE('',#8289,#8991,#9073,.T.);
#9073 = SURFACE_CURVE('',#9074,(#9078,#9085),.PCURVE_S1.);
#9074 = LINE('',#9075,#9076);
#9075 = CARTESIAN_POINT('',(60.,143.3945014573,28.494904949146));
#9076 = VECTOR('',#9077,1.);
#9077 = DIRECTION('',(0.,-0.104528463268,0.994521895368));
#9078 = PCURVE('',#4737,#9079);
#9079 = DEFINITIONAL_REPRESENTATION('',(#9080),#9084);
#9080 = LINE('',#9081,#9082);
#9081 = CARTESIAN_POINT('',(1.570796326795,0.));
#9082 = VECTOR('',#9083,1.);
#9083 = DIRECTION('',(0.,1.));
#9084 = ( GEOMETRIC_REPRESENTATION_CONTEXT(2) 
PARAMETRIC_REPRESENTATION_CONTEXT() REPRESENTATION_CONTEXT('2D SPACE',''
  ) );
#9085 = PCURVE('',#8304,#9086);
#9086 = DEFINITIONAL_REPRESENTATION('',(#9087),#9091);
#9087 = LINE('',#9088,#9089);
#9088 = CARTESIAN_POINT('',(0.,0.5));
#9089 = VECTOR('',#9090,1.);
#9090 = DIRECTION('',(1.,0.));
#9091 = ( GEOMETRIC_REPRESENTATION_CONTEXT(2) 
PARAMETRIC_REPRESENTATION_CONTEXT() REPRESENTATION_CONTEXT('2D SPACE',''
  ) );
#9092 = ORIENTED_EDGE('',*,*,#8990,.F.);
#9093 = ADVANCED_FACE('',(#9094),#5087,.F.);
#9094 = FACE_BOUND('',#9095,.F.);
#9095 = EDGE_LOOP('',(#9096,#9097,#9098,#9119));
#9096 = ORIENTED_EDGE('',*,*,#5073,.F.);
#9097 = ORIENTED_EDGE('',*,*,#7927,.T.);
#9098 = ORIENTED_EDGE('',*,*,#9099,.T.);
#9099 = EDGE_CURVE('',#7900,#8887,#9100,.T.);
#9100 = SURFACE_CURVE('',#9101,(#9105,#9112),.PCURVE_S1.);
#9101 = LINE('',#9102,#9103);
#9102 = CARTESIAN_POINT('',(189.30625,11.533329655164,14.635737325646));
#9103 = VECTOR('',#9104,1.);
#9104 = DIRECTION('',(0.,-0.104528463268,0.994521895368));
#9105 = PCURVE('',#5087,#9106);
#9106 = DEFINITIONAL_REPRESENTATION('',(#9107),#9111);
#9107 = LINE('',#9108,#9109);
#9108 = CARTESIAN_POINT('',(1.570796326795,0.));
#9109 = VECTOR('',#9110,1.);
#9110 = DIRECTION('',(0.,1.));
#9111 = ( GEOMETRIC_REPRESENTATION_CONTEXT(2) 
PARAMETRIC_REPRESENTATION_CONTEXT() REPRESENTATION_CONTEXT('2D SPACE',''
  ) );
#9112 = PCURVE('',#7915,#9113);
#9113 = DEFINITIONAL_REPRESENTATION('',(#9114),#9118);
#9114 = LINE('',#9115,#9116);
#9115 = CARTESIAN_POINT('',(0.,20.5));
#9116 = VECTOR('',#9117,1.);
#9117 = DIRECTION('',(1.,0.));
#9118 = ( GEOMETRIC_REPRESENTATION_CONTEXT(2) 
PARAMETRIC_REPRESENTATION_CONTEXT() REPRESENTATION_CONTEXT('2D SPACE',''
  ) );
#9119 = ORIENTED_EDGE('',*,*,#8886,.F.);
#9120 = ADVANCED_FACE('',(#9121),#5240,.F.);
#9121 = FACE_BOUND('',#9122,.T.);
#9122 = EDGE_LOOP('',(#9123,#9124,#9125,#9146));
#9123 = ORIENTED_EDGE('',*,*,#5224,.F.);
#9124 = ORIENTED_EDGE('',*,*,#8264,.F.);
#9125 = ORIENTED_EDGE('',*,*,#9126,.T.);
#9126 = EDGE_CURVE('',#8265,#9015,#9127,.T.);
#9127 = SURFACE_CURVE('',#9128,(#9132,#9139),.PCURVE_S1.);
#9128 = LINE('',#9129,#9130);
#9129 = CARTESIAN_POINT('',(80.,143.3945014573,28.494904949146));
#9130 = VECTOR('',#9131,1.);
#9131 = DIRECTION('',(0.,-0.104528463268,0.994521895368));
#9132 = PCURVE('',#5240,#9133);
#9133 = DEFINITIONAL_REPRESENTATION('',(#9134),#9138);
#9134 = LINE('',#9135,#9136);
#9135 = CARTESIAN_POINT('',(-1.570796326795,0.));
#9136 = VECTOR('',#9137,1.);
#9137 = DIRECTION('',(-0.,1.));
#9138 = ( GEOMETRIC_REPRESENTATION_CONTEXT(2) 
PARAMETRIC_REPRESENTATION_CONTEXT() REPRESENTATION_CONTEXT('2D SPACE',''
  ) );
#9139 = PCURVE('',#8304,#9140);
#9140 = DEFINITIONAL_REPRESENTATION('',(#9141),#9145);
#9141 = LINE('',#9142,#9143);
#9142 = CARTESIAN_POINT('',(0.,20.5));
#9143 = VECTOR('',#9144,1.);
#9144 = DIRECTION('',(1.,0.));
#9145 = ( GEOMETRIC_REPRESENTATION_CONTEXT(2) 
PARAMETRIC_REPRESENTATION_CONTEXT() REPRESENTATION_CONTEXT('2D SPACE',''
  ) );
#9146 = ORIENTED_EDGE('',*,*,#9037,.F.);
#9147 = ADVANCED_FACE('',(#9148),#5319,.F.);
#9148 = FACE_BOUND('',#9149,.F.);
#9149 = EDGE_LOOP('',(#9150,#9151,#9152,#9153,#9154,#9155,#9179,#9202));
#9150 = ORIENTED_EDGE('',*,*,#5301,.F.);
#9151 = ORIENTED_EDGE('',*,*,#5480,.T.);
#9152 = ORIENTED_EDGE('',*,*,#5612,.T.);
#9153 = ORIENTED_EDGE('',*,*,#5738,.F.);
#9154 = ORIENTED_EDGE('',*,*,#5816,.T.);
#9155 = ORIENTED_EDGE('',*,*,#9156,.T.);
#9156 = EDGE_CURVE('',#5817,#9157,#9159,.T.);
#9157 = VERTEX_POINT('',#9158);
#9158 = CARTESIAN_POINT('',(298.6125,11.183159303218,17.96738567513));
#9159 = SURFACE_CURVE('',#9160,(#9165,#9172),.PCURVE_S1.);
#9160 = CIRCLE('',#9161,0.5);
#9161 = AXIS2_PLACEMENT_3D('',#9162,#9163,#9164);
#9162 = CARTESIAN_POINT('',(298.6125,10.685898355534,17.915121443496));
#9163 = DIRECTION('',(0.,-0.104528463268,0.994521895368));
#9164 = DIRECTION('',(0.,-0.994521895368,-0.104528463268));
#9165 = PCURVE('',#5319,#9166);
#9166 = DEFINITIONAL_REPRESENTATION('',(#9167),#9171);
#9167 = CIRCLE('',#9168,0.5);
#9168 = AXIS2_PLACEMENT_2D('',#9169,#9170);
#9169 = CARTESIAN_POINT('',(20.5,6.5));
#9170 = DIRECTION('',(0.,-1.));
#9171 = ( GEOMETRIC_REPRESENTATION_CONTEXT(2) 
PARAMETRIC_REPRESENTATION_CONTEXT() REPRESENTATION_CONTEXT('2D SPACE',''
  ) );
#9172 = PCURVE('',#5901,#9173);
#9173 = DEFINITIONAL_REPRESENTATION('',(#9174),#9178);
#9174 = LINE('',#9175,#9176);
#9175 = CARTESIAN_POINT('',(-1.570796326795,3.35));
#9176 = VECTOR('',#9177,1.);
#9177 = DIRECTION('',(1.,0.));
#9178 = ( GEOMETRIC_REPRESENTATION_CONTEXT(2) 
PARAMETRIC_REPRESENTATION_CONTEXT() REPRESENTATION_CONTEXT('2D SPACE',''
  ) );
#9179 = ORIENTED_EDGE('',*,*,#9180,.F.);
#9180 = EDGE_CURVE('',#9181,#9157,#9183,.T.);
#9181 = VERTEX_POINT('',#9182);
#9182 = CARTESIAN_POINT('',(278.6125,11.183159303218,17.96738567513));
#9183 = SURFACE_CURVE('',#9184,(#9188,#9195),.PCURVE_S1.);
#9184 = LINE('',#9185,#9186);
#9185 = CARTESIAN_POINT('',(278.1125,11.183159303218,17.96738567513));
#9186 = VECTOR('',#9187,1.);
#9187 = DIRECTION('',(1.,0.,0.));
#9188 = PCURVE('',#5319,#9189);
#9189 = DEFINITIONAL_REPRESENTATION('',(#9190),#9194);
#9190 = LINE('',#9191,#9192);
#9191 = CARTESIAN_POINT('',(0.,7.));
#9192 = VECTOR('',#9193,1.);
#9193 = DIRECTION('',(1.,0.));
#9194 = ( GEOMETRIC_REPRESENTATION_CONTEXT(2) 
PARAMETRIC_REPRESENTATION_CONTEXT() REPRESENTATION_CONTEXT('2D SPACE',''
  ) );
#9195 = PCURVE('',#7992,#9196);
#9196 = DEFINITIONAL_REPRESENTATION('',(#9197),#9201);
#9197 = LINE('',#9198,#9199);
#9198 = CARTESIAN_POINT('',(3.35,0.));
#9199 = VECTOR('',#9200,1.);
#9200 = DIRECTION('',(0.,1.));
#9201 = ( GEOMETRIC_REPRESENTATION_CONTEXT(2) 
PARAMETRIC_REPRESENTATION_CONTEXT() REPRESENTATION_CONTEXT('2D SPACE',''
  ) );
#9202 = ORIENTED_EDGE('',*,*,#9203,.F.);
#9203 = EDGE_CURVE('',#5304,#9181,#9204,.T.);
#9204 = SURFACE_CURVE('',#9205,(#9210,#9221),.PCURVE_S1.);
#9205 = CIRCLE('',#9206,0.5);
#9206 = AXIS2_PLACEMENT_3D('',#9207,#9208,#9209);
#9207 = CARTESIAN_POINT('',(278.6125,10.685898355534,17.915121443496));
#9208 = DIRECTION('',(0.,0.104528463268,-0.994521895368));
#9209 = DIRECTION('',(0.,-0.994521895368,-0.104528463268));
#9210 = PCURVE('',#5319,#9211);
#9211 = DEFINITIONAL_REPRESENTATION('',(#9212),#9220);
#9212 = ( BOUNDED_CURVE() B_SPLINE_CURVE(2,(#9213,#9214,#9215,#9216,
#9217,#9218,#9219),.UNSPECIFIED.,.T.,.F.) B_SPLINE_CURVE_WITH_KNOTS((1,2
    ,2,2,2,1),(-2.094395102393,0.,2.094395102393,4.188790204786,
6.28318530718,8.377580409573),.UNSPECIFIED.) CURVE() 
GEOMETRIC_REPRESENTATION_ITEM() RATIONAL_B_SPLINE_CURVE((1.,0.5,1.,0.5,
1.,0.5,1.)) REPRESENTATION_ITEM('') );
#9213 = CARTESIAN_POINT('',(0.5,6.));
#9214 = CARTESIAN_POINT('',(-0.366025403784,6.));
#9215 = CARTESIAN_POINT('',(6.698729810778E-02,6.75));
#9216 = CARTESIAN_POINT('',(0.5,7.5));
#9217 = CARTESIAN_POINT('',(0.933012701892,6.75));
#9218 = CARTESIAN_POINT('',(1.366025403784,6.));
#9219 = CARTESIAN_POINT('',(0.5,6.));
#9220 = ( GEOMETRIC_REPRESENTATION_CONTEXT(2) 
PARAMETRIC_REPRESENTATION_CONTEXT() REPRESENTATION_CONTEXT('2D SPACE',''
  ) );
#9221 = PCURVE('',#5391,#9222);
#9222 = DEFINITIONAL_REPRESENTATION('',(#9223),#9227);
#9223 = LINE('',#9224,#9225);
#9224 = CARTESIAN_POINT('',(1.570796326795,3.35));
#9225 = VECTOR('',#9226,1.);
#9226 = DIRECTION('',(-1.,0.));
#9227 = ( GEOMETRIC_REPRESENTATION_CONTEXT(2) 
PARAMETRIC_REPRESENTATION_CONTEXT() REPRESENTATION_CONTEXT('2D SPACE',''
  ) );
#9228 = ADVANCED_FACE('',(#9229),#5391,.F.);
#9229 = FACE_BOUND('',#9230,.T.);
#9230 = EDGE_LOOP('',(#9231,#9232,#9233,#9254));
#9231 = ORIENTED_EDGE('',*,*,#5377,.F.);
#9232 = ORIENTED_EDGE('',*,*,#7952,.F.);
#9233 = ORIENTED_EDGE('',*,*,#9234,.T.);
#9234 = EDGE_CURVE('',#7953,#9181,#9235,.T.);
#9235 = SURFACE_CURVE('',#9236,(#9240,#9247),.PCURVE_S1.);
#9236 = LINE('',#9237,#9238);
#9237 = CARTESIAN_POINT('',(278.6125,11.533329655164,14.635737325646));
#9238 = VECTOR('',#9239,1.);
#9239 = DIRECTION('',(0.,-0.104528463268,0.994521895368));
#9240 = PCURVE('',#5391,#9241);
#9241 = DEFINITIONAL_REPRESENTATION('',(#9242),#9246);
#9242 = LINE('',#9243,#9244);
#9243 = CARTESIAN_POINT('',(-1.570796326795,0.));
#9244 = VECTOR('',#9245,1.);
#9245 = DIRECTION('',(-0.,1.));
#9246 = ( GEOMETRIC_REPRESENTATION_CONTEXT(2) 
PARAMETRIC_REPRESENTATION_CONTEXT() REPRESENTATION_CONTEXT('2D SPACE',''
  ) );
#9247 = PCURVE('',#7992,#9248);
#9248 = DEFINITIONAL_REPRESENTATION('',(#9249),#9253);
#9249 = LINE('',#9250,#9251);
#9250 = CARTESIAN_POINT('',(0.,0.5));
#9251 = VECTOR('',#9252,1.);
#9252 = DIRECTION('',(1.,0.));
#9253 = ( GEOMETRIC_REPRESENTATION_CONTEXT(2) 
PARAMETRIC_REPRESENTATION_CONTEXT() REPRESENTATION_CONTEXT('2D SPACE',''
  ) );
#9254 = ORIENTED_EDGE('',*,*,#9203,.F.);
#9255 = ADVANCED_FACE('',(#9256),#5523,.F.);
#9256 = FACE_BOUND('',#9257,.F.);
#9257 = EDGE_LOOP('',(#9258,#9259,#9283,#9306,#9332,#9333,#9334,#9335));
#9258 = ORIENTED_EDGE('',*,*,#5505,.F.);
#9259 = ORIENTED_EDGE('',*,*,#9260,.T.);
#9260 = EDGE_CURVE('',#5506,#9261,#9263,.T.);
#9261 = VERTEX_POINT('',#9262);
#9262 = CARTESIAN_POINT('',(169.30625,143.04433110535,31.82655329863));
#9263 = SURFACE_CURVE('',#9264,(#9269,#9276),.PCURVE_S1.);
#9264 = CIRCLE('',#9265,0.5);
#9265 = AXIS2_PLACEMENT_3D('',#9266,#9267,#9268);
#9266 = CARTESIAN_POINT('',(169.30625,143.54159205304,31.878817530263));
#9267 = DIRECTION('',(0.,-0.104528463268,0.994521895368));
#9268 = DIRECTION('',(0.,-0.994521895368,-0.104528463268));
#9269 = PCURVE('',#5523,#9270);
#9270 = DEFINITIONAL_REPRESENTATION('',(#9271),#9275);
#9271 = CIRCLE('',#9272,0.5);
#9272 = AXIS2_PLACEMENT_2D('',#9273,#9274);
#9273 = CARTESIAN_POINT('',(0.5,0.5));
#9274 = DIRECTION('',(0.,-1.));
#9275 = ( GEOMETRIC_REPRESENTATION_CONTEXT(2) 
PARAMETRIC_REPRESENTATION_CONTEXT() REPRESENTATION_CONTEXT('2D SPACE',''
  ) );
#9276 = PCURVE('',#5551,#9277);
#9277 = DEFINITIONAL_REPRESENTATION('',(#9278),#9282);
#9278 = LINE('',#9279,#9280);
#9279 = CARTESIAN_POINT('',(-4.712388980385,3.35));
#9280 = VECTOR('',#9281,1.);
#9281 = DIRECTION('',(1.,0.));
#9282 = ( GEOMETRIC_REPRESENTATION_CONTEXT(2) 
PARAMETRIC_REPRESENTATION_CONTEXT() REPRESENTATION_CONTEXT('2D SPACE',''
  ) );
#9283 = ORIENTED_EDGE('',*,*,#9284,.T.);
#9284 = EDGE_CURVE('',#9261,#9285,#9287,.T.);
#9285 = VERTEX_POINT('',#9286);
#9286 = CARTESIAN_POINT('',(189.30625,143.04433110535,31.82655329863));
#9287 = SURFACE_CURVE('',#9288,(#9292,#9299),.PCURVE_S1.);
#9288 = LINE('',#9289,#9290);
#9289 = CARTESIAN_POINT('',(168.80625,143.04433110535,31.82655329863));
#9290 = VECTOR('',#9291,1.);
#9291 = DIRECTION('',(1.,0.,0.));
#9292 = PCURVE('',#5523,#9293);
#9293 = DEFINITIONAL_REPRESENTATION('',(#9294),#9298);
#9294 = LINE('',#9295,#9296);
#9295 = CARTESIAN_POINT('',(0.,0.));
#9296 = VECTOR('',#9297,1.);
#9297 = DIRECTION('',(1.,0.));
#9298 = ( GEOMETRIC_REPRESENTATION_CONTEXT(2) 
PARAMETRIC_REPRESENTATION_CONTEXT() REPRESENTATION_CONTEXT('2D SPACE',''
  ) );
#9299 = PCURVE('',#8227,#9300);
#9300 = DEFINITIONAL_REPRESENTATION('',(#9301),#9305);
#9301 = LINE('',#9302,#9303);
#9302 = CARTESIAN_POINT('',(3.35,0.));
#9303 = VECTOR('',#9304,1.);
#9304 = DIRECTION('',(0.,1.));
#9305 = ( GEOMETRIC_REPRESENTATION_CONTEXT(2) 
PARAMETRIC_REPRESENTATION_CONTEXT() REPRESENTATION_CONTEXT('2D SPACE',''
  ) );
#9306 = ORIENTED_EDGE('',*,*,#9307,.F.);
#9307 = EDGE_CURVE('',#6016,#9285,#9308,.T.);
#9308 = SURFACE_CURVE('',#9309,(#9314,#9325),.PCURVE_S1.);
#9309 = CIRCLE('',#9310,0.5);
#9310 = AXIS2_PLACEMENT_3D('',#9311,#9312,#9313);
#9311 = CARTESIAN_POINT('',(189.30625,143.54159205304,31.878817530263));
#9312 = DIRECTION('',(0.,0.104528463268,-0.994521895368));
#9313 = DIRECTION('',(0.,-0.994521895368,-0.104528463268));
#9314 = PCURVE('',#5523,#9315);
#9315 = DEFINITIONAL_REPRESENTATION('',(#9316),#9324);
#9316 = ( BOUNDED_CURVE() B_SPLINE_CURVE(2,(#9317,#9318,#9319,#9320,
#9321,#9322,#9323),.UNSPECIFIED.,.T.,.F.) B_SPLINE_CURVE_WITH_KNOTS((1,2
    ,2,2,2,1),(-2.094395102393,0.,2.094395102393,4.188790204786,
6.28318530718,8.377580409573),.UNSPECIFIED.) CURVE() 
GEOMETRIC_REPRESENTATION_ITEM() RATIONAL_B_SPLINE_CURVE((1.,0.5,1.,0.5,
1.,0.5,1.)) REPRESENTATION_ITEM('') );
#9317 = CARTESIAN_POINT('',(20.5,1.110223024625E-16));
#9318 = CARTESIAN_POINT('',(19.633974596216,1.110223024625E-16));
#9319 = CARTESIAN_POINT('',(20.066987298108,0.75));
#9320 = CARTESIAN_POINT('',(20.5,1.5));
#9321 = CARTESIAN_POINT('',(20.933012701892,0.75));
#9322 = CARTESIAN_POINT('',(21.366025403784,8.881784197001E-16));
#9323 = CARTESIAN_POINT('',(20.5,1.110223024625E-16));
#9324 = ( GEOMETRIC_REPRESENTATION_CONTEXT(2) 
PARAMETRIC_REPRESENTATION_CONTEXT() REPRESENTATION_CONTEXT('2D SPACE',''
  ) );
#9325 = PCURVE('',#6054,#9326);
#9326 = DEFINITIONAL_REPRESENTATION('',(#9327),#9331);
#9327 = LINE('',#9328,#9329);
#9328 = CARTESIAN_POINT('',(4.712388980385,3.35));
#9329 = VECTOR('',#9330,1.);
#9330 = DIRECTION('',(-1.,0.));
#9331 = ( GEOMETRIC_REPRESENTATION_CONTEXT(2) 
PARAMETRIC_REPRESENTATION_CONTEXT() REPRESENTATION_CONTEXT('2D SPACE',''
  ) );
#9332 = ORIENTED_EDGE('',*,*,#6015,.T.);
#9333 = ORIENTED_EDGE('',*,*,#5941,.T.);
#9334 = ORIENTED_EDGE('',*,*,#5769,.F.);
#9335 = ORIENTED_EDGE('',*,*,#5684,.F.);
#9336 = ADVANCED_FACE('',(#9337),#5551,.F.);
#9337 = FACE_BOUND('',#9338,.F.);
#9338 = EDGE_LOOP('',(#9339,#9340,#9341,#9362));
#9339 = ORIENTED_EDGE('',*,*,#5535,.F.);
#9340 = ORIENTED_EDGE('',*,*,#8239,.T.);
#9341 = ORIENTED_EDGE('',*,*,#9342,.T.);
#9342 = EDGE_CURVE('',#8212,#9261,#9343,.T.);
#9343 = SURFACE_CURVE('',#9344,(#9348,#9355),.PCURVE_S1.);
#9344 = LINE('',#9345,#9346);
#9345 = CARTESIAN_POINT('',(169.30625,143.3945014573,28.494904949146));
#9346 = VECTOR('',#9347,1.);
#9347 = DIRECTION('',(0.,-0.104528463268,0.994521895368));
#9348 = PCURVE('',#5551,#9349);
#9349 = DEFINITIONAL_REPRESENTATION('',(#9350),#9354);
#9350 = LINE('',#9351,#9352);
#9351 = CARTESIAN_POINT('',(1.570796326795,0.));
#9352 = VECTOR('',#9353,1.);
#9353 = DIRECTION('',(0.,1.));
#9354 = ( GEOMETRIC_REPRESENTATION_CONTEXT(2) 
PARAMETRIC_REPRESENTATION_CONTEXT() REPRESENTATION_CONTEXT('2D SPACE',''
  ) );
#9355 = PCURVE('',#8227,#9356);
#9356 = DEFINITIONAL_REPRESENTATION('',(#9357),#9361);
#9357 = LINE('',#9358,#9359);
#9358 = CARTESIAN_POINT('',(0.,0.5));
#9359 = VECTOR('',#9360,1.);
#9360 = DIRECTION('',(1.,0.));
#9361 = ( GEOMETRIC_REPRESENTATION_CONTEXT(2) 
PARAMETRIC_REPRESENTATION_CONTEXT() REPRESENTATION_CONTEXT('2D SPACE',''
  ) );
#9362 = ORIENTED_EDGE('',*,*,#9260,.F.);
#9363 = ADVANCED_FACE('',(#9364),#5901,.F.);
#9364 = FACE_BOUND('',#9365,.F.);
#9365 = EDGE_LOOP('',(#9366,#9367,#9368,#9389));
#9366 = ORIENTED_EDGE('',*,*,#5887,.F.);
#9367 = ORIENTED_EDGE('',*,*,#8004,.T.);
#9368 = ORIENTED_EDGE('',*,*,#9369,.T.);
#9369 = EDGE_CURVE('',#7977,#9157,#9370,.T.);
#9370 = SURFACE_CURVE('',#9371,(#9375,#9382),.PCURVE_S1.);
#9371 = LINE('',#9372,#9373);
#9372 = CARTESIAN_POINT('',(298.6125,11.533329655164,14.635737325646));
#9373 = VECTOR('',#9374,1.);
#9374 = DIRECTION('',(0.,-0.104528463268,0.994521895368));
#9375 = PCURVE('',#5901,#9376);
#9376 = DEFINITIONAL_REPRESENTATION('',(#9377),#9381);
#9377 = LINE('',#9378,#9379);
#9378 = CARTESIAN_POINT('',(1.570796326795,0.));
#9379 = VECTOR('',#9380,1.);
#9380 = DIRECTION('',(0.,1.));
#9381 = ( GEOMETRIC_REPRESENTATION_CONTEXT(2) 
PARAMETRIC_REPRESENTATION_CONTEXT() REPRESENTATION_CONTEXT('2D SPACE',''
  ) );
#9382 = PCURVE('',#7992,#9383);
#9383 = DEFINITIONAL_REPRESENTATION('',(#9384),#9388);
#9384 = LINE('',#9385,#9386);
#9385 = CARTESIAN_POINT('',(0.,20.5));
#9386 = VECTOR('',#9387,1.);
#9387 = DIRECTION('',(1.,0.));
#9388 = ( GEOMETRIC_REPRESENTATION_CONTEXT(2) 
PARAMETRIC_REPRESENTATION_CONTEXT() REPRESENTATION_CONTEXT('2D SPACE',''
  ) );
#9389 = ORIENTED_EDGE('',*,*,#9156,.F.);
#9390 = ADVANCED_FACE('',(#9391),#6054,.F.);
#9391 = FACE_BOUND('',#9392,.T.);
#9392 = EDGE_LOOP('',(#9393,#9394,#9395,#9416));
#9393 = ORIENTED_EDGE('',*,*,#6038,.F.);
#9394 = ORIENTED_EDGE('',*,*,#8187,.F.);
#9395 = ORIENTED_EDGE('',*,*,#9396,.T.);
#9396 = EDGE_CURVE('',#8188,#9285,#9397,.T.);
#9397 = SURFACE_CURVE('',#9398,(#9402,#9409),.PCURVE_S1.);
#9398 = LINE('',#9399,#9400);
#9399 = CARTESIAN_POINT('',(189.30625,143.3945014573,28.494904949146));
#9400 = VECTOR('',#9401,1.);
#9401 = DIRECTION('',(0.,-0.104528463268,0.994521895368));
#9402 = PCURVE('',#6054,#9403);
#9403 = DEFINITIONAL_REPRESENTATION('',(#9404),#9408);
#9404 = LINE('',#9405,#9406);
#9405 = CARTESIAN_POINT('',(-1.570796326795,0.));
#9406 = VECTOR('',#9407,1.);
#9407 = DIRECTION('',(-0.,1.));
#9408 = ( GEOMETRIC_REPRESENTATION_CONTEXT(2) 
PARAMETRIC_REPRESENTATION_CONTEXT() REPRESENTATION_CONTEXT('2D SPACE',''
  ) );
#9409 = PCURVE('',#8227,#9410);
#9410 = DEFINITIONAL_REPRESENTATION('',(#9411),#9415);
#9411 = LINE('',#9412,#9413);
#9412 = CARTESIAN_POINT('',(0.,20.5));
#9413 = VECTOR('',#9414,1.);
#9414 = DIRECTION('',(1.,0.));
#9415 = ( GEOMETRIC_REPRESENTATION_CONTEXT(2) 
PARAMETRIC_REPRESENTATION_CONTEXT() REPRESENTATION_CONTEXT('2D SPACE',''
  ) );
#9416 = ORIENTED_EDGE('',*,*,#9307,.F.);
#9417 = ADVANCED_FACE('',(#9418),#6285,.F.);
#9418 = FACE_BOUND('',#9419,.F.);
#9419 = EDGE_LOOP('',(#9420,#9421,#9445,#9468,#9494,#9495,#9496,#9497));
#9420 = ORIENTED_EDGE('',*,*,#6267,.F.);
#9421 = ORIENTED_EDGE('',*,*,#9422,.T.);
#9422 = EDGE_CURVE('',#6268,#9423,#9425,.T.);
#9423 = VERTEX_POINT('',#9424);
#9424 = CARTESIAN_POINT('',(278.6125,143.04433110535,31.82655329863));
#9425 = SURFACE_CURVE('',#9426,(#9431,#9438),.PCURVE_S1.);
#9426 = CIRCLE('',#9427,0.5);
#9427 = AXIS2_PLACEMENT_3D('',#9428,#9429,#9430);
#9428 = CARTESIAN_POINT('',(278.6125,143.54159205304,31.878817530263));
#9429 = DIRECTION('',(0.,-0.104528463268,0.994521895368));
#9430 = DIRECTION('',(0.,-0.994521895368,-0.104528463268));
#9431 = PCURVE('',#6285,#9432);
#9432 = DEFINITIONAL_REPRESENTATION('',(#9433),#9437);
#9433 = CIRCLE('',#9434,0.5);
#9434 = AXIS2_PLACEMENT_2D('',#9435,#9436);
#9435 = CARTESIAN_POINT('',(0.5,0.5));
#9436 = DIRECTION('',(0.,-1.));
#9437 = ( GEOMETRIC_REPRESENTATION_CONTEXT(2) 
PARAMETRIC_REPRESENTATION_CONTEXT() REPRESENTATION_CONTEXT('2D SPACE',''
  ) );
#9438 = PCURVE('',#6313,#9439);
#9439 = DEFINITIONAL_REPRESENTATION('',(#9440),#9444);
#9440 = LINE('',#9441,#9442);
#9441 = CARTESIAN_POINT('',(-4.712388980385,3.35));
#9442 = VECTOR('',#9443,1.);
#9443 = DIRECTION('',(1.,0.));
#9444 = ( GEOMETRIC_REPRESENTATION_CONTEXT(2) 
PARAMETRIC_REPRESENTATION_CONTEXT() REPRESENTATION_CONTEXT('2D SPACE',''
  ) );
#9445 = ORIENTED_EDGE('',*,*,#9446,.T.);
#9446 = EDGE_CURVE('',#9423,#9447,#9449,.T.);
#9447 = VERTEX_POINT('',#9448);
#9448 = CARTESIAN_POINT('',(298.6125,143.04433110535,31.82655329863));
#9449 = SURFACE_CURVE('',#9450,(#9454,#9461),.PCURVE_S1.);
#9450 = LINE('',#9451,#9452);
#9451 = CARTESIAN_POINT('',(278.1125,143.04433110535,31.82655329863));
#9452 = VECTOR('',#9453,1.);
#9453 = DIRECTION('',(1.,0.,0.));
#9454 = PCURVE('',#6285,#9455);
#9455 = DEFINITIONAL_REPRESENTATION('',(#9456),#9460);
#9456 = LINE('',#9457,#9458);
#9457 = CARTESIAN_POINT('',(0.,0.));
#9458 = VECTOR('',#9459,1.);
#9459 = DIRECTION('',(1.,0.));
#9460 = ( GEOMETRIC_REPRESENTATION_CONTEXT(2) 
PARAMETRIC_REPRESENTATION_CONTEXT() REPRESENTATION_CONTEXT('2D SPACE',''
  ) );
#9461 = PCURVE('',#8150,#9462);
#9462 = DEFINITIONAL_REPRESENTATION('',(#9463),#9467);
#9463 = LINE('',#9464,#9465);
#9464 = CARTESIAN_POINT('',(3.35,0.));
#9465 = VECTOR('',#9466,1.);
#9466 = DIRECTION('',(0.,1.));
#9467 = ( GEOMETRIC_REPRESENTATION_CONTEXT(2) 
PARAMETRIC_REPRESENTATION_CONTEXT() REPRESENTATION_CONTEXT('2D SPACE',''
  ) );
#9468 = ORIENTED_EDGE('',*,*,#9469,.F.);
#9469 = EDGE_CURVE('',#6784,#9447,#9470,.T.);
#9470 = SURFACE_CURVE('',#9471,(#9476,#9487),.PCURVE_S1.);
#9471 = CIRCLE('',#9472,0.5);
#9472 = AXIS2_PLACEMENT_3D('',#9473,#9474,#9475);
#9473 = CARTESIAN_POINT('',(298.6125,143.54159205304,31.878817530263));
#9474 = DIRECTION('',(0.,0.104528463268,-0.994521895368));
#9475 = DIRECTION('',(0.,-0.994521895368,-0.104528463268));
#9476 = PCURVE('',#6285,#9477);
#9477 = DEFINITIONAL_REPRESENTATION('',(#9478),#9486);
#9478 = ( BOUNDED_CURVE() B_SPLINE_CURVE(2,(#9479,#9480,#9481,#9482,
#9483,#9484,#9485),.UNSPECIFIED.,.T.,.F.) B_SPLINE_CURVE_WITH_KNOTS((1,2
    ,2,2,2,1),(-2.094395102393,0.,2.094395102393,4.188790204786,
6.28318530718,8.377580409573),.UNSPECIFIED.) CURVE() 
GEOMETRIC_REPRESENTATION_ITEM() RATIONAL_B_SPLINE_CURVE((1.,0.5,1.,0.5,
1.,0.5,1.)) REPRESENTATION_ITEM('') );
#9479 = CARTESIAN_POINT('',(20.5,1.110223024625E-16));
#9480 = CARTESIAN_POINT('',(19.633974596216,1.110223024625E-16));
#9481 = CARTESIAN_POINT('',(20.066987298108,0.75));
#9482 = CARTESIAN_POINT('',(20.5,1.5));
#9483 = CARTESIAN_POINT('',(20.933012701892,0.75));
#9484 = CARTESIAN_POINT('',(21.366025403784,8.881784197001E-16));
#9485 = CARTESIAN_POINT('',(20.5,1.110223024625E-16));
#9486 = ( GEOMETRIC_REPRESENTATION_CONTEXT(2) 
PARAMETRIC_REPRESENTATION_CONTEXT() REPRESENTATION_CONTEXT('2D SPACE',''
  ) );
#9487 = PCURVE('',#6822,#9488);
#9488 = DEFINITIONAL_REPRESENTATION('',(#9489),#9493);
#9489 = LINE('',#9490,#9491);
#9490 = CARTESIAN_POINT('',(4.712388980385,3.35));
#9491 = VECTOR('',#9492,1.);
#9492 = DIRECTION('',(-1.,0.));
#9493 = ( GEOMETRIC_REPRESENTATION_CONTEXT(2) 
PARAMETRIC_REPRESENTATION_CONTEXT() REPRESENTATION_CONTEXT('2D SPACE',''
  ) );
#9494 = ORIENTED_EDGE('',*,*,#6783,.T.);
#9495 = ORIENTED_EDGE('',*,*,#6708,.T.);
#9496 = ORIENTED_EDGE('',*,*,#6587,.F.);
#9497 = ORIENTED_EDGE('',*,*,#6502,.F.);
#9498 = ADVANCED_FACE('',(#9499),#6313,.F.);
#9499 = FACE_BOUND('',#9500,.F.);
#9500 = EDGE_LOOP('',(#9501,#9502,#9503,#9524));
#9501 = ORIENTED_EDGE('',*,*,#6297,.F.);
#9502 = ORIENTED_EDGE('',*,*,#8162,.T.);
#9503 = ORIENTED_EDGE('',*,*,#9504,.T.);
#9504 = EDGE_CURVE('',#8135,#9423,#9505,.T.);
#9505 = SURFACE_CURVE('',#9506,(#9510,#9517),.PCURVE_S1.);
#9506 = LINE('',#9507,#9508);
#9507 = CARTESIAN_POINT('',(278.6125,143.3945014573,28.494904949146));
#9508 = VECTOR('',#9509,1.);
#9509 = DIRECTION('',(0.,-0.104528463268,0.994521895368));
#9510 = PCURVE('',#6313,#9511);
#9511 = DEFINITIONAL_REPRESENTATION('',(#9512),#9516);
#9512 = LINE('',#9513,#9514);
#9513 = CARTESIAN_POINT('',(1.570796326795,0.));
#9514 = VECTOR('',#9515,1.);
#9515 = DIRECTION('',(0.,1.));
#9516 = ( GEOMETRIC_REPRESENTATION_CONTEXT(2) 
PARAMETRIC_REPRESENTATION_CONTEXT() REPRESENTATION_CONTEXT('2D SPACE',''
  ) );
#9517 = PCURVE('',#8150,#9518);
#9518 = DEFINITIONAL_REPRESENTATION('',(#9519),#9523);
#9519 = LINE('',#9520,#9521);
#9520 = CARTESIAN_POINT('',(0.,0.5));
#9521 = VECTOR('',#9522,1.);
#9522 = DIRECTION('',(1.,0.));
#9523 = ( GEOMETRIC_REPRESENTATION_CONTEXT(2) 
PARAMETRIC_REPRESENTATION_CONTEXT() REPRESENTATION_CONTEXT('2D SPACE',''
  ) );
#9524 = ORIENTED_EDGE('',*,*,#9422,.F.);
#9525 = ADVANCED_FACE('',(#9526),#6439,.F.);
#9526 = FACE_BOUND('',#9527,.F.);
#9527 = EDGE_LOOP('',(#9528,#9553,#9575,#9576,#9577,#9578,#9579,#9580));
#9528 = ORIENTED_EDGE('',*,*,#9529,.F.);
#9529 = EDGE_CURVE('',#9530,#9532,#9534,.T.);
#9530 = VERTEX_POINT('',#9531);
#9531 = CARTESIAN_POINT('',(345.6125,67.168526250605,23.851684854203));
#9532 = VERTEX_POINT('',#9533);
#9533 = CARTESIAN_POINT('',(345.6125,87.058964157971,25.942254119556));
#9534 = SURFACE_CURVE('',#9535,(#9539,#9546),.PCURVE_S1.);
#9535 = LINE('',#9536,#9537);
#9536 = CARTESIAN_POINT('',(345.6125,66.671265302921,23.799420622569));
#9537 = VECTOR('',#9538,1.);
#9538 = DIRECTION('',(0.,0.994521895368,0.104528463268));
#9539 = PCURVE('',#6439,#9540);
#9540 = DEFINITIONAL_REPRESENTATION('',(#9541),#9545);
#9541 = LINE('',#9542,#9543);
#9542 = CARTESIAN_POINT('',(0.,0.));
#9543 = VECTOR('',#9544,1.);
#9544 = DIRECTION('',(0.,1.));
#9545 = ( GEOMETRIC_REPRESENTATION_CONTEXT(2) 
PARAMETRIC_REPRESENTATION_CONTEXT() REPRESENTATION_CONTEXT('2D SPACE',''
  ) );
#9546 = PCURVE('',#8071,#9547);
#9547 = DEFINITIONAL_REPRESENTATION('',(#9548),#9552);
#9548 = LINE('',#9549,#9550);
#9549 = CARTESIAN_POINT('',(3.35,5.551115123126E-15));
#9550 = VECTOR('',#9551,1.);
#9551 = DIRECTION('',(0.,-1.));
#9552 = ( GEOMETRIC_REPRESENTATION_CONTEXT(2) 
PARAMETRIC_REPRESENTATION_CONTEXT() REPRESENTATION_CONTEXT('2D SPACE',''
  ) );
#9553 = ORIENTED_EDGE('',*,*,#9554,.T.);
#9554 = EDGE_CURVE('',#9530,#6396,#9555,.T.);
#9555 = SURFACE_CURVE('',#9556,(#9561,#9568),.PCURVE_S1.);
#9556 = CIRCLE('',#9557,0.5);
#9557 = AXIS2_PLACEMENT_3D('',#9558,#9559,#9560);
#9558 = CARTESIAN_POINT('',(346.1125,67.168526250605,23.851684854203));
#9559 = DIRECTION('',(0.,-0.104528463268,0.994521895368));
#9560 = DIRECTION('',(0.,-0.994521895368,-0.104528463268));
#9561 = PCURVE('',#6439,#9562);
#9562 = DEFINITIONAL_REPRESENTATION('',(#9563),#9567);
#9563 = CIRCLE('',#9564,0.5);
#9564 = AXIS2_PLACEMENT_2D('',#9565,#9566);
#9565 = CARTESIAN_POINT('',(0.5,0.5));
#9566 = DIRECTION('',(0.,-1.));
#9567 = ( GEOMETRIC_REPRESENTATION_CONTEXT(2) 
PARAMETRIC_REPRESENTATION_CONTEXT() REPRESENTATION_CONTEXT('2D SPACE',''
  ) );
#9568 = PCURVE('',#6411,#9569);
#9569 = DEFINITIONAL_REPRESENTATION('',(#9570),#9574);
#9570 = LINE('',#9571,#9572);
#9571 = CARTESIAN_POINT('',(-4.712388980385,3.35));
#9572 = VECTOR('',#9573,1.);
#9573 = DIRECTION('',(1.,0.));
#9574 = ( GEOMETRIC_REPRESENTATION_CONTEXT(2) 
PARAMETRIC_REPRESENTATION_CONTEXT() REPRESENTATION_CONTEXT('2D SPACE',''
  ) );
#9575 = ORIENTED_EDGE('',*,*,#6423,.T.);
#9576 = ORIENTED_EDGE('',*,*,#6556,.F.);
#9577 = ORIENTED_EDGE('',*,*,#6634,.T.);
#9578 = ORIENTED_EDGE('',*,*,#6758,.T.);
#9579 = ORIENTED_EDGE('',*,*,#6936,.F.);
#9580 = ORIENTED_EDGE('',*,*,#9581,.F.);
#9581 = EDGE_CURVE('',#9532,#6909,#9582,.T.);
#9582 = SURFACE_CURVE('',#9583,(#9588,#9599),.PCURVE_S1.);
#9583 = CIRCLE('',#9584,0.5);
#9584 = AXIS2_PLACEMENT_3D('',#9585,#9586,#9587);
#9585 = CARTESIAN_POINT('',(346.1125,87.058964157971,25.942254119556));
#9586 = DIRECTION('',(0.,0.104528463268,-0.994521895368));
#9587 = DIRECTION('',(0.,-0.994521895368,-0.104528463268));
#9588 = PCURVE('',#6439,#9589);
#9589 = DEFINITIONAL_REPRESENTATION('',(#9590),#9598);
#9590 = ( BOUNDED_CURVE() B_SPLINE_CURVE(2,(#9591,#9592,#9593,#9594,
#9595,#9596,#9597),.UNSPECIFIED.,.T.,.F.) B_SPLINE_CURVE_WITH_KNOTS((1,2
    ,2,2,2,1),(-2.094395102393,0.,2.094395102393,4.188790204786,
6.28318530718,8.377580409573),.UNSPECIFIED.) CURVE() 
GEOMETRIC_REPRESENTATION_ITEM() RATIONAL_B_SPLINE_CURVE((1.,0.5,1.,0.5,
1.,0.5,1.)) REPRESENTATION_ITEM('') );
#9591 = CARTESIAN_POINT('',(0.5,20.));
#9592 = CARTESIAN_POINT('',(-0.366025403784,20.));
#9593 = CARTESIAN_POINT('',(6.698729810778E-02,20.75));
#9594 = CARTESIAN_POINT('',(0.5,21.5));
#9595 = CARTESIAN_POINT('',(0.933012701892,20.75));
#9596 = CARTESIAN_POINT('',(1.366025403784,20.));
#9597 = CARTESIAN_POINT('',(0.5,20.));
#9598 = ( GEOMETRIC_REPRESENTATION_CONTEXT(2) 
PARAMETRIC_REPRESENTATION_CONTEXT() REPRESENTATION_CONTEXT('2D SPACE',''
  ) );
#9599 = PCURVE('',#6924,#9600);
#9600 = DEFINITIONAL_REPRESENTATION('',(#9601),#9605);
#9601 = LINE('',#9602,#9603);
#9602 = CARTESIAN_POINT('',(1.570796326795,3.35));
#9603 = VECTOR('',#9604,1.);
#9604 = DIRECTION('',(-1.,0.));
#9605 = ( GEOMETRIC_REPRESENTATION_CONTEXT(2) 
PARAMETRIC_REPRESENTATION_CONTEXT() REPRESENTATION_CONTEXT('2D SPACE',''
  ) );
#9606 = ADVANCED_FACE('',(#9607),#6411,.F.);
#9607 = FACE_BOUND('',#9608,.F.);
#9608 = EDGE_LOOP('',(#9609,#9630,#9631,#9632));
#9609 = ORIENTED_EDGE('',*,*,#9610,.F.);
#9610 = EDGE_CURVE('',#8032,#9530,#9611,.T.);
#9611 = SURFACE_CURVE('',#9612,(#9616,#9623),.PCURVE_S1.);
#9612 = LINE('',#9613,#9614);
#9613 = CARTESIAN_POINT('',(345.6125,67.518696602552,20.520036504719));
#9614 = VECTOR('',#9615,1.);
#9615 = DIRECTION('',(0.,-0.104528463268,0.994521895368));
#9616 = PCURVE('',#6411,#9617);
#9617 = DEFINITIONAL_REPRESENTATION('',(#9618),#9622);
#9618 = LINE('',#9619,#9620);
#9619 = CARTESIAN_POINT('',(0.,0.));
#9620 = VECTOR('',#9621,1.);
#9621 = DIRECTION('',(0.,1.));
#9622 = ( GEOMETRIC_REPRESENTATION_CONTEXT(2) 
PARAMETRIC_REPRESENTATION_CONTEXT() REPRESENTATION_CONTEXT('2D SPACE',''
  ) );
#9623 = PCURVE('',#8071,#9624);
#9624 = DEFINITIONAL_REPRESENTATION('',(#9625),#9629);
#9625 = LINE('',#9626,#9627);
#9626 = CARTESIAN_POINT('',(6.800116025829E-16,-0.5));
#9627 = VECTOR('',#9628,1.);
#9628 = DIRECTION('',(1.,0.));
#9629 = ( GEOMETRIC_REPRESENTATION_CONTEXT(2) 
PARAMETRIC_REPRESENTATION_CONTEXT() REPRESENTATION_CONTEXT('2D SPACE',''
  ) );
#9630 = ORIENTED_EDGE('',*,*,#8031,.T.);
#9631 = ORIENTED_EDGE('',*,*,#6395,.T.);
#9632 = ORIENTED_EDGE('',*,*,#9554,.F.);
#9633 = ADVANCED_FACE('',(#9634),#6822,.F.);
#9634 = FACE_BOUND('',#9635,.T.);
#9635 = EDGE_LOOP('',(#9636,#9637,#9638,#9659));
#9636 = ORIENTED_EDGE('',*,*,#6806,.F.);
#9637 = ORIENTED_EDGE('',*,*,#8110,.F.);
#9638 = ORIENTED_EDGE('',*,*,#9639,.T.);
#9639 = EDGE_CURVE('',#8111,#9447,#9640,.T.);
#9640 = SURFACE_CURVE('',#9641,(#9645,#9652),.PCURVE_S1.);
#9641 = LINE('',#9642,#9643);
#9642 = CARTESIAN_POINT('',(298.6125,143.3945014573,28.494904949146));
#9643 = VECTOR('',#9644,1.);
#9644 = DIRECTION('',(0.,-0.104528463268,0.994521895368));
#9645 = PCURVE('',#6822,#9646);
#9646 = DEFINITIONAL_REPRESENTATION('',(#9647),#9651);
#9647 = LINE('',#9648,#9649);
#9648 = CARTESIAN_POINT('',(-1.570796326795,0.));
#9649 = VECTOR('',#9650,1.);
#9650 = DIRECTION('',(-0.,1.));
#9651 = ( GEOMETRIC_REPRESENTATION_CONTEXT(2) 
PARAMETRIC_REPRESENTATION_CONTEXT() REPRESENTATION_CONTEXT('2D SPACE',''
  ) );
#9652 = PCURVE('',#8150,#9653);
#9653 = DEFINITIONAL_REPRESENTATION('',(#9654),#9658);
#9654 = LINE('',#9655,#9656);
#9655 = CARTESIAN_POINT('',(0.,20.5));
#9656 = VECTOR('',#9657,1.);
#9657 = DIRECTION('',(1.,0.));
#9658 = ( GEOMETRIC_REPRESENTATION_CONTEXT(2) 
PARAMETRIC_REPRESENTATION_CONTEXT() REPRESENTATION_CONTEXT('2D SPACE',''
  ) );
#9659 = ORIENTED_EDGE('',*,*,#9469,.F.);
#9660 = ADVANCED_FACE('',(#9661),#6924,.F.);
#9661 = FACE_BOUND('',#9662,.T.);
#9662 = EDGE_LOOP('',(#9663,#9684,#9685,#9686));
#9663 = ORIENTED_EDGE('',*,*,#9664,.F.);
#9664 = EDGE_CURVE('',#8056,#9532,#9665,.T.);
#9665 = SURFACE_CURVE('',#9666,(#9670,#9677),.PCURVE_S1.);
#9666 = LINE('',#9667,#9668);
#9667 = CARTESIAN_POINT('',(345.6125,87.409134509918,22.610605770072));
#9668 = VECTOR('',#9669,1.);
#9669 = DIRECTION('',(0.,-0.104528463268,0.994521895368));
#9670 = PCURVE('',#6924,#9671);
#9671 = DEFINITIONAL_REPRESENTATION('',(#9672),#9676);
#9672 = LINE('',#9673,#9674);
#9673 = CARTESIAN_POINT('',(-0.,0.));
#9674 = VECTOR('',#9675,1.);
#9675 = DIRECTION('',(-0.,1.));
#9676 = ( GEOMETRIC_REPRESENTATION_CONTEXT(2) 
PARAMETRIC_REPRESENTATION_CONTEXT() REPRESENTATION_CONTEXT('2D SPACE',''
  ) );
#9677 = PCURVE('',#8071,#9678);
#9678 = DEFINITIONAL_REPRESENTATION('',(#9679),#9683);
#9679 = LINE('',#9680,#9681);
#9680 = CARTESIAN_POINT('',(4.440892098501E-15,-20.5));
#9681 = VECTOR('',#9682,1.);
#9682 = DIRECTION('',(1.,0.));
#9683 = ( GEOMETRIC_REPRESENTATION_CONTEXT(2) 
PARAMETRIC_REPRESENTATION_CONTEXT() REPRESENTATION_CONTEXT('2D SPACE',''
  ) );
#9684 = ORIENTED_EDGE('',*,*,#8083,.F.);
#9685 = ORIENTED_EDGE('',*,*,#6908,.T.);
#9686 = ORIENTED_EDGE('',*,*,#9581,.F.);
#9687 = ADVANCED_FACE('',(#9688),#7148,.F.);
#9688 = FACE_BOUND('',#9689,.F.);
#9689 = EDGE_LOOP('',(#9690));
#9690 = ORIENTED_EDGE('',*,*,#7133,.T.);
#9691 = ADVANCED_FACE('',(#9692),#7203,.F.);
#9692 = FACE_BOUND('',#9693,.F.);
#9693 = EDGE_LOOP('',(#9694));
#9694 = ORIENTED_EDGE('',*,*,#7188,.T.);
#9695 = ADVANCED_FACE('',(#9696),#7396,.F.);
#9696 = FACE_BOUND('',#9697,.F.);
#9697 = EDGE_LOOP('',(#9698,#9719,#9720,#9741));
#9698 = ORIENTED_EDGE('',*,*,#9699,.F.);
#9699 = EDGE_CURVE('',#8421,#7335,#9700,.T.);
#9700 = SURFACE_CURVE('',#9701,(#9705,#9712),.PCURVE_S1.);
#9701 = LINE('',#9702,#9703);
#9702 = CARTESIAN_POINT('',(14.5,14.516895341269,14.949322715449));
#9703 = VECTOR('',#9704,1.);
#9704 = DIRECTION('',(0.,-0.104528463268,0.994521895368));
#9705 = PCURVE('',#7396,#9706);
#9706 = DEFINITIONAL_REPRESENTATION('',(#9707),#9711);
#9707 = LINE('',#9708,#9709);
#9708 = CARTESIAN_POINT('',(0.,0.));
#9709 = VECTOR('',#9710,1.);
#9710 = DIRECTION('',(0.,1.));
#9711 = ( GEOMETRIC_REPRESENTATION_CONTEXT(2) 
PARAMETRIC_REPRESENTATION_CONTEXT() REPRESENTATION_CONTEXT('2D SPACE',''
  ) );
#9712 = PCURVE('',#7450,#9713);
#9713 = DEFINITIONAL_REPRESENTATION('',(#9714),#9718);
#9714 = LINE('',#9715,#9716);
#9715 = CARTESIAN_POINT('',(1.193489751472E-15,-1.5));
#9716 = VECTOR('',#9717,1.);
#9717 = DIRECTION('',(1.,0.));
#9718 = ( GEOMETRIC_REPRESENTATION_CONTEXT(2) 
PARAMETRIC_REPRESENTATION_CONTEXT() REPRESENTATION_CONTEXT('2D SPACE',''
  ) );
#9719 = ORIENTED_EDGE('',*,*,#8420,.T.);
#9720 = ORIENTED_EDGE('',*,*,#9721,.T.);
#9721 = EDGE_CURVE('',#8423,#7359,#9722,.T.);
#9722 = SURFACE_CURVE('',#9723,(#9727,#9734),.PCURVE_S1.);
#9723 = LINE('',#9724,#9725);
#9724 = CARTESIAN_POINT('',(16.,13.025112498217,14.792530020547));
#9725 = VECTOR('',#9726,1.);
#9726 = DIRECTION('',(0.,-0.104528463268,0.994521895368));
#9727 = PCURVE('',#7396,#9728);
#9728 = DEFINITIONAL_REPRESENTATION('',(#9729),#9733);
#9729 = LINE('',#9730,#9731);
#9730 = CARTESIAN_POINT('',(1.570796326795,0.));
#9731 = VECTOR('',#9732,1.);
#9732 = DIRECTION('',(0.,1.));
#9733 = ( GEOMETRIC_REPRESENTATION_CONTEXT(2) 
PARAMETRIC_REPRESENTATION_CONTEXT() REPRESENTATION_CONTEXT('2D SPACE',''
  ) );
#9734 = PCURVE('',#7504,#9735);
#9735 = DEFINITIONAL_REPRESENTATION('',(#9736),#9740);
#9736 = LINE('',#9737,#9738);
#9737 = CARTESIAN_POINT('',(0.,1.5));
#9738 = VECTOR('',#9739,1.);
#9739 = DIRECTION('',(1.,0.));
#9740 = ( GEOMETRIC_REPRESENTATION_CONTEXT(2) 
PARAMETRIC_REPRESENTATION_CONTEXT() REPRESENTATION_CONTEXT('2D SPACE',''
  ) );
#9741 = ORIENTED_EDGE('',*,*,#7381,.F.);
#9742 = ADVANCED_FACE('',(#9743),#7450,.T.);
#9743 = FACE_BOUND('',#9744,.T.);
#9744 = EDGE_LOOP('',(#9745,#9746,#9767,#9768));
#9745 = ORIENTED_EDGE('',*,*,#8446,.F.);
#9746 = ORIENTED_EDGE('',*,*,#9747,.T.);
#9747 = EDGE_CURVE('',#8447,#7412,#9748,.T.);
#9748 = SURFACE_CURVE('',#9749,(#9753,#9760),.PCURVE_S1.);
#9749 = LINE('',#9750,#9751);
#9750 = CARTESIAN_POINT('',(14.5,140.4109357712,28.181319559343));
#9751 = VECTOR('',#9752,1.);
#9752 = DIRECTION('',(0.,-0.104528463268,0.994521895368));
#9753 = PCURVE('',#7450,#9754);
#9754 = DEFINITIONAL_REPRESENTATION('',(#9755),#9759);
#9755 = LINE('',#9756,#9757);
#9756 = CARTESIAN_POINT('',(-1.7763568394E-15,-128.0875));
#9757 = VECTOR('',#9758,1.);
#9758 = DIRECTION('',(1.,0.));
#9759 = ( GEOMETRIC_REPRESENTATION_CONTEXT(2) 
PARAMETRIC_REPRESENTATION_CONTEXT() REPRESENTATION_CONTEXT('2D SPACE',''
  ) );
#9760 = PCURVE('',#7559,#9761);
#9761 = DEFINITIONAL_REPRESENTATION('',(#9762),#9766);
#9762 = LINE('',#9763,#9764);
#9763 = CARTESIAN_POINT('',(-0.,0.));
#9764 = VECTOR('',#9765,1.);
#9765 = DIRECTION('',(-0.,1.));
#9766 = ( GEOMETRIC_REPRESENTATION_CONTEXT(2) 
PARAMETRIC_REPRESENTATION_CONTEXT() REPRESENTATION_CONTEXT('2D SPACE',''
  ) );
#9767 = ORIENTED_EDGE('',*,*,#7436,.T.);
#9768 = ORIENTED_EDGE('',*,*,#9699,.F.);
#9769 = ADVANCED_FACE('',(#9770),#7504,.T.);
#9770 = FACE_BOUND('',#9771,.T.);
#9771 = EDGE_LOOP('',(#9772,#9793,#9794,#9795));
#9772 = ORIENTED_EDGE('',*,*,#9773,.F.);
#9773 = EDGE_CURVE('',#8564,#7468,#9774,.T.);
#9774 = SURFACE_CURVE('',#9775,(#9779,#9786),.PCURVE_S1.);
#9775 = LINE('',#9776,#9777);
#9776 = CARTESIAN_POINT('',(342.6125,13.025112498217,14.792530020547));
#9777 = VECTOR('',#9778,1.);
#9778 = DIRECTION('',(0.,-0.104528463268,0.994521895368));
#9779 = PCURVE('',#7504,#9780);
#9780 = DEFINITIONAL_REPRESENTATION('',(#9781),#9785);
#9781 = LINE('',#9782,#9783);
#9782 = CARTESIAN_POINT('',(0.,328.1125));
#9783 = VECTOR('',#9784,1.);
#9784 = DIRECTION('',(1.,0.));
#9785 = ( GEOMETRIC_REPRESENTATION_CONTEXT(2) 
PARAMETRIC_REPRESENTATION_CONTEXT() REPRESENTATION_CONTEXT('2D SPACE',''
  ) );
#9786 = PCURVE('',#7614,#9787);
#9787 = DEFINITIONAL_REPRESENTATION('',(#9788),#9792);
#9788 = LINE('',#9789,#9790);
#9789 = CARTESIAN_POINT('',(-1.570796326795,0.));
#9790 = VECTOR('',#9791,1.);
#9791 = DIRECTION('',(-0.,1.));
#9792 = ( GEOMETRIC_REPRESENTATION_CONTEXT(2) 
PARAMETRIC_REPRESENTATION_CONTEXT() REPRESENTATION_CONTEXT('2D SPACE',''
  ) );
#9793 = ORIENTED_EDGE('',*,*,#8587,.F.);
#9794 = ORIENTED_EDGE('',*,*,#9721,.T.);
#9795 = ORIENTED_EDGE('',*,*,#7490,.T.);
#9796 = ADVANCED_FACE('',(#9797),#7559,.F.);
#9797 = FACE_BOUND('',#9798,.T.);
#9798 = EDGE_LOOP('',(#9799,#9800,#9801,#9822));
#9799 = ORIENTED_EDGE('',*,*,#9747,.F.);
#9800 = ORIENTED_EDGE('',*,*,#8469,.F.);
#9801 = ORIENTED_EDGE('',*,*,#9802,.T.);
#9802 = EDGE_CURVE('',#8470,#7520,#9803,.T.);
#9803 = SURFACE_CURVE('',#9804,(#9808,#9815),.PCURVE_S1.);
#9804 = LINE('',#9805,#9806);
#9805 = CARTESIAN_POINT('',(16.,141.90271861425,28.338112254244));
#9806 = VECTOR('',#9807,1.);
#9807 = DIRECTION('',(0.,-0.104528463268,0.994521895368));
#9808 = PCURVE('',#7559,#9809);
#9809 = DEFINITIONAL_REPRESENTATION('',(#9810),#9814);
#9810 = LINE('',#9811,#9812);
#9811 = CARTESIAN_POINT('',(-1.570796326795,0.));
#9812 = VECTOR('',#9813,1.);
#9813 = DIRECTION('',(-0.,1.));
#9814 = ( GEOMETRIC_REPRESENTATION_CONTEXT(2) 
PARAMETRIC_REPRESENTATION_CONTEXT() REPRESENTATION_CONTEXT('2D SPACE',''
  ) );
#9815 = PCURVE('',#7668,#9816);
#9816 = DEFINITIONAL_REPRESENTATION('',(#9817),#9821);
#9817 = LINE('',#9818,#9819);
#9818 = CARTESIAN_POINT('',(0.,1.5));
#9819 = VECTOR('',#9820,1.);
#9820 = DIRECTION('',(1.,0.));
#9821 = ( GEOMETRIC_REPRESENTATION_CONTEXT(2) 
PARAMETRIC_REPRESENTATION_CONTEXT() REPRESENTATION_CONTEXT('2D SPACE',''
  ) );
#9822 = ORIENTED_EDGE('',*,*,#7544,.T.);
#9823 = ADVANCED_FACE('',(#9824),#7614,.F.);
#9824 = FACE_BOUND('',#9825,.T.);
#9825 = EDGE_LOOP('',(#9826,#9847,#9848,#9849));
#9826 = ORIENTED_EDGE('',*,*,#9827,.F.);
#9827 = EDGE_CURVE('',#8541,#7577,#9828,.T.);
#9828 = SURFACE_CURVE('',#9829,(#9833,#9840),.PCURVE_S1.);
#9829 = LINE('',#9830,#9831);
#9830 = CARTESIAN_POINT('',(344.1125,14.516895341269,14.949322715449));
#9831 = VECTOR('',#9832,1.);
#9832 = DIRECTION('',(0.,-0.104528463268,0.994521895368));
#9833 = PCURVE('',#7614,#9834);
#9834 = DEFINITIONAL_REPRESENTATION('',(#9835),#9839);
#9835 = LINE('',#9836,#9837);
#9836 = CARTESIAN_POINT('',(-0.,0.));
#9837 = VECTOR('',#9838,1.);
#9838 = DIRECTION('',(-0.,1.));
#9839 = ( GEOMETRIC_REPRESENTATION_CONTEXT(2) 
PARAMETRIC_REPRESENTATION_CONTEXT() REPRESENTATION_CONTEXT('2D SPACE',''
  ) );
#9840 = PCURVE('',#7722,#9841);
#9841 = DEFINITIONAL_REPRESENTATION('',(#9842),#9846);
#9842 = LINE('',#9843,#9844);
#9843 = CARTESIAN_POINT('',(1.193489751472E-15,-1.5));
#9844 = VECTOR('',#9845,1.);
#9845 = DIRECTION('',(1.,0.));
#9846 = ( GEOMETRIC_REPRESENTATION_CONTEXT(2) 
PARAMETRIC_REPRESENTATION_CONTEXT() REPRESENTATION_CONTEXT('2D SPACE',''
  ) );
#9847 = ORIENTED_EDGE('',*,*,#8563,.F.);
#9848 = ORIENTED_EDGE('',*,*,#9773,.T.);
#9849 = ORIENTED_EDGE('',*,*,#7599,.T.);
#9850 = ADVANCED_FACE('',(#9851),#7668,.F.);
#9851 = FACE_BOUND('',#9852,.F.);
#9852 = EDGE_LOOP('',(#9853,#9874,#9875,#9876));
#9853 = ORIENTED_EDGE('',*,*,#9854,.F.);
#9854 = EDGE_CURVE('',#8494,#7630,#9855,.T.);
#9855 = SURFACE_CURVE('',#9856,(#9860,#9867),.PCURVE_S1.);
#9856 = LINE('',#9857,#9858);
#9857 = CARTESIAN_POINT('',(342.6125,141.90271861425,28.338112254244));
#9858 = VECTOR('',#9859,1.);
#9859 = DIRECTION('',(0.,-0.104528463268,0.994521895368));
#9860 = PCURVE('',#7668,#9861);
#9861 = DEFINITIONAL_REPRESENTATION('',(#9862),#9866);
#9862 = LINE('',#9863,#9864);
#9863 = CARTESIAN_POINT('',(0.,328.1125));
#9864 = VECTOR('',#9865,1.);
#9865 = DIRECTION('',(1.,0.));
#9866 = ( GEOMETRIC_REPRESENTATION_CONTEXT(2) 
PARAMETRIC_REPRESENTATION_CONTEXT() REPRESENTATION_CONTEXT('2D SPACE',''
  ) );
#9867 = PCURVE('',#7755,#9868);
#9868 = DEFINITIONAL_REPRESENTATION('',(#9869),#9873);
#9869 = LINE('',#9870,#9871);
#9870 = CARTESIAN_POINT('',(1.570796326795,0.));
#9871 = VECTOR('',#9872,1.);
#9872 = DIRECTION('',(0.,1.));
#9873 = ( GEOMETRIC_REPRESENTATION_CONTEXT(2) 
PARAMETRIC_REPRESENTATION_CONTEXT() REPRESENTATION_CONTEXT('2D SPACE',''
  ) );
#9874 = ORIENTED_EDGE('',*,*,#8493,.F.);
#9875 = ORIENTED_EDGE('',*,*,#9802,.T.);
#9876 = ORIENTED_EDGE('',*,*,#7654,.F.);
#9877 = ADVANCED_FACE('',(#9878),#7722,.F.);
#9878 = FACE_BOUND('',#9879,.F.);
#9879 = EDGE_LOOP('',(#9880,#9881,#9902,#9903));
#9880 = ORIENTED_EDGE('',*,*,#8540,.F.);
#9881 = ORIENTED_EDGE('',*,*,#9882,.T.);
#9882 = EDGE_CURVE('',#8517,#7686,#9883,.T.);
#9883 = SURFACE_CURVE('',#9884,(#9888,#9895),.PCURVE_S1.);
#9884 = LINE('',#9885,#9886);
#9885 = CARTESIAN_POINT('',(344.1125,140.4109357712,28.181319559343));
#9886 = VECTOR('',#9887,1.);
#9887 = DIRECTION('',(0.,-0.104528463268,0.994521895368));
#9888 = PCURVE('',#7722,#9889);
#9889 = DEFINITIONAL_REPRESENTATION('',(#9890),#9894);
#9890 = LINE('',#9891,#9892);
#9891 = CARTESIAN_POINT('',(-1.7763568394E-15,-128.0875));
#9892 = VECTOR('',#9893,1.);
#9893 = DIRECTION('',(1.,0.));
#9894 = ( GEOMETRIC_REPRESENTATION_CONTEXT(2) 
PARAMETRIC_REPRESENTATION_CONTEXT() REPRESENTATION_CONTEXT('2D SPACE',''
  ) );
#9895 = PCURVE('',#7755,#9896);
#9896 = DEFINITIONAL_REPRESENTATION('',(#9897),#9901);
#9897 = LINE('',#9898,#9899);
#9898 = CARTESIAN_POINT('',(0.,0.));
#9899 = VECTOR('',#9900,1.);
#9900 = DIRECTION('',(0.,1.));
#9901 = ( GEOMETRIC_REPRESENTATION_CONTEXT(2) 
PARAMETRIC_REPRESENTATION_CONTEXT() REPRESENTATION_CONTEXT('2D SPACE',''
  ) );
#9902 = ORIENTED_EDGE('',*,*,#7708,.F.);
#9903 = ORIENTED_EDGE('',*,*,#9827,.F.);
#9904 = ADVANCED_FACE('',(#9905),#7755,.F.);
#9905 = FACE_BOUND('',#9906,.F.);
#9906 = EDGE_LOOP('',(#9907,#9908,#9909,#9910));
#9907 = ORIENTED_EDGE('',*,*,#9882,.F.);
#9908 = ORIENTED_EDGE('',*,*,#8516,.T.);
#9909 = ORIENTED_EDGE('',*,*,#9854,.T.);
#9910 = ORIENTED_EDGE('',*,*,#7740,.F.);
#9911 = ADVANCED_FACE('',(#9912),#8383,.F.);
#9912 = FACE_BOUND('',#9913,.F.);
#9913 = EDGE_LOOP('',(#9914,#9915,#9916,#9917));
#9914 = ORIENTED_EDGE('',*,*,#8669,.F.);
#9915 = ORIENTED_EDGE('',*,*,#8611,.F.);
#9916 = ORIENTED_EDGE('',*,*,#8367,.T.);
#9917 = ORIENTED_EDGE('',*,*,#8827,.T.);
#9918 = ADVANCED_FACE('',(#9919),#8304,.T.);
#9919 = FACE_BOUND('',#9920,.T.);
#9920 = EDGE_LOOP('',(#9921,#9922,#9923,#9924));
#9921 = ORIENTED_EDGE('',*,*,#8288,.T.);
#9922 = ORIENTED_EDGE('',*,*,#9072,.T.);
#9923 = ORIENTED_EDGE('',*,*,#9014,.T.);
#9924 = ORIENTED_EDGE('',*,*,#9126,.F.);
#9925 = ADVANCED_FACE('',(#9926),#8227,.T.);
#9926 = FACE_BOUND('',#9927,.T.);
#9927 = EDGE_LOOP('',(#9928,#9929,#9930,#9931));
#9928 = ORIENTED_EDGE('',*,*,#8211,.T.);
#9929 = ORIENTED_EDGE('',*,*,#9342,.T.);
#9930 = ORIENTED_EDGE('',*,*,#9284,.T.);
#9931 = ORIENTED_EDGE('',*,*,#9396,.F.);
#9932 = ADVANCED_FACE('',(#9933),#8150,.T.);
#9933 = FACE_BOUND('',#9934,.T.);
#9934 = EDGE_LOOP('',(#9935,#9936,#9937,#9938));
#9935 = ORIENTED_EDGE('',*,*,#8134,.T.);
#9936 = ORIENTED_EDGE('',*,*,#9504,.T.);
#9937 = ORIENTED_EDGE('',*,*,#9446,.T.);
#9938 = ORIENTED_EDGE('',*,*,#9639,.F.);
#9939 = ADVANCED_FACE('',(#9940),#8071,.T.);
#9940 = FACE_BOUND('',#9941,.T.);
#9941 = EDGE_LOOP('',(#9942,#9943,#9944,#9945));
#9942 = ORIENTED_EDGE('',*,*,#9529,.F.);
#9943 = ORIENTED_EDGE('',*,*,#9610,.F.);
#9944 = ORIENTED_EDGE('',*,*,#8055,.T.);
#9945 = ORIENTED_EDGE('',*,*,#9664,.T.);
#9946 = ADVANCED_FACE('',(#9947),#7992,.F.);
#9947 = FACE_BOUND('',#9948,.F.);
#9948 = EDGE_LOOP('',(#9949,#9950,#9951,#9952));
#9949 = ORIENTED_EDGE('',*,*,#7976,.T.);
#9950 = ORIENTED_EDGE('',*,*,#9234,.T.);
#9951 = ORIENTED_EDGE('',*,*,#9180,.T.);
#9952 = ORIENTED_EDGE('',*,*,#9369,.F.);
#9953 = ADVANCED_FACE('',(#9954),#7915,.F.);
#9954 = FACE_BOUND('',#9955,.F.);
#9955 = EDGE_LOOP('',(#9956,#9957,#9958,#9959));
#9956 = ORIENTED_EDGE('',*,*,#7899,.T.);
#9957 = ORIENTED_EDGE('',*,*,#8964,.T.);
#9958 = ORIENTED_EDGE('',*,*,#8910,.T.);
#9959 = ORIENTED_EDGE('',*,*,#9099,.F.);
#9960 = ADVANCED_FACE('',(#9961),#7838,.F.);
#9961 = FACE_BOUND('',#9962,.F.);
#9962 = EDGE_LOOP('',(#9963,#9964,#9965,#9966));
#9963 = ORIENTED_EDGE('',*,*,#7822,.T.);
#9964 = ORIENTED_EDGE('',*,*,#8802,.T.);
#9965 = ORIENTED_EDGE('',*,*,#8748,.T.);
#9966 = ORIENTED_EDGE('',*,*,#8856,.F.);
#9967 = ( GEOMETRIC_REPRESENTATION_CONTEXT(3) 
GLOBAL_UNCERTAINTY_ASSIGNED_CONTEXT((#9971)) 
GLOBAL_UNIT_ASSIGNED_CONTEXT((#9968,#9969,#9970)) REPRESENTATION_CONTEXT
('Context #1','3D Context with UNIT and UNCERTAINTY') );
#9968 = ( LENGTH_UNIT() NAMED_UNIT(*) SI_UNIT(.MILLI.,.METRE.) );
#9969 = ( NAMED_UNIT(*) PLANE_ANGLE_UNIT() SI_UNIT($,.RADIAN.) );
#9970 = ( NAMED_UNIT(*) SI_UNIT($,.STERADIAN.) SOLID_ANGLE_UNIT() );
#9971 = UNCERTAINTY_MEASURE_WITH_UNIT(LENGTH_MEASURE(1.E-07),#9968,
  'distance_accuracy_value','confusion accuracy');
#9972 = PRODUCT_RELATED_PRODUCT_CATEGORY('part',$,(#7));
ENDSEC;
END-ISO-10303-21;
